data;lat;lon;precip_mm
2026-01-01;-7.75;-41.25;21.82488059997559
2026-01-01;-7.75;-40.75;12.84318542480469
2026-01-01;-7.75;-40.25;1.573323726654053
2026-01-01;-7.75;-39.75;0.4056210219860077
2026-01-01;-7.75;-39.25;0.7216446399688721
2026-01-01;-7.75;-38.75;0.2137796729803085
2026-01-01;-7.75;-38.25;0.0
2026-01-01;-7.75;-37.75;0.0
2026-01-01;-7.75;-37.25;0.0
2026-01-01;-7.25;-41.25;40.33029937744141
2026-01-01;-7.25;-40.75;16.53685569763184
2026-01-01;-7.25;-40.25;0.4691787660121918
2026-01-01;-7.25;-39.75;0.345670223236084
2026-01-01;-7.25;-39.25;1.28235387802124
2026-01-01;-7.25;-38.75;0.0
2026-01-01;-7.25;-38.25;0.0
2026-01-01;-7.25;-37.75;0.0
2026-01-01;-7.25;-37.25;0.0
2026-01-01;-6.75;-41.25;70.60887908935547
2026-01-01;-6.75;-40.75;37.53482437133789
2026-01-01;-6.75;-40.25;0.0
2026-01-01;-6.75;-39.75;0.0
2026-01-01;-6.75;-39.25;0.0
2026-01-01;-6.75;-38.75;0.0
2026-01-01;-6.75;-38.25;0.0
2026-01-01;-6.75;-37.75;0.0
2026-01-01;-6.75;-37.25;0.0
2026-01-01;-6.25;-41.25;73.0915298461914
2026-01-01;-6.25;-40.75;40.44753265380859
2026-01-01;-6.25;-40.25;0.0
2026-01-01;-6.25;-39.75;0.0
2026-01-01;-6.25;-39.25;0.0
2026-01-01;-6.25;-38.75;0.0
2026-01-01;-6.25;-38.25;0.0
2026-01-01;-6.25;-37.75;0.0
2026-01-01;-6.25;-37.25;0.0
2026-01-01;-5.75;-41.25;34.57061767578125
2026-01-01;-5.75;-40.75;10.44678115844727
2026-01-01;-5.75;-40.25;0.0
2026-01-01;-5.75;-39.75;0.0
2026-01-01;-5.75;-39.25;0.0
2026-01-01;-5.75;-38.75;0.0
2026-01-01;-5.75;-38.25;0.0
2026-01-01;-5.75;-37.75;0.0
2026-01-01;-5.75;-37.25;0.0
2026-01-01;-5.25;-41.25;3.584951639175415
2026-01-01;-5.25;-40.75;0.2170797735452652
2026-01-01;-5.25;-40.25;0.0
2026-01-01;-5.25;-39.75;0.0
2026-01-01;-5.25;-39.25;0.0
2026-01-01;-5.25;-38.75;0.0
2026-01-01;-5.25;-38.25;0.0
2026-01-01;-5.25;-37.75;0.0
2026-01-01;-5.25;-37.25;0.0
2026-01-01;-4.75;-41.25;0.0
2026-01-01;-4.75;-40.75;0.0
2026-01-01;-4.75;-40.25;0.0
2026-01-01;-4.75;-39.75;0.0
2026-01-01;-4.75;-39.25;0.0
2026-01-01;-4.75;-38.75;0.0
2026-01-01;-4.75;-38.25;0.0
2026-01-01;-4.75;-37.75;0.0
2026-01-01;-4.75;-37.25;0.0
2026-01-01;-4.25;-41.25;0.0
2026-01-01;-4.25;-40.75;0.0
2026-01-01;-4.25;-40.25;0.0
2026-01-01;-4.25;-39.75;0.0
2026-01-01;-4.25;-39.25;0.0
2026-01-01;-4.25;-38.75;0.0
2026-01-01;-4.25;-38.25;0.0
2026-01-01;-4.25;-37.75;0.0
2026-01-01;-4.25;-37.25;
2026-01-01;-3.75;-41.25;0.0
2026-01-01;-3.75;-40.75;0.0
2026-01-01;-3.75;-40.25;0.0
2026-01-01;-3.75;-39.75;0.0
2026-01-01;-3.75;-39.25;0.0
2026-01-01;-3.75;-38.75;0.0
2026-01-01;-3.75;-38.25;0.0
2026-01-01;-3.75;-37.75;
2026-01-01;-3.75;-37.25;
2026-01-01;-3.25;-41.25;0.0
2026-01-01;-3.25;-40.75;0.0
2026-01-01;-3.25;-40.25;0.0
2026-01-01;-3.25;-39.75;0.0
2026-01-01;-3.25;-39.25;0.0
2026-01-01;-3.25;-38.75;0.0
2026-01-01;-3.25;-38.25;
2026-01-01;-3.25;-37.75;
2026-01-01;-3.25;-37.25;
2026-01-01;-2.75;-41.25;0.0
2026-01-01;-2.75;-40.75;0.0
2026-01-01;-2.75;-40.25;0.0
2026-01-01;-2.75;-39.75;0.0
2026-01-01;-2.75;-39.25;
2026-01-01;-2.75;-38.75;
2026-01-01;-2.75;-38.25;
2026-01-01;-2.75;-37.75;
2026-01-01;-2.75;-37.25;
2026-01-02;-7.75;-41.25;25.94404792785645
2026-01-02;-7.75;-40.75;19.27737998962402
2026-01-02;-7.75;-40.25;2.425567626953125
2026-01-02;-7.75;-39.75;0.3422684669494629
2026-01-02;-7.75;-39.25;0.3668102920055389
2026-01-02;-7.75;-38.75;0.0
2026-01-02;-7.75;-38.25;0.0
2026-01-02;-7.75;-37.75;0.0
2026-01-02;-7.75;-37.25;0.0
2026-01-02;-7.25;-41.25;12.12199115753174
2026-01-02;-7.25;-40.75;10.82715606689453
2026-01-02;-7.25;-40.25;0.7190594673156738
2026-01-02;-7.25;-39.75;0.0
2026-01-02;-7.25;-39.25;0.0
2026-01-02;-7.25;-38.75;0.0
2026-01-02;-7.25;-38.25;0.0
2026-01-02;-7.25;-37.75;0.0
2026-01-02;-7.25;-37.25;0.0
2026-01-02;-6.75;-41.25;1.323593974113464
2026-01-02;-6.75;-40.75;0.7609221339225769
2026-01-02;-6.75;-40.25;0.0
2026-01-02;-6.75;-39.75;0.0
2026-01-02;-6.75;-39.25;0.0
2026-01-02;-6.75;-38.75;0.0
2026-01-02;-6.75;-38.25;0.0
2026-01-02;-6.75;-37.75;0.0
2026-01-02;-6.75;-37.25;0.0
2026-01-02;-6.25;-41.25;0.0
2026-01-02;-6.25;-40.75;0.0
2026-01-02;-6.25;-40.25;0.0
2026-01-02;-6.25;-39.75;0.0
2026-01-02;-6.25;-39.25;0.0
2026-01-02;-6.25;-38.75;0.0
2026-01-02;-6.25;-38.25;0.0
2026-01-02;-6.25;-37.75;0.0
2026-01-02;-6.25;-37.25;0.0
2026-01-02;-5.75;-41.25;0.0
2026-01-02;-5.75;-40.75;0.0
2026-01-02;-5.75;-40.25;0.4856200814247131
2026-01-02;-5.75;-39.75;1.031192779541016
2026-01-02;-5.75;-39.25;1.143262386322021
2026-01-02;-5.75;-38.75;0.0
2026-01-02;-5.75;-38.25;0.0
2026-01-02;-5.75;-37.75;0.0
2026-01-02;-5.75;-37.25;0.0
2026-01-02;-5.25;-41.25;0.0
2026-01-02;-5.25;-40.75;0.0
2026-01-02;-5.25;-40.25;0.346077173948288
2026-01-02;-5.25;-39.75;0.477561891078949
2026-01-02;-5.25;-39.25;0.2031653076410294
2026-01-02;-5.25;-38.75;0.0
2026-01-02;-5.25;-38.25;0.0
2026-01-02;-5.25;-37.75;0.0
2026-01-02;-5.25;-37.25;0.0
2026-01-02;-4.75;-41.25;0.0
2026-01-02;-4.75;-40.75;0.0
2026-01-02;-4.75;-40.25;0.0
2026-01-02;-4.75;-39.75;0.0
2026-01-02;-4.75;-39.25;0.0
2026-01-02;-4.75;-38.75;0.0
2026-01-02;-4.75;-38.25;0.0
2026-01-02;-4.75;-37.75;0.0
2026-01-02;-4.75;-37.25;0.0
2026-01-02;-4.25;-41.25;0.0
2026-01-02;-4.25;-40.75;0.0
2026-01-02;-4.25;-40.25;0.0
2026-01-02;-4.25;-39.75;0.0
2026-01-02;-4.25;-39.25;0.0
2026-01-02;-4.25;-38.75;0.0
2026-01-02;-4.25;-38.25;0.0
2026-01-02;-4.25;-37.75;0.0
2026-01-02;-4.25;-37.25;
2026-01-02;-3.75;-41.25;0.0
2026-01-02;-3.75;-40.75;0.0
2026-01-02;-3.75;-40.25;0.0
2026-01-02;-3.75;-39.75;0.0
2026-01-02;-3.75;-39.25;0.0
2026-01-02;-3.75;-38.75;0.0
2026-01-02;-3.75;-38.25;0.0
2026-01-02;-3.75;-37.75;
2026-01-02;-3.75;-37.25;
2026-01-02;-3.25;-41.25;0.0
2026-01-02;-3.25;-40.75;0.0
2026-01-02;-3.25;-40.25;0.0
2026-01-02;-3.25;-39.75;0.0
2026-01-02;-3.25;-39.25;0.0
2026-01-02;-3.25;-38.75;0.0
2026-01-02;-3.25;-38.25;
2026-01-02;-3.25;-37.75;
2026-01-02;-3.25;-37.25;
2026-01-02;-2.75;-41.25;0.0
2026-01-02;-2.75;-40.75;0.0
2026-01-02;-2.75;-40.25;0.0
2026-01-02;-2.75;-39.75;0.0
2026-01-02;-2.75;-39.25;
2026-01-02;-2.75;-38.75;
2026-01-02;-2.75;-38.25;
2026-01-02;-2.75;-37.75;
2026-01-02;-2.75;-37.25;
2026-01-03;-7.75;-41.25;11.31404876708984
2026-01-03;-7.75;-40.75;0.7601801156997681
2026-01-03;-7.75;-40.25;0.0
2026-01-03;-7.75;-39.75;0.0
2026-01-03;-7.75;-39.25;0.0
2026-01-03;-7.75;-38.75;0.0
2026-01-03;-7.75;-38.25;0.0
2026-01-03;-7.75;-37.75;0.0
2026-01-03;-7.75;-37.25;0.0
2026-01-03;-7.25;-41.25;45.25323867797852
2026-01-03;-7.25;-40.75;6.693073749542236
2026-01-03;-7.25;-40.25;0.0
2026-01-03;-7.25;-39.75;0.0
2026-01-03;-7.25;-39.25;0.0
2026-01-03;-7.25;-38.75;0.0
2026-01-03;-7.25;-38.25;0.0
2026-01-03;-7.25;-37.75;0.0
2026-01-03;-7.25;-37.25;0.0
2026-01-03;-6.75;-41.25;39.23722457885742
2026-01-03;-6.75;-40.75;10.10092258453369
2026-01-03;-6.75;-40.25;0.0
2026-01-03;-6.75;-39.75;0.0
2026-01-03;-6.75;-39.25;0.0
2026-01-03;-6.75;-38.75;0.0
2026-01-03;-6.75;-38.25;0.0
2026-01-03;-6.75;-37.75;0.0
2026-01-03;-6.75;-37.25;0.6176373362541199
2026-01-03;-6.25;-41.25;13.89872264862061
2026-01-03;-6.25;-40.75;3.776525974273682
2026-01-03;-6.25;-40.25;0.0
2026-01-03;-6.25;-39.75;0.0
2026-01-03;-6.25;-39.25;0.0
2026-01-03;-6.25;-38.75;0.0
2026-01-03;-6.25;-38.25;0.0
2026-01-03;-6.25;-37.75;0.0
2026-01-03;-6.25;-37.25;0.2782195508480072
2026-01-03;-5.75;-41.25;1.280496001243591
2026-01-03;-5.75;-40.75;0.0
2026-01-03;-5.75;-40.25;0.0
2026-01-03;-5.75;-39.75;0.0
2026-01-03;-5.75;-39.25;0.0
2026-01-03;-5.75;-38.75;0.0
2026-01-03;-5.75;-38.25;0.0
2026-01-03;-5.75;-37.75;0.0
2026-01-03;-5.75;-37.25;0.0
2026-01-03;-5.25;-41.25;0.0
2026-01-03;-5.25;-40.75;0.0
2026-01-03;-5.25;-40.25;0.0
2026-01-03;-5.25;-39.75;0.0
2026-01-03;-5.25;-39.25;0.0
2026-01-03;-5.25;-38.75;0.0
2026-01-03;-5.25;-38.25;0.0
2026-01-03;-5.25;-37.75;0.0
2026-01-03;-5.25;-37.25;0.0
2026-01-03;-4.75;-41.25;0.0
2026-01-03;-4.75;-40.75;0.0
2026-01-03;-4.75;-40.25;0.0
2026-01-03;-4.75;-39.75;0.0
2026-01-03;-4.75;-39.25;0.0
2026-01-03;-4.75;-38.75;0.0
2026-01-03;-4.75;-38.25;0.0
2026-01-03;-4.75;-37.75;0.0
2026-01-03;-4.75;-37.25;0.0
2026-01-03;-4.25;-41.25;0.0
2026-01-03;-4.25;-40.75;0.0
2026-01-03;-4.25;-40.25;0.0
2026-01-03;-4.25;-39.75;0.0
2026-01-03;-4.25;-39.25;0.0
2026-01-03;-4.25;-38.75;0.0
2026-01-03;-4.25;-38.25;0.0
2026-01-03;-4.25;-37.75;0.0
2026-01-03;-4.25;-37.25;
2026-01-03;-3.75;-41.25;0.0
2026-01-03;-3.75;-40.75;0.0
2026-01-03;-3.75;-40.25;0.0
2026-01-03;-3.75;-39.75;0.0
2026-01-03;-3.75;-39.25;0.0
2026-01-03;-3.75;-38.75;0.0
2026-01-03;-3.75;-38.25;0.0
2026-01-03;-3.75;-37.75;
2026-01-03;-3.75;-37.25;
2026-01-03;-3.25;-41.25;0.0
2026-01-03;-3.25;-40.75;0.0
2026-01-03;-3.25;-40.25;0.0
2026-01-03;-3.25;-39.75;0.0
2026-01-03;-3.25;-39.25;0.0
2026-01-03;-3.25;-38.75;0.0
2026-01-03;-3.25;-38.25;
2026-01-03;-3.25;-37.75;
2026-01-03;-3.25;-37.25;
2026-01-03;-2.75;-41.25;0.0
2026-01-03;-2.75;-40.75;0.0
2026-01-03;-2.75;-40.25;0.0
2026-01-03;-2.75;-39.75;0.0
2026-01-03;-2.75;-39.25;
2026-01-03;-2.75;-38.75;
2026-01-03;-2.75;-38.25;
2026-01-03;-2.75;-37.75;
2026-01-03;-2.75;-37.25;
2026-01-04;-7.75;-41.25;31.14309310913086
2026-01-04;-7.75;-40.75;0.6755826473236084
2026-01-04;-7.75;-40.25;0.0
2026-01-04;-7.75;-39.75;0.6625917553901672
2026-01-04;-7.75;-39.25;0.7214381098747253
2026-01-04;-7.75;-38.75;0.2431860417127609
2026-01-04;-7.75;-38.25;0.0
2026-01-04;-7.75;-37.75;0.0
2026-01-04;-7.75;-37.25;0.0
2026-01-04;-7.25;-41.25;4.796398639678955
2026-01-04;-7.25;-40.75;0.0
2026-01-04;-7.25;-40.25;0.0
2026-01-04;-7.25;-39.75;0.0
2026-01-04;-7.25;-39.25;0.0
2026-01-04;-7.25;-38.75;0.0
2026-01-04;-7.25;-38.25;0.0
2026-01-04;-7.25;-37.75;0.0
2026-01-04;-7.25;-37.25;0.0
2026-01-04;-6.75;-41.25;1.397798538208008
2026-01-04;-6.75;-40.75;0.7038187980651855
2026-01-04;-6.75;-40.25;0.0
2026-01-04;-6.75;-39.75;0.0
2026-01-04;-6.75;-39.25;0.0
2026-01-04;-6.75;-38.75;0.0
2026-01-04;-6.75;-38.25;0.0
2026-01-04;-6.75;-37.75;0.0
2026-01-04;-6.75;-37.25;0.0
2026-01-04;-6.25;-41.25;1.46811044216156
2026-01-04;-6.25;-40.75;0.7487195730209351
2026-01-04;-6.25;-40.25;0.0
2026-01-04;-6.25;-39.75;0.0
2026-01-04;-6.25;-39.25;0.0
2026-01-04;-6.25;-38.75;0.0
2026-01-04;-6.25;-38.25;0.0
2026-01-04;-6.25;-37.75;0.0
2026-01-04;-6.25;-37.25;0.0
2026-01-04;-5.75;-41.25;0.2603515684604645
2026-01-04;-5.75;-40.75;0.0
2026-01-04;-5.75;-40.25;0.0
2026-01-04;-5.75;-39.75;0.0
2026-01-04;-5.75;-39.25;0.0
2026-01-04;-5.75;-38.75;0.0
2026-01-04;-5.75;-38.25;0.0
2026-01-04;-5.75;-37.75;0.0
2026-01-04;-5.75;-37.25;0.0
2026-01-04;-5.25;-41.25;0.0
2026-01-04;-5.25;-40.75;0.0
2026-01-04;-5.25;-40.25;0.0
2026-01-04;-5.25;-39.75;0.0
2026-01-04;-5.25;-39.25;0.0
2026-01-04;-5.25;-38.75;0.0
2026-01-04;-5.25;-38.25;0.0
2026-01-04;-5.25;-37.75;0.0
2026-01-04;-5.25;-37.25;0.0
2026-01-04;-4.75;-41.25;0.0
2026-01-04;-4.75;-40.75;0.0
2026-01-04;-4.75;-40.25;0.0
2026-01-04;-4.75;-39.75;0.0
2026-01-04;-4.75;-39.25;0.0
2026-01-04;-4.75;-38.75;0.0
2026-01-04;-4.75;-38.25;0.0
2026-01-04;-4.75;-37.75;0.0
2026-01-04;-4.75;-37.25;0.0
2026-01-04;-4.25;-41.25;0.0
2026-01-04;-4.25;-40.75;0.0
2026-01-04;-4.25;-40.25;0.0
2026-01-04;-4.25;-39.75;0.0
2026-01-04;-4.25;-39.25;0.0
2026-01-04;-4.25;-38.75;0.0
2026-01-04;-4.25;-38.25;0.0
2026-01-04;-4.25;-37.75;0.0
2026-01-04;-4.25;-37.25;
2026-01-04;-3.75;-41.25;0.0
2026-01-04;-3.75;-40.75;0.0
2026-01-04;-3.75;-40.25;0.0
2026-01-04;-3.75;-39.75;0.0
2026-01-04;-3.75;-39.25;0.0
2026-01-04;-3.75;-38.75;0.0
2026-01-04;-3.75;-38.25;0.0
2026-01-04;-3.75;-37.75;
2026-01-04;-3.75;-37.25;
2026-01-04;-3.25;-41.25;0.0
2026-01-04;-3.25;-40.75;0.0
2026-01-04;-3.25;-40.25;0.0
2026-01-04;-3.25;-39.75;0.0
2026-01-04;-3.25;-39.25;0.0
2026-01-04;-3.25;-38.75;0.0
2026-01-04;-3.25;-38.25;
2026-01-04;-3.25;-37.75;
2026-01-04;-3.25;-37.25;
2026-01-04;-2.75;-41.25;0.0
2026-01-04;-2.75;-40.75;0.0
2026-01-04;-2.75;-40.25;0.0
2026-01-04;-2.75;-39.75;0.0
2026-01-04;-2.75;-39.25;
2026-01-04;-2.75;-38.75;
2026-01-04;-2.75;-38.25;
2026-01-04;-2.75;-37.75;
2026-01-04;-2.75;-37.25;
2026-01-05;-7.75;-41.25;6.002671241760254
2026-01-05;-7.75;-40.75;3.526637554168701
2026-01-05;-7.75;-40.25;0.0
2026-01-05;-7.75;-39.75;0.8510500192642212
2026-01-05;-7.75;-39.25;0.9007695913314819
2026-01-05;-7.75;-38.75;0.2625146210193634
2026-01-05;-7.75;-38.25;0.2857325673103333
2026-01-05;-7.75;-37.75;0.9075279831886292
2026-01-05;-7.75;-37.25;0.4515009522438049
2026-01-05;-7.25;-41.25;1.789543032646179
2026-01-05;-7.25;-40.75;1.340817928314209
2026-01-05;-7.25;-40.25;0.0
2026-01-05;-7.25;-39.75;0.0
2026-01-05;-7.25;-39.25;0.0
2026-01-05;-7.25;-38.75;0.0
2026-01-05;-7.25;-38.25;2.381605625152588
2026-01-05;-7.25;-37.75;8.831439971923828
2026-01-05;-7.25;-37.25;0.9118764996528625
2026-01-05;-6.75;-41.25;0.0
2026-01-05;-6.75;-40.75;0.0
2026-01-05;-6.75;-40.25;0.0
2026-01-05;-6.75;-39.75;0.0
2026-01-05;-6.75;-39.25;0.0
2026-01-05;-6.75;-38.75;0.0
2026-01-05;-6.75;-38.25;5.710954666137695
2026-01-05;-6.75;-37.75;10.32638740539551
2026-01-05;-6.75;-37.25;0.3520287275314331
2026-01-05;-6.25;-41.25;0.0
2026-01-05;-6.25;-40.75;0.0
2026-01-05;-6.25;-40.25;0.0
2026-01-05;-6.25;-39.75;0.0
2026-01-05;-6.25;-39.25;0.0
2026-01-05;-6.25;-38.75;0.0
2026-01-05;-6.25;-38.25;0.848264753818512
2026-01-05;-6.25;-37.75;0.7728602886199951
2026-01-05;-6.25;-37.25;0.0
2026-01-05;-5.75;-41.25;0.0
2026-01-05;-5.75;-40.75;0.0
2026-01-05;-5.75;-40.25;0.0
2026-01-05;-5.75;-39.75;0.0
2026-01-05;-5.75;-39.25;0.0
2026-01-05;-5.75;-38.75;0.0
2026-01-05;-5.75;-38.25;0.0
2026-01-05;-5.75;-37.75;0.4010202586650848
2026-01-05;-5.75;-37.25;0.0
2026-01-05;-5.25;-41.25;0.0
2026-01-05;-5.25;-40.75;0.0
2026-01-05;-5.25;-40.25;0.0
2026-01-05;-5.25;-39.75;0.0
2026-01-05;-5.25;-39.25;0.0
2026-01-05;-5.25;-38.75;0.0
2026-01-05;-5.25;-38.25;0.2920703887939453
2026-01-05;-5.25;-37.75;2.234416007995605
2026-01-05;-5.25;-37.25;0.2049267739057541
2026-01-05;-4.75;-41.25;0.0
2026-01-05;-4.75;-40.75;0.0
2026-01-05;-4.75;-40.25;0.0
2026-01-05;-4.75;-39.75;0.0
2026-01-05;-4.75;-39.25;0.0
2026-01-05;-4.75;-38.75;0.0
2026-01-05;-4.75;-38.25;0.2359687685966492
2026-01-05;-4.75;-37.75;0.2949017584323883
2026-01-05;-4.75;-37.25;0.0
2026-01-05;-4.25;-41.25;0.0
2026-01-05;-4.25;-40.75;0.0
2026-01-05;-4.25;-40.25;0.0
2026-01-05;-4.25;-39.75;0.0
2026-01-05;-4.25;-39.25;0.0
2026-01-05;-4.25;-38.75;0.0
2026-01-05;-4.25;-38.25;0.0
2026-01-05;-4.25;-37.75;0.0
2026-01-05;-4.25;-37.25;
2026-01-05;-3.75;-41.25;0.0
2026-01-05;-3.75;-40.75;0.0
2026-01-05;-3.75;-40.25;0.0
2026-01-05;-3.75;-39.75;0.0
2026-01-05;-3.75;-39.25;0.0
2026-01-05;-3.75;-38.75;0.0
2026-01-05;-3.75;-38.25;0.0
2026-01-05;-3.75;-37.75;
2026-01-05;-3.75;-37.25;
2026-01-05;-3.25;-41.25;0.0
2026-01-05;-3.25;-40.75;0.0
2026-01-05;-3.25;-40.25;0.0
2026-01-05;-3.25;-39.75;0.0
2026-01-05;-3.25;-39.25;0.0
2026-01-05;-3.25;-38.75;0.0
2026-01-05;-3.25;-38.25;
2026-01-05;-3.25;-37.75;
2026-01-05;-3.25;-37.25;
2026-01-05;-2.75;-41.25;0.0
2026-01-05;-2.75;-40.75;0.0
2026-01-05;-2.75;-40.25;0.0
2026-01-05;-2.75;-39.75;0.0
2026-01-05;-2.75;-39.25;
2026-01-05;-2.75;-38.75;
2026-01-05;-2.75;-38.25;
2026-01-05;-2.75;-37.75;
2026-01-05;-2.75;-37.25;
2026-01-06;-7.75;-41.25;0.6995441913604736
2026-01-06;-7.75;-40.75;0.0
2026-01-06;-7.75;-40.25;0.0
2026-01-06;-7.75;-39.75;0.2837798893451691
2026-01-06;-7.75;-39.25;0.2269232869148254
2026-01-06;-7.75;-38.75;0.0
2026-01-06;-7.75;-38.25;1.04860508441925
2026-01-06;-7.75;-37.75;2.853792428970337
2026-01-06;-7.75;-37.25;0.0
2026-01-06;-7.25;-41.25;12.65999412536621
2026-01-06;-7.25;-40.75;3.43004035949707
2026-01-06;-7.25;-40.25;0.0
2026-01-06;-7.25;-39.75;0.0
2026-01-06;-7.25;-39.25;0.0
2026-01-06;-7.25;-38.75;0.0
2026-01-06;-7.25;-38.25;8.554190635681152
2026-01-06;-7.25;-37.75;31.70735931396484
2026-01-06;-7.25;-37.25;3.266962051391602
2026-01-06;-6.75;-41.25;24.9073486328125
2026-01-06;-6.75;-40.75;12.91458129882812
2026-01-06;-6.75;-40.25;0.0
2026-01-06;-6.75;-39.75;0.0
2026-01-06;-6.75;-39.25;0.0
2026-01-06;-6.75;-38.75;0.0
2026-01-06;-6.75;-38.25;20.48919486999512
2026-01-06;-6.75;-37.75;37.10898590087891
2026-01-06;-6.75;-37.25;1.260320544242859
2026-01-06;-6.25;-41.25;22.84134292602539
2026-01-06;-6.25;-40.75;13.6221866607666
2026-01-06;-6.25;-40.25;0.0
2026-01-06;-6.25;-39.75;0.0
2026-01-06;-6.25;-39.25;0.0
2026-01-06;-6.25;-38.75;0.0
2026-01-06;-6.25;-38.25;3.033701658248901
2026-01-06;-6.25;-37.75;3.083766460418701
2026-01-06;-6.25;-37.25;0.0
2026-01-06;-5.75;-41.25;7.715170860290527
2026-01-06;-5.75;-40.75;3.091422557830811
2026-01-06;-5.75;-40.25;0.0
2026-01-06;-5.75;-39.75;0.0
2026-01-06;-5.75;-39.25;0.0
2026-01-06;-5.75;-38.75;0.0
2026-01-06;-5.75;-38.25;0.0
2026-01-06;-5.75;-37.75;0.0
2026-01-06;-5.75;-37.25;0.0
2026-01-06;-5.25;-41.25;0.0
2026-01-06;-5.25;-40.75;0.0
2026-01-06;-5.25;-40.25;0.0
2026-01-06;-5.25;-39.75;0.0
2026-01-06;-5.25;-39.25;0.0
2026-01-06;-5.25;-38.75;0.0
2026-01-06;-5.25;-38.25;0.0
2026-01-06;-5.25;-37.75;0.0
2026-01-06;-5.25;-37.25;0.0
2026-01-06;-4.75;-41.25;0.0
2026-01-06;-4.75;-40.75;0.0
2026-01-06;-4.75;-40.25;0.0
2026-01-06;-4.75;-39.75;0.0
2026-01-06;-4.75;-39.25;0.0
2026-01-06;-4.75;-38.75;0.0
2026-01-06;-4.75;-38.25;0.0
2026-01-06;-4.75;-37.75;0.0
2026-01-06;-4.75;-37.25;0.0
2026-01-06;-4.25;-41.25;0.0
2026-01-06;-4.25;-40.75;0.0
2026-01-06;-4.25;-40.25;0.0
2026-01-06;-4.25;-39.75;0.0
2026-01-06;-4.25;-39.25;0.0
2026-01-06;-4.25;-38.75;0.0
2026-01-06;-4.25;-38.25;0.0
2026-01-06;-4.25;-37.75;0.0
2026-01-06;-4.25;-37.25;
2026-01-06;-3.75;-41.25;0.0
2026-01-06;-3.75;-40.75;0.0
2026-01-06;-3.75;-40.25;0.0
2026-01-06;-3.75;-39.75;0.0
2026-01-06;-3.75;-39.25;0.0
2026-01-06;-3.75;-38.75;0.0
2026-01-06;-3.75;-38.25;0.0
2026-01-06;-3.75;-37.75;
2026-01-06;-3.75;-37.25;
2026-01-06;-3.25;-41.25;0.0
2026-01-06;-3.25;-40.75;0.0
2026-01-06;-3.25;-40.25;0.0
2026-01-06;-3.25;-39.75;0.0
2026-01-06;-3.25;-39.25;0.0
2026-01-06;-3.25;-38.75;0.0
2026-01-06;-3.25;-38.25;
2026-01-06;-3.25;-37.75;
2026-01-06;-3.25;-37.25;
2026-01-06;-2.75;-41.25;0.0
2026-01-06;-2.75;-40.75;0.0
2026-01-06;-2.75;-40.25;0.0
2026-01-06;-2.75;-39.75;0.0
2026-01-06;-2.75;-39.25;
2026-01-06;-2.75;-38.75;
2026-01-06;-2.75;-38.25;
2026-01-06;-2.75;-37.75;
2026-01-06;-2.75;-37.25;
2026-01-07;-7.75;-41.25;25.8548755645752
2026-01-07;-7.75;-40.75;0.4569680988788605
2026-01-07;-7.75;-40.25;0.0
2026-01-07;-7.75;-39.75;0.6474829316139221
2026-01-07;-7.75;-39.25;0.697925865650177
2026-01-07;-7.75;-38.75;0.2171828746795654
2026-01-07;-7.75;-38.25;0.0
2026-01-07;-7.75;-37.75;0.0
2026-01-07;-7.75;-37.25;0.0
2026-01-07;-7.25;-41.25;20.35138320922852
2026-01-07;-7.25;-40.75;2.061921119689941
2026-01-07;-7.25;-40.25;0.0
2026-01-07;-7.25;-39.75;0.0
2026-01-07;-7.25;-39.25;0.0
2026-01-07;-7.25;-38.75;0.0
2026-01-07;-7.25;-38.25;0.0
2026-01-07;-7.25;-37.75;0.0
2026-01-07;-7.25;-37.25;0.0
2026-01-07;-6.75;-41.25;12.53954124450684
2026-01-07;-6.75;-40.75;2.376019716262817
2026-01-07;-6.75;-40.25;0.0
2026-01-07;-6.75;-39.75;0.0
2026-01-07;-6.75;-39.25;0.0
2026-01-07;-6.75;-38.75;0.0
2026-01-07;-6.75;-38.25;0.0
2026-01-07;-6.75;-37.75;0.0
2026-01-07;-6.75;-37.25;0.0
2026-01-07;-6.25;-41.25;3.00633716583252
2026-01-07;-6.25;-40.75;0.3793393969535828
2026-01-07;-6.25;-40.25;0.0
2026-01-07;-6.25;-39.75;0.0
2026-01-07;-6.25;-39.25;0.0
2026-01-07;-6.25;-38.75;0.0
2026-01-07;-6.25;-38.25;0.0
2026-01-07;-6.25;-37.75;0.0
2026-01-07;-6.25;-37.25;0.0
2026-01-07;-5.75;-41.25;0.0
2026-01-07;-5.75;-40.75;0.0
2026-01-07;-5.75;-40.25;0.0
2026-01-07;-5.75;-39.75;0.0
2026-01-07;-5.75;-39.25;0.0
2026-01-07;-5.75;-38.75;0.0
2026-01-07;-5.75;-38.25;0.0
2026-01-07;-5.75;-37.75;0.0
2026-01-07;-5.75;-37.25;0.0
2026-01-07;-5.25;-41.25;0.0
2026-01-07;-5.25;-40.75;0.0
2026-01-07;-5.25;-40.25;0.0
2026-01-07;-5.25;-39.75;0.0
2026-01-07;-5.25;-39.25;0.0
2026-01-07;-5.25;-38.75;0.0
2026-01-07;-5.25;-38.25;0.0
2026-01-07;-5.25;-37.75;0.0
2026-01-07;-5.25;-37.25;0.0
2026-01-07;-4.75;-41.25;0.0
2026-01-07;-4.75;-40.75;0.0
2026-01-07;-4.75;-40.25;0.0
2026-01-07;-4.75;-39.75;0.0
2026-01-07;-4.75;-39.25;0.0
2026-01-07;-4.75;-38.75;0.0
2026-01-07;-4.75;-38.25;1.279242157936096
2026-01-07;-4.75;-37.75;5.593812465667725
2026-01-07;-4.75;-37.25;3.688201665878296
2026-01-07;-4.25;-41.25;0.0
2026-01-07;-4.25;-40.75;0.0
2026-01-07;-4.25;-40.25;0.0
2026-01-07;-4.25;-39.75;0.0
2026-01-07;-4.25;-39.25;0.0
2026-01-07;-4.25;-38.75;0.0
2026-01-07;-4.25;-38.25;1.309128880500793
2026-01-07;-4.25;-37.75;5.690149307250977
2026-01-07;-4.25;-37.25;
2026-01-07;-3.75;-41.25;0.0
2026-01-07;-3.75;-40.75;0.0
2026-01-07;-3.75;-40.25;0.0
2026-01-07;-3.75;-39.75;0.0
2026-01-07;-3.75;-39.25;0.0
2026-01-07;-3.75;-38.75;0.0
2026-01-07;-3.75;-38.25;0.0
2026-01-07;-3.75;-37.75;
2026-01-07;-3.75;-37.25;
2026-01-07;-3.25;-41.25;0.0
2026-01-07;-3.25;-40.75;0.0
2026-01-07;-3.25;-40.25;0.0
2026-01-07;-3.25;-39.75;0.0
2026-01-07;-3.25;-39.25;0.0
2026-01-07;-3.25;-38.75;0.0
2026-01-07;-3.25;-38.25;
2026-01-07;-3.25;-37.75;
2026-01-07;-3.25;-37.25;
2026-01-07;-2.75;-41.25;0.0
2026-01-07;-2.75;-40.75;0.0
2026-01-07;-2.75;-40.25;0.0
2026-01-07;-2.75;-39.75;0.0
2026-01-07;-2.75;-39.25;
2026-01-07;-2.75;-38.75;
2026-01-07;-2.75;-38.25;
2026-01-07;-2.75;-37.75;
2026-01-07;-2.75;-37.25;
2026-01-08;-7.75;-41.25;0.0
2026-01-08;-7.75;-40.75;0.0
2026-01-08;-7.75;-40.25;0.0
2026-01-08;-7.75;-39.75;0.40614253282547
2026-01-08;-7.75;-39.25;0.3784077167510986
2026-01-08;-7.75;-38.75;0.0
2026-01-08;-7.75;-38.25;1.24384868144989
2026-01-08;-7.75;-37.75;3.383358478546143
2026-01-08;-7.75;-37.25;0.0
2026-01-08;-7.25;-41.25;0.0
2026-01-08;-7.25;-40.75;0.0
2026-01-08;-7.25;-40.25;0.0
2026-01-08;-7.25;-39.75;0.0
2026-01-08;-7.25;-39.25;0.0
2026-01-08;-7.25;-38.75;0.0
2026-01-08;-7.25;-38.25;10.13825988769531
2026-01-08;-7.25;-37.75;37.60460662841797
2026-01-08;-7.25;-37.25;3.883246421813965
2026-01-08;-6.75;-41.25;0.0
2026-01-08;-6.75;-40.75;0.0
2026-01-08;-6.75;-40.25;0.0
2026-01-08;-6.75;-39.75;0.0
2026-01-08;-6.75;-39.25;0.0
2026-01-08;-6.75;-38.75;0.0
2026-01-08;-6.75;-38.25;24.31537818908691
2026-01-08;-6.75;-37.75;43.98039627075195
2026-01-08;-6.75;-37.25;1.499866247177124
2026-01-08;-6.25;-41.25;0.0
2026-01-08;-6.25;-40.75;0.0
2026-01-08;-6.25;-40.25;0.0
2026-01-08;-6.25;-39.75;0.0
2026-01-08;-6.25;-39.25;0.0
2026-01-08;-6.25;-38.75;0.0
2026-01-08;-6.25;-38.25;3.611512184143066
2026-01-08;-6.25;-37.75;3.29069972038269
2026-01-08;-6.25;-37.25;0.0
2026-01-08;-5.75;-41.25;0.0
2026-01-08;-5.75;-40.75;0.0
2026-01-08;-5.75;-40.25;0.0
2026-01-08;-5.75;-39.75;0.0
2026-01-08;-5.75;-39.25;0.0
2026-01-08;-5.75;-38.75;0.0
2026-01-08;-5.75;-38.25;0.0
2026-01-08;-5.75;-37.75;0.0
2026-01-08;-5.75;-37.25;0.0
2026-01-08;-5.25;-41.25;0.0
2026-01-08;-5.25;-40.75;0.0
2026-01-08;-5.25;-40.25;0.0
2026-01-08;-5.25;-39.75;0.0
2026-01-08;-5.25;-39.25;0.0
2026-01-08;-5.25;-38.75;0.0
2026-01-08;-5.25;-38.25;0.0
2026-01-08;-5.25;-37.75;0.0
2026-01-08;-5.25;-37.25;0.0
2026-01-08;-4.75;-41.25;0.0
2026-01-08;-4.75;-40.75;0.0
2026-01-08;-4.75;-40.25;0.0
2026-01-08;-4.75;-39.75;0.0
2026-01-08;-4.75;-39.25;0.0
2026-01-08;-4.75;-38.75;0.0
2026-01-08;-4.75;-38.25;0.0
2026-01-08;-4.75;-37.75;0.0
2026-01-08;-4.75;-37.25;0.0
2026-01-08;-4.25;-41.25;0.0
2026-01-08;-4.25;-40.75;0.0
2026-01-08;-4.25;-40.25;0.0
2026-01-08;-4.25;-39.75;0.0
2026-01-08;-4.25;-39.25;0.0
2026-01-08;-4.25;-38.75;0.0
2026-01-08;-4.25;-38.25;0.0
2026-01-08;-4.25;-37.75;0.0
2026-01-08;-4.25;-37.25;
2026-01-08;-3.75;-41.25;0.0
2026-01-08;-3.75;-40.75;0.0
2026-01-08;-3.75;-40.25;0.0
2026-01-08;-3.75;-39.75;0.0
2026-01-08;-3.75;-39.25;0.0
2026-01-08;-3.75;-38.75;0.0
2026-01-08;-3.75;-38.25;0.0
2026-01-08;-3.75;-37.75;
2026-01-08;-3.75;-37.25;
2026-01-08;-3.25;-41.25;0.0
2026-01-08;-3.25;-40.75;0.0
2026-01-08;-3.25;-40.25;0.0
2026-01-08;-3.25;-39.75;0.0
2026-01-08;-3.25;-39.25;0.0
2026-01-08;-3.25;-38.75;0.0
2026-01-08;-3.25;-38.25;
2026-01-08;-3.25;-37.75;
2026-01-08;-3.25;-37.25;
2026-01-08;-2.75;-41.25;0.0
2026-01-08;-2.75;-40.75;0.0
2026-01-08;-2.75;-40.25;0.0
2026-01-08;-2.75;-39.75;0.0
2026-01-08;-2.75;-39.25;
2026-01-08;-2.75;-38.75;
2026-01-08;-2.75;-38.25;
2026-01-08;-2.75;-37.75;
2026-01-08;-2.75;-37.25;
2026-01-09;-7.75;-41.25;0.0
2026-01-09;-7.75;-40.75;0.0
2026-01-09;-7.75;-40.25;0.0
2026-01-09;-7.75;-39.75;4.649257183074951
2026-01-09;-7.75;-39.25;16.07021522521973
2026-01-09;-7.75;-38.75;11.76437568664551
2026-01-09;-7.75;-38.25;1.867937684059143
2026-01-09;-7.75;-37.75;2.265325307846069
2026-01-09;-7.75;-37.25;0.0
2026-01-09;-7.25;-41.25;0.0
2026-01-09;-7.25;-40.75;0.0
2026-01-09;-7.25;-40.25;0.0
2026-01-09;-7.25;-39.75;0.3133107423782349
2026-01-09;-7.25;-39.25;0.8885846734046936
2026-01-09;-7.25;-38.75;0.2545457780361176
2026-01-09;-7.25;-38.25;6.786966800689697
2026-01-09;-7.25;-37.75;25.1766529083252
2026-01-09;-7.25;-37.25;2.600140571594238
2026-01-09;-6.75;-41.25;0.0
2026-01-09;-6.75;-40.75;0.0
2026-01-09;-6.75;-40.25;0.0
2026-01-09;-6.75;-39.75;0.0
2026-01-09;-6.75;-39.25;0.0
2026-01-09;-6.75;-38.75;0.0
2026-01-09;-6.75;-38.25;16.2784538269043
2026-01-09;-6.75;-37.75;29.44751358032227
2026-01-09;-6.75;-37.25;1.004449486732483
2026-01-09;-6.25;-41.25;0.0
2026-01-09;-6.25;-40.75;0.0
2026-01-09;-6.25;-40.25;0.0
2026-01-09;-6.25;-39.75;0.0
2026-01-09;-6.25;-39.25;0.0
2026-01-09;-6.25;-38.75;0.0
2026-01-09;-6.25;-38.25;2.41779637336731
2026-01-09;-6.25;-37.75;2.203104496002197
2026-01-09;-6.25;-37.25;0.0
2026-01-09;-5.75;-41.25;0.0
2026-01-09;-5.75;-40.75;0.0
2026-01-09;-5.75;-40.25;0.0
2026-01-09;-5.75;-39.75;0.0
2026-01-09;-5.75;-39.25;0.0
2026-01-09;-5.75;-38.75;0.0
2026-01-09;-5.75;-38.25;0.0
2026-01-09;-5.75;-37.75;0.0
2026-01-09;-5.75;-37.25;0.0
2026-01-09;-5.25;-41.25;0.0
2026-01-09;-5.25;-40.75;0.0
2026-01-09;-5.25;-40.25;0.0
2026-01-09;-5.25;-39.75;0.0
2026-01-09;-5.25;-39.25;0.0
2026-01-09;-5.25;-38.75;0.0
2026-01-09;-5.25;-38.25;0.0
2026-01-09;-5.25;-37.75;0.0
2026-01-09;-5.25;-37.25;0.0
2026-01-09;-4.75;-41.25;0.0
2026-01-09;-4.75;-40.75;0.0
2026-01-09;-4.75;-40.25;0.0
2026-01-09;-4.75;-39.75;0.0
2026-01-09;-4.75;-39.25;0.0
2026-01-09;-4.75;-38.75;0.0
2026-01-09;-4.75;-38.25;0.0
2026-01-09;-4.75;-37.75;0.0
2026-01-09;-4.75;-37.25;0.0
2026-01-09;-4.25;-41.25;0.0
2026-01-09;-4.25;-40.75;0.0
2026-01-09;-4.25;-40.25;0.0
2026-01-09;-4.25;-39.75;0.0
2026-01-09;-4.25;-39.25;0.0
2026-01-09;-4.25;-38.75;0.0
2026-01-09;-4.25;-38.25;0.0
2026-01-09;-4.25;-37.75;0.0
2026-01-09;-4.25;-37.25;
2026-01-09;-3.75;-41.25;0.0
2026-01-09;-3.75;-40.75;0.0
2026-01-09;-3.75;-40.25;0.0
2026-01-09;-3.75;-39.75;0.0
2026-01-09;-3.75;-39.25;0.0
2026-01-09;-3.75;-38.75;0.0
2026-01-09;-3.75;-38.25;0.0
2026-01-09;-3.75;-37.75;
2026-01-09;-3.75;-37.25;
2026-01-09;-3.25;-41.25;0.0
2026-01-09;-3.25;-40.75;0.0
2026-01-09;-3.25;-40.25;0.0
2026-01-09;-3.25;-39.75;0.0
2026-01-09;-3.25;-39.25;0.0
2026-01-09;-3.25;-38.75;0.0
2026-01-09;-3.25;-38.25;
2026-01-09;-3.25;-37.75;
2026-01-09;-3.25;-37.25;
2026-01-09;-2.75;-41.25;0.0
2026-01-09;-2.75;-40.75;0.0
2026-01-09;-2.75;-40.25;0.0
2026-01-09;-2.75;-39.75;0.0
2026-01-09;-2.75;-39.25;
2026-01-09;-2.75;-38.75;
2026-01-09;-2.75;-38.25;
2026-01-09;-2.75;-37.75;
2026-01-09;-2.75;-37.25;
2026-01-10;-7.75;-41.25;0.0
2026-01-10;-7.75;-40.75;0.0
2026-01-10;-7.75;-40.25;0.4473533630371094
2026-01-10;-7.75;-39.75;9.660723686218262
2026-01-10;-7.75;-39.25;25.24904632568359
2026-01-10;-7.75;-38.75;12.95302391052246
2026-01-10;-7.75;-38.25;0.3052783906459808
2026-01-10;-7.75;-37.75;0.0
2026-01-10;-7.75;-37.25;0.0
2026-01-10;-7.25;-41.25;0.0
2026-01-10;-7.25;-40.75;0.0
2026-01-10;-7.25;-40.25;1.321025013923645
2026-01-10;-7.25;-39.75;23.06882858276367
2026-01-10;-7.25;-39.25;64.07294464111328
2026-01-10;-7.25;-38.75;33.23115539550781
2026-01-10;-7.25;-38.25;0.0
2026-01-10;-7.25;-37.75;0.0
2026-01-10;-7.25;-37.25;0.0
2026-01-10;-6.75;-41.25;0.0
2026-01-10;-6.75;-40.75;0.0
2026-01-10;-6.75;-40.25;0.0
2026-01-10;-6.75;-39.75;2.880305767059326
2026-01-10;-6.75;-39.25;9.457846641540527
2026-01-10;-6.75;-38.75;4.16403865814209
2026-01-10;-6.75;-38.25;0.0
2026-01-10;-6.75;-37.75;0.0
2026-01-10;-6.75;-37.25;0.0
2026-01-10;-6.25;-41.25;0.0
2026-01-10;-6.25;-40.75;0.0
2026-01-10;-6.25;-40.25;0.0
2026-01-10;-6.25;-39.75;0.0
2026-01-10;-6.25;-39.25;0.0
2026-01-10;-6.25;-38.75;0.0
2026-01-10;-6.25;-38.25;0.0
2026-01-10;-6.25;-37.75;0.0
2026-01-10;-6.25;-37.25;0.0
2026-01-10;-5.75;-41.25;0.0
2026-01-10;-5.75;-40.75;0.0
2026-01-10;-5.75;-40.25;0.0
2026-01-10;-5.75;-39.75;0.0
2026-01-10;-5.75;-39.25;0.0
2026-01-10;-5.75;-38.75;0.0
2026-01-10;-5.75;-38.25;0.0
2026-01-10;-5.75;-37.75;0.0
2026-01-10;-5.75;-37.25;0.0
2026-01-10;-5.25;-41.25;0.0
2026-01-10;-5.25;-40.75;0.0
2026-01-10;-5.25;-40.25;0.0
2026-01-10;-5.25;-39.75;0.0
2026-01-10;-5.25;-39.25;0.0
2026-01-10;-5.25;-38.75;0.0
2026-01-10;-5.25;-38.25;0.0
2026-01-10;-5.25;-37.75;0.0
2026-01-10;-5.25;-37.25;0.0
2026-01-10;-4.75;-41.25;0.0
2026-01-10;-4.75;-40.75;0.0
2026-01-10;-4.75;-40.25;0.0
2026-01-10;-4.75;-39.75;0.0
2026-01-10;-4.75;-39.25;0.0
2026-01-10;-4.75;-38.75;0.0
2026-01-10;-4.75;-38.25;0.0
2026-01-10;-4.75;-37.75;0.0
2026-01-10;-4.75;-37.25;0.0
2026-01-10;-4.25;-41.25;0.0
2026-01-10;-4.25;-40.75;0.0
2026-01-10;-4.25;-40.25;0.0
2026-01-10;-4.25;-39.75;0.0
2026-01-10;-4.25;-39.25;0.0
2026-01-10;-4.25;-38.75;0.0
2026-01-10;-4.25;-38.25;0.0
2026-01-10;-4.25;-37.75;0.0
2026-01-10;-4.25;-37.25;
2026-01-10;-3.75;-41.25;0.0
2026-01-10;-3.75;-40.75;0.0
2026-01-10;-3.75;-40.25;0.0
2026-01-10;-3.75;-39.75;0.0
2026-01-10;-3.75;-39.25;0.0
2026-01-10;-3.75;-38.75;0.0
2026-01-10;-3.75;-38.25;0.0
2026-01-10;-3.75;-37.75;
2026-01-10;-3.75;-37.25;
2026-01-10;-3.25;-41.25;0.0
2026-01-10;-3.25;-40.75;0.0
2026-01-10;-3.25;-40.25;0.0
2026-01-10;-3.25;-39.75;0.0
2026-01-10;-3.25;-39.25;0.0
2026-01-10;-3.25;-38.75;0.0
2026-01-10;-3.25;-38.25;
2026-01-10;-3.25;-37.75;
2026-01-10;-3.25;-37.25;
2026-01-10;-2.75;-41.25;0.0
2026-01-10;-2.75;-40.75;0.0
2026-01-10;-2.75;-40.25;0.0
2026-01-10;-2.75;-39.75;0.0
2026-01-10;-2.75;-39.25;
2026-01-10;-2.75;-38.75;
2026-01-10;-2.75;-38.25;
2026-01-10;-2.75;-37.75;
2026-01-10;-2.75;-37.25;
2026-01-11;-7.75;-41.25;6.920921802520752
2026-01-11;-7.75;-40.75;3.609445095062256
2026-01-11;-7.75;-40.25;0.0
2026-01-11;-7.75;-39.75;0.0
2026-01-11;-7.75;-39.25;0.4428922235965729
2026-01-11;-7.75;-38.75;0.0
2026-01-11;-7.75;-38.25;1.586069464683533
2026-01-11;-7.75;-37.75;3.411360263824463
2026-01-11;-7.75;-37.25;0.2581793963909149
2026-01-11;-7.25;-41.25;15.19977378845215
2026-01-11;-7.25;-40.75;6.178676605224609
2026-01-11;-7.25;-40.25;0.0
2026-01-11;-7.25;-39.75;0.4436546266078949
2026-01-11;-7.25;-39.25;1.687680721282959
2026-01-11;-7.25;-38.75;1.000743269920349
2026-01-11;-7.25;-38.25;0.0
2026-01-11;-7.25;-37.75;0.0
2026-01-11;-7.25;-37.25;0.0
2026-01-11;-6.75;-41.25;34.82421875
2026-01-11;-6.75;-40.75;20.14505767822266
2026-01-11;-6.75;-40.25;0.0
2026-01-11;-6.75;-39.75;0.0
2026-01-11;-6.75;-39.25;0.0
2026-01-11;-6.75;-38.75;0.2074464708566666
2026-01-11;-6.75;-38.25;0.0
2026-01-11;-6.75;-37.75;0.0
2026-01-11;-6.75;-37.25;0.0
2026-01-11;-6.25;-41.25;36.31160736083984
2026-01-11;-6.25;-40.75;22.3819580078125
2026-01-11;-6.25;-40.25;0.0
2026-01-11;-6.25;-39.75;0.0
2026-01-11;-6.25;-39.25;0.0
2026-01-11;-6.25;-38.75;0.0
2026-01-11;-6.25;-38.25;0.0
2026-01-11;-6.25;-37.75;0.0
2026-01-11;-6.25;-37.25;0.0
2026-01-11;-5.75;-41.25;12.76884365081787
2026-01-11;-5.75;-40.75;5.267065525054932
2026-01-11;-5.75;-40.25;0.0
2026-01-11;-5.75;-39.75;0.0
2026-01-11;-5.75;-39.25;0.0
2026-01-11;-5.75;-38.75;0.0
2026-01-11;-5.75;-38.25;0.0
2026-01-11;-5.75;-37.75;0.0
2026-01-11;-5.75;-37.25;0.0
2026-01-11;-5.25;-41.25;0.2500150799751282
2026-01-11;-5.25;-40.75;0.0
2026-01-11;-5.25;-40.25;0.0
2026-01-11;-5.25;-39.75;0.0
2026-01-11;-5.25;-39.25;0.0
2026-01-11;-5.25;-38.75;0.0
2026-01-11;-5.25;-38.25;0.0
2026-01-11;-5.25;-37.75;0.0
2026-01-11;-5.25;-37.25;0.0
2026-01-11;-4.75;-41.25;0.0
2026-01-11;-4.75;-40.75;0.0
2026-01-11;-4.75;-40.25;0.0
2026-01-11;-4.75;-39.75;0.0
2026-01-11;-4.75;-39.25;0.0
2026-01-11;-4.75;-38.75;0.0
2026-01-11;-4.75;-38.25;0.0
2026-01-11;-4.75;-37.75;0.0
2026-01-11;-4.75;-37.25;0.0
2026-01-11;-4.25;-41.25;0.0
2026-01-11;-4.25;-40.75;0.0
2026-01-11;-4.25;-40.25;0.0
2026-01-11;-4.25;-39.75;0.0
2026-01-11;-4.25;-39.25;0.0
2026-01-11;-4.25;-38.75;0.0
2026-01-11;-4.25;-38.25;0.0
2026-01-11;-4.25;-37.75;0.0
2026-01-11;-4.25;-37.25;
2026-01-11;-3.75;-41.25;0.0
2026-01-11;-3.75;-40.75;0.0
2026-01-11;-3.75;-40.25;0.0
2026-01-11;-3.75;-39.75;0.0
2026-01-11;-3.75;-39.25;0.0
2026-01-11;-3.75;-38.75;0.0
2026-01-11;-3.75;-38.25;0.0
2026-01-11;-3.75;-37.75;
2026-01-11;-3.75;-37.25;
2026-01-11;-3.25;-41.25;0.0
2026-01-11;-3.25;-40.75;0.0
2026-01-11;-3.25;-40.25;0.0
2026-01-11;-3.25;-39.75;0.0
2026-01-11;-3.25;-39.25;0.0
2026-01-11;-3.25;-38.75;0.0
2026-01-11;-3.25;-38.25;
2026-01-11;-3.25;-37.75;
2026-01-11;-3.25;-37.25;
2026-01-11;-2.75;-41.25;0.0
2026-01-11;-2.75;-40.75;0.0
2026-01-11;-2.75;-40.25;0.0
2026-01-11;-2.75;-39.75;0.0
2026-01-11;-2.75;-39.25;
2026-01-11;-2.75;-38.75;
2026-01-11;-2.75;-38.25;
2026-01-11;-2.75;-37.75;
2026-01-11;-2.75;-37.25;
2026-01-12;-7.75;-41.25;0.0
2026-01-12;-7.75;-40.75;0.0
2026-01-12;-7.75;-40.25;0.0
2026-01-12;-7.75;-39.75;0.0
2026-01-12;-7.75;-39.25;0.0
2026-01-12;-7.75;-38.75;0.0
2026-01-12;-7.75;-38.25;0.3187882602214813
2026-01-12;-7.75;-37.75;0.7948461771011353
2026-01-12;-7.75;-37.25;0.0
2026-01-12;-7.25;-41.25;1.906318664550781
2026-01-12;-7.25;-40.75;0.0
2026-01-12;-7.25;-40.25;0.0
2026-01-12;-7.25;-39.75;0.0
2026-01-12;-7.25;-39.25;0.0
2026-01-12;-7.25;-38.75;0.0
2026-01-12;-7.25;-38.25;2.215315818786621
2026-01-12;-7.25;-37.75;8.16943645477295
2026-01-12;-7.25;-37.25;0.844006359577179
2026-01-12;-6.75;-41.25;0.0
2026-01-12;-6.75;-40.75;0.0
2026-01-12;-6.75;-40.25;0.0
2026-01-12;-6.75;-39.75;0.0
2026-01-12;-6.75;-39.25;0.0
2026-01-12;-6.75;-38.75;0.0
2026-01-12;-6.75;-38.25;5.477705955505371
2026-01-12;-6.75;-37.75;9.566311836242676
2026-01-12;-6.75;-37.25;0.3266477882862091
2026-01-12;-6.25;-41.25;0.0
2026-01-12;-6.25;-40.75;0.0
2026-01-12;-6.25;-40.25;0.0
2026-01-12;-6.25;-39.75;0.0
2026-01-12;-6.25;-39.25;0.0
2026-01-12;-6.25;-38.75;0.0
2026-01-12;-6.25;-38.25;0.8065345287322998
2026-01-12;-6.25;-37.75;0.7165699601173401
2026-01-12;-6.25;-37.25;0.0
2026-01-12;-5.75;-41.25;0.0
2026-01-12;-5.75;-40.75;0.0
2026-01-12;-5.75;-40.25;0.0
2026-01-12;-5.75;-39.75;0.0
2026-01-12;-5.75;-39.25;0.0
2026-01-12;-5.75;-38.75;0.0
2026-01-12;-5.75;-38.25;0.0
2026-01-12;-5.75;-37.75;0.0
2026-01-12;-5.75;-37.25;0.0
2026-01-12;-5.25;-41.25;0.0
2026-01-12;-5.25;-40.75;0.0
2026-01-12;-5.25;-40.25;0.0
2026-01-12;-5.25;-39.75;0.0
2026-01-12;-5.25;-39.25;0.0
2026-01-12;-5.25;-38.75;0.0
2026-01-12;-5.25;-38.25;0.0
2026-01-12;-5.25;-37.75;0.0
2026-01-12;-5.25;-37.25;0.0
2026-01-12;-4.75;-41.25;0.0
2026-01-12;-4.75;-40.75;0.0
2026-01-12;-4.75;-40.25;0.0
2026-01-12;-4.75;-39.75;0.0
2026-01-12;-4.75;-39.25;0.0
2026-01-12;-4.75;-38.75;0.0
2026-01-12;-4.75;-38.25;0.0
2026-01-12;-4.75;-37.75;0.0
2026-01-12;-4.75;-37.25;0.0
2026-01-12;-4.25;-41.25;0.0
2026-01-12;-4.25;-40.75;0.0
2026-01-12;-4.25;-40.25;0.0
2026-01-12;-4.25;-39.75;0.0
2026-01-12;-4.25;-39.25;0.0
2026-01-12;-4.25;-38.75;0.0
2026-01-12;-4.25;-38.25;0.0
2026-01-12;-4.25;-37.75;0.0
2026-01-12;-4.25;-37.25;
2026-01-12;-3.75;-41.25;0.0
2026-01-12;-3.75;-40.75;0.0
2026-01-12;-3.75;-40.25;0.0
2026-01-12;-3.75;-39.75;0.0
2026-01-12;-3.75;-39.25;0.0
2026-01-12;-3.75;-38.75;0.0
2026-01-12;-3.75;-38.25;0.0
2026-01-12;-3.75;-37.75;
2026-01-12;-3.75;-37.25;
2026-01-12;-3.25;-41.25;0.0
2026-01-12;-3.25;-40.75;0.0
2026-01-12;-3.25;-40.25;0.0
2026-01-12;-3.25;-39.75;0.0
2026-01-12;-3.25;-39.25;0.0
2026-01-12;-3.25;-38.75;0.0
2026-01-12;-3.25;-38.25;
2026-01-12;-3.25;-37.75;
2026-01-12;-3.25;-37.25;
2026-01-12;-2.75;-41.25;0.0
2026-01-12;-2.75;-40.75;0.0
2026-01-12;-2.75;-40.25;0.0
2026-01-12;-2.75;-39.75;0.0
2026-01-12;-2.75;-39.25;
2026-01-12;-2.75;-38.75;
2026-01-12;-2.75;-38.25;
2026-01-12;-2.75;-37.75;
2026-01-12;-2.75;-37.25;
2026-01-13;-7.75;-41.25;0.0
2026-01-13;-7.75;-40.75;0.0
2026-01-13;-7.75;-40.25;0.0
2026-01-13;-7.75;-39.75;0.5765444040298462
2026-01-13;-7.75;-39.25;0.5835696458816528
2026-01-13;-7.75;-38.75;0.0
2026-01-13;-7.75;-38.25;0.7696887850761414
2026-01-13;-7.75;-37.75;2.904556274414062
2026-01-13;-7.75;-37.25;2.412902116775513
2026-01-13;-7.25;-41.25;0.0
2026-01-13;-7.25;-40.75;0.0
2026-01-13;-7.25;-40.25;0.0
2026-01-13;-7.25;-39.75;0.0
2026-01-13;-7.25;-39.25;0.0
2026-01-13;-7.25;-38.75;0.0
2026-01-13;-7.25;-38.25;5.953243732452393
2026-01-13;-7.25;-37.75;29.44437026977539
2026-01-13;-7.25;-37.25;45.30657958984375
2026-01-13;-6.75;-41.25;1.417180180549622
2026-01-13;-6.75;-40.75;0.703848659992218
2026-01-13;-6.75;-40.25;0.0
2026-01-13;-6.75;-39.75;0.0
2026-01-13;-6.75;-39.25;0.0
2026-01-13;-6.75;-38.75;0.0
2026-01-13;-6.75;-38.25;14.32463359832764
2026-01-13;-6.75;-37.75;28.95262908935547
2026-01-13;-6.75;-37.25;25.28581237792969
2026-01-13;-6.25;-41.25;1.482425451278687
2026-01-13;-6.25;-40.75;0.7492875456809998
2026-01-13;-6.25;-40.25;0.0
2026-01-13;-6.25;-39.75;0.0
2026-01-13;-6.25;-39.25;0.0
2026-01-13;-6.25;-38.75;0.0
2026-01-13;-6.25;-38.25;2.123893022537231
2026-01-13;-6.25;-37.75;1.922945380210876
2026-01-13;-6.25;-37.25;0.3405715823173523
2026-01-13;-5.75;-41.25;0.2606150507926941
2026-01-13;-5.75;-40.75;0.0
2026-01-13;-5.75;-40.25;0.0
2026-01-13;-5.75;-39.75;0.0
2026-01-13;-5.75;-39.25;0.0
2026-01-13;-5.75;-38.75;0.0
2026-01-13;-5.75;-38.25;0.0
2026-01-13;-5.75;-37.75;0.0
2026-01-13;-5.75;-37.25;0.0
2026-01-13;-5.25;-41.25;0.0
2026-01-13;-5.25;-40.75;0.0
2026-01-13;-5.25;-40.25;0.0
2026-01-13;-5.25;-39.75;0.0
2026-01-13;-5.25;-39.25;0.0
2026-01-13;-5.25;-38.75;0.0
2026-01-13;-5.25;-38.25;0.0
2026-01-13;-5.25;-37.75;0.0
2026-01-13;-5.25;-37.25;0.0
2026-01-13;-4.75;-41.25;0.0
2026-01-13;-4.75;-40.75;0.0
2026-01-13;-4.75;-40.25;0.0
2026-01-13;-4.75;-39.75;0.0
2026-01-13;-4.75;-39.25;0.0
2026-01-13;-4.75;-38.75;0.0
2026-01-13;-4.75;-38.25;0.0
2026-01-13;-4.75;-37.75;0.0
2026-01-13;-4.75;-37.25;0.0
2026-01-13;-4.25;-41.25;0.0
2026-01-13;-4.25;-40.75;0.0
2026-01-13;-4.25;-40.25;0.0
2026-01-13;-4.25;-39.75;0.0
2026-01-13;-4.25;-39.25;0.0
2026-01-13;-4.25;-38.75;0.0
2026-01-13;-4.25;-38.25;0.0
2026-01-13;-4.25;-37.75;0.0
2026-01-13;-4.25;-37.25;
2026-01-13;-3.75;-41.25;0.0
2026-01-13;-3.75;-40.75;0.0
2026-01-13;-3.75;-40.25;0.0
2026-01-13;-3.75;-39.75;0.0
2026-01-13;-3.75;-39.25;0.0
2026-01-13;-3.75;-38.75;0.0
2026-01-13;-3.75;-38.25;0.0
2026-01-13;-3.75;-37.75;
2026-01-13;-3.75;-37.25;
2026-01-13;-3.25;-41.25;0.0
2026-01-13;-3.25;-40.75;0.0
2026-01-13;-3.25;-40.25;0.0
2026-01-13;-3.25;-39.75;0.0
2026-01-13;-3.25;-39.25;0.0
2026-01-13;-3.25;-38.75;0.0
2026-01-13;-3.25;-38.25;
2026-01-13;-3.25;-37.75;
2026-01-13;-3.25;-37.25;
2026-01-13;-2.75;-41.25;0.0
2026-01-13;-2.75;-40.75;0.0
2026-01-13;-2.75;-40.25;0.0
2026-01-13;-2.75;-39.75;0.0
2026-01-13;-2.75;-39.25;
2026-01-13;-2.75;-38.75;
2026-01-13;-2.75;-38.25;
2026-01-13;-2.75;-37.75;
2026-01-13;-2.75;-37.25;
2026-01-14;-7.75;-41.25;0.0
2026-01-14;-7.75;-40.75;0.0
2026-01-14;-7.75;-40.25;0.0
2026-01-14;-7.75;-39.75;0.7603134512901306
2026-01-14;-7.75;-39.25;0.7619577646255493
2026-01-14;-7.75;-38.75;0.242839977145195
2026-01-14;-7.75;-38.25;0.0
2026-01-14;-7.75;-37.75;0.0
2026-01-14;-7.75;-37.25;0.0
2026-01-14;-7.25;-41.25;0.0
2026-01-14;-7.25;-40.75;0.0
2026-01-14;-7.25;-40.25;0.0
2026-01-14;-7.25;-39.75;0.0
2026-01-14;-7.25;-39.25;0.0
2026-01-14;-7.25;-38.75;0.5021335482597351
2026-01-14;-7.25;-38.25;0.0
2026-01-14;-7.25;-37.75;0.0
2026-01-14;-7.25;-37.25;0.0
2026-01-14;-6.75;-41.25;0.0
2026-01-14;-6.75;-40.75;0.0
2026-01-14;-6.75;-40.25;0.0
2026-01-14;-6.75;-39.75;0.0
2026-01-14;-6.75;-39.25;0.0
2026-01-14;-6.75;-38.75;0.0
2026-01-14;-6.75;-38.25;0.0
2026-01-14;-6.75;-37.75;0.4041770994663239
2026-01-14;-6.75;-37.25;0.0
2026-01-14;-6.25;-41.25;0.0
2026-01-14;-6.25;-40.75;0.0
2026-01-14;-6.25;-40.25;0.0
2026-01-14;-6.25;-39.75;0.0
2026-01-14;-6.25;-39.25;0.0
2026-01-14;-6.25;-38.75;0.0
2026-01-14;-6.25;-38.25;0.0
2026-01-14;-6.25;-37.75;0.0
2026-01-14;-6.25;-37.25;0.0
2026-01-14;-5.75;-41.25;0.0
2026-01-14;-5.75;-40.75;0.0
2026-01-14;-5.75;-40.25;0.0
2026-01-14;-5.75;-39.75;0.0
2026-01-14;-5.75;-39.25;0.0
2026-01-14;-5.75;-38.75;0.0
2026-01-14;-5.75;-38.25;0.0
2026-01-14;-5.75;-37.75;0.0
2026-01-14;-5.75;-37.25;0.0
2026-01-14;-5.25;-41.25;0.0
2026-01-14;-5.25;-40.75;0.0
2026-01-14;-5.25;-40.25;0.0
2026-01-14;-5.25;-39.75;0.0
2026-01-14;-5.25;-39.25;0.0
2026-01-14;-5.25;-38.75;0.0
2026-01-14;-5.25;-38.25;0.0
2026-01-14;-5.25;-37.75;0.0
2026-01-14;-5.25;-37.25;0.0
2026-01-14;-4.75;-41.25;0.0
2026-01-14;-4.75;-40.75;0.0
2026-01-14;-4.75;-40.25;0.0
2026-01-14;-4.75;-39.75;0.0
2026-01-14;-4.75;-39.25;0.0
2026-01-14;-4.75;-38.75;0.0
2026-01-14;-4.75;-38.25;0.0
2026-01-14;-4.75;-37.75;0.0
2026-01-14;-4.75;-37.25;0.0
2026-01-14;-4.25;-41.25;0.0
2026-01-14;-4.25;-40.75;0.0
2026-01-14;-4.25;-40.25;0.0
2026-01-14;-4.25;-39.75;0.0
2026-01-14;-4.25;-39.25;0.0
2026-01-14;-4.25;-38.75;0.0
2026-01-14;-4.25;-38.25;0.0
2026-01-14;-4.25;-37.75;0.0
2026-01-14;-4.25;-37.25;
2026-01-14;-3.75;-41.25;0.0
2026-01-14;-3.75;-40.75;0.0
2026-01-14;-3.75;-40.25;0.0
2026-01-14;-3.75;-39.75;0.0
2026-01-14;-3.75;-39.25;0.0
2026-01-14;-3.75;-38.75;0.0
2026-01-14;-3.75;-38.25;0.0
2026-01-14;-3.75;-37.75;
2026-01-14;-3.75;-37.25;
2026-01-14;-3.25;-41.25;0.0
2026-01-14;-3.25;-40.75;0.0
2026-01-14;-3.25;-40.25;0.0
2026-01-14;-3.25;-39.75;0.0
2026-01-14;-3.25;-39.25;0.0
2026-01-14;-3.25;-38.75;0.0
2026-01-14;-3.25;-38.25;
2026-01-14;-3.25;-37.75;
2026-01-14;-3.25;-37.25;
2026-01-14;-2.75;-41.25;0.0
2026-01-14;-2.75;-40.75;0.0
2026-01-14;-2.75;-40.25;0.0
2026-01-14;-2.75;-39.75;0.0
2026-01-14;-2.75;-39.25;
2026-01-14;-2.75;-38.75;
2026-01-14;-2.75;-38.25;
2026-01-14;-2.75;-37.75;
2026-01-14;-2.75;-37.25;
2026-01-15;-7.75;-41.25;0.0
2026-01-15;-7.75;-40.75;0.0
2026-01-15;-7.75;-40.25;0.203571155667305
2026-01-15;-7.75;-39.75;0.6562422513961792
2026-01-15;-7.75;-39.25;0.4883208870887756
2026-01-15;-7.75;-38.75;0.0
2026-01-15;-7.75;-38.25;0.6695607304573059
2026-01-15;-7.75;-37.75;1.681575179100037
2026-01-15;-7.75;-37.25;0.0
2026-01-15;-7.25;-41.25;0.0
2026-01-15;-7.25;-40.75;4.869972705841064
2026-01-15;-7.25;-40.25;16.42052459716797
2026-01-15;-7.25;-39.75;19.21035575866699
2026-01-15;-7.25;-39.25;4.976359844207764
2026-01-15;-7.25;-38.75;2.907926321029663
2026-01-15;-7.25;-38.25;5.82062816619873
2026-01-15;-7.25;-37.75;21.28335380554199
2026-01-15;-7.25;-37.25;2.094355583190918
2026-01-15;-6.75;-41.25;0.220977321267128
2026-01-15;-6.75;-40.75;21.8798713684082
2026-01-15;-6.75;-40.25;50.41751861572266
2026-01-15;-6.75;-39.75;51.0979118347168
2026-01-15;-6.75;-39.25;43.03056335449219
2026-01-15;-6.75;-38.75;49.46147918701172
2026-01-15;-6.75;-38.25;21.23458480834961
2026-01-15;-6.75;-37.75;25.23902893066406
2026-01-15;-6.75;-37.25;0.8626147508621216
2026-01-15;-6.25;-41.25;0.0
2026-01-15;-6.25;-40.75;22.08782386779785
2026-01-15;-6.25;-40.25;55.23614501953125
2026-01-15;-6.25;-39.75;59.70261764526367
2026-01-15;-6.25;-39.25;100.1555557250977
2026-01-15;-6.25;-38.75;125.8948135375977
2026-01-15;-6.25;-38.25;31.07949066162109
2026-01-15;-6.25;-37.75;1.893585681915283
2026-01-15;-6.25;-37.25;0.0
2026-01-15;-5.75;-41.25;0.0
2026-01-15;-5.75;-40.75;4.245536327362061
2026-01-15;-5.75;-40.25;29.12794876098633
2026-01-15;-5.75;-39.75;31.91227149963379
2026-01-15;-5.75;-39.25;33.1903190612793
2026-01-15;-5.75;-38.75;11.34482479095459
2026-01-15;-5.75;-38.25;1.27219820022583
2026-01-15;-5.75;-37.75;0.0
2026-01-15;-5.75;-37.25;0.0
2026-01-15;-5.25;-41.25;0.0
2026-01-15;-5.25;-40.75;0.0
2026-01-15;-5.25;-40.25;4.643219470977783
2026-01-15;-5.25;-39.75;7.465169429779053
2026-01-15;-5.25;-39.25;4.052980899810791
2026-01-15;-5.25;-38.75;0.4429260492324829
2026-01-15;-5.25;-38.25;0.0
2026-01-15;-5.25;-37.75;3.683517932891846
2026-01-15;-5.25;-37.25;1.970675468444824
2026-01-15;-4.75;-41.25;0.0
2026-01-15;-4.75;-40.75;0.0
2026-01-15;-4.75;-40.25;0.0
2026-01-15;-4.75;-39.75;0.644571840763092
2026-01-15;-4.75;-39.25;0.3163354098796844
2026-01-15;-4.75;-38.75;0.2482108026742935
2026-01-15;-4.75;-38.25;7.885648250579834
2026-01-15;-4.75;-37.75;26.53150177001953
2026-01-15;-4.75;-37.25;18.85303688049316
2026-01-15;-4.25;-41.25;0.0
2026-01-15;-4.25;-40.75;0.0
2026-01-15;-4.25;-40.25;0.0
2026-01-15;-4.25;-39.75;0.0
2026-01-15;-4.25;-39.25;0.0
2026-01-15;-4.25;-38.75;4.451161861419678
2026-01-15;-4.25;-38.25;12.94982528686523
2026-01-15;-4.25;-37.75;26.41191101074219
2026-01-15;-4.25;-37.25;
2026-01-15;-3.75;-41.25;0.0
2026-01-15;-3.75;-40.75;0.0
2026-01-15;-3.75;-40.25;0.0
2026-01-15;-3.75;-39.75;0.0
2026-01-15;-3.75;-39.25;0.0
2026-01-15;-3.75;-38.75;4.367781639099121
2026-01-15;-3.75;-38.25;8.978532791137695
2026-01-15;-3.75;-37.75;
2026-01-15;-3.75;-37.25;
2026-01-15;-3.25;-41.25;0.0
2026-01-15;-3.25;-40.75;0.0
2026-01-15;-3.25;-40.25;0.0
2026-01-15;-3.25;-39.75;0.0
2026-01-15;-3.25;-39.25;0.0
2026-01-15;-3.25;-38.75;2.896065950393677
2026-01-15;-3.25;-38.25;
2026-01-15;-3.25;-37.75;
2026-01-15;-3.25;-37.25;
2026-01-15;-2.75;-41.25;0.0
2026-01-15;-2.75;-40.75;0.0
2026-01-15;-2.75;-40.25;0.0
2026-01-15;-2.75;-39.75;0.0
2026-01-15;-2.75;-39.25;
2026-01-15;-2.75;-38.75;
2026-01-15;-2.75;-38.25;
2026-01-15;-2.75;-37.75;
2026-01-15;-2.75;-37.25;
2026-01-16;-7.75;-41.25;0.0
2026-01-16;-7.75;-40.75;0.0
2026-01-16;-7.75;-40.25;0.0
2026-01-16;-7.75;-39.75;0.7050005197525024
2026-01-16;-7.75;-39.25;2.085009574890137
2026-01-16;-7.75;-38.75;0.9784679412841797
2026-01-16;-7.75;-38.25;0.0
2026-01-16;-7.75;-37.75;0.0
2026-01-16;-7.75;-37.25;0.0
2026-01-16;-7.25;-41.25;0.0
2026-01-16;-7.25;-40.75;1.169261932373047
2026-01-16;-7.25;-40.25;4.012163162231445
2026-01-16;-7.25;-39.75;9.280784606933594
2026-01-16;-7.25;-39.25;11.34176635742188
2026-01-16;-7.25;-38.75;14.36074638366699
2026-01-16;-7.25;-38.25;0.0
2026-01-16;-7.25;-37.75;0.0
2026-01-16;-7.25;-37.25;0.0
2026-01-16;-6.75;-41.25;0.0
2026-01-16;-6.75;-40.75;5.132636547088623
2026-01-16;-6.75;-40.25;11.2527961730957
2026-01-16;-6.75;-39.75;14.09895992279053
2026-01-16;-6.75;-39.25;38.1773567199707
2026-01-16;-6.75;-38.75;56.01919937133789
2026-01-16;-6.75;-38.25;2.272421836853027
2026-01-16;-6.75;-37.75;0.0
2026-01-16;-6.75;-37.25;0.0
2026-01-16;-6.25;-41.25;0.0
2026-01-16;-6.25;-40.75;5.026164054870605
2026-01-16;-6.25;-40.25;10.80397129058838
2026-01-16;-6.25;-39.75;9.889701843261719
2026-01-16;-6.25;-39.25;5.151312351226807
2026-01-16;-6.25;-38.75;6.920494556427002
2026-01-16;-6.25;-38.25;0.835563063621521
2026-01-16;-6.25;-37.75;0.0
2026-01-16;-6.25;-37.25;0.7989295721054077
2026-01-16;-5.75;-41.25;0.0
2026-01-16;-5.75;-40.75;0.9461902976036072
2026-01-16;-5.75;-40.25;3.925365924835205
2026-01-16;-5.75;-39.75;2.147938251495361
2026-01-16;-5.75;-39.25;0.0
2026-01-16;-5.75;-38.75;0.0
2026-01-16;-5.75;-38.25;0.0
2026-01-16;-5.75;-37.75;0.0
2026-01-16;-5.75;-37.25;0.3217477798461914
2026-01-16;-5.25;-41.25;0.0
2026-01-16;-5.25;-40.75;0.0
2026-01-16;-5.25;-40.25;0.0
2026-01-16;-5.25;-39.75;0.0
2026-01-16;-5.25;-39.25;0.0
2026-01-16;-5.25;-38.75;0.0
2026-01-16;-5.25;-38.25;0.0
2026-01-16;-5.25;-37.75;0.0
2026-01-16;-5.25;-37.25;0.0
2026-01-16;-4.75;-41.25;0.0
2026-01-16;-4.75;-40.75;0.0
2026-01-16;-4.75;-40.25;0.0
2026-01-16;-4.75;-39.75;0.0
2026-01-16;-4.75;-39.25;0.0
2026-01-16;-4.75;-38.75;0.0
2026-01-16;-4.75;-38.25;0.7194242477416992
2026-01-16;-4.75;-37.75;2.773873567581177
2026-01-16;-4.75;-37.25;1.935714840888977
2026-01-16;-4.25;-41.25;0.0
2026-01-16;-4.25;-40.75;0.0
2026-01-16;-4.25;-40.25;0.0
2026-01-16;-4.25;-39.75;0.0
2026-01-16;-4.25;-39.25;1.466987371444702
2026-01-16;-4.25;-38.75;3.050064325332642
2026-01-16;-4.25;-38.25;3.256340980529785
2026-01-16;-4.25;-37.75;3.617209434509277
2026-01-16;-4.25;-37.25;
2026-01-16;-3.75;-41.25;0.0
2026-01-16;-3.75;-40.75;0.0
2026-01-16;-3.75;-40.25;0.2422323524951935
2026-01-16;-3.75;-39.75;0.8094038963317871
2026-01-16;-3.75;-39.25;2.147639274597168
2026-01-16;-3.75;-38.75;4.08398962020874
2026-01-16;-3.75;-38.25;4.612433910369873
2026-01-16;-3.75;-37.75;
2026-01-16;-3.75;-37.25;
2026-01-16;-3.25;-41.25;0.0
2026-01-16;-3.25;-40.75;0.0
2026-01-16;-3.25;-40.25;0.5035011172294617
2026-01-16;-3.25;-39.75;0.4453196227550507
2026-01-16;-3.25;-39.25;2.025670051574707
2026-01-16;-3.25;-38.75;3.639145612716675
2026-01-16;-3.25;-38.25;
2026-01-16;-3.25;-37.75;
2026-01-16;-3.25;-37.25;
2026-01-16;-2.75;-41.25;0.0
2026-01-16;-2.75;-40.75;0.0
2026-01-16;-2.75;-40.25;0.0
2026-01-16;-2.75;-39.75;0.0
2026-01-16;-2.75;-39.25;
2026-01-16;-2.75;-38.75;
2026-01-16;-2.75;-38.25;
2026-01-16;-2.75;-37.75;
2026-01-16;-2.75;-37.25;
2026-01-17;-7.75;-41.25;0.0
2026-01-17;-7.75;-40.75;0.0
2026-01-17;-7.75;-40.25;0.0
2026-01-17;-7.75;-39.75;0.817710280418396
2026-01-17;-7.75;-39.25;0.8952763676643372
2026-01-17;-7.75;-38.75;0.3296171128749847
2026-01-17;-7.75;-38.25;0.0
2026-01-17;-7.75;-37.75;0.0
2026-01-17;-7.75;-37.25;0.0
2026-01-17;-7.25;-41.25;1.073567271232605
2026-01-17;-7.25;-40.75;0.2555077075958252
2026-01-17;-7.25;-40.25;0.0
2026-01-17;-7.25;-39.75;0.0
2026-01-17;-7.25;-39.25;0.0
2026-01-17;-7.25;-38.75;0.4883353710174561
2026-01-17;-7.25;-38.25;0.0
2026-01-17;-7.25;-37.75;0.0
2026-01-17;-7.25;-37.25;0.0
2026-01-17;-6.75;-41.25;9.64067554473877
2026-01-17;-6.75;-40.75;4.921404838562012
2026-01-17;-6.75;-40.25;0.0
2026-01-17;-6.75;-39.75;0.0
2026-01-17;-6.75;-39.25;0.0
2026-01-17;-6.75;-38.75;0.0
2026-01-17;-6.75;-38.25;0.0
2026-01-17;-6.75;-37.75;0.0
2026-01-17;-6.75;-37.25;0.0
2026-01-17;-6.25;-41.25;10.21821689605713
2026-01-17;-6.25;-40.75;5.230892658233643
2026-01-17;-6.25;-40.25;0.0
2026-01-17;-6.25;-39.75;0.0
2026-01-17;-6.25;-39.25;0.0
2026-01-17;-6.25;-38.75;0.0
2026-01-17;-6.25;-38.25;0.0
2026-01-17;-6.25;-37.75;0.0
2026-01-17;-6.25;-37.25;0.6624178886413574
2026-01-17;-5.75;-41.25;1.823315978050232
2026-01-17;-5.75;-40.75;0.4940382838249207
2026-01-17;-5.75;-40.25;0.0
2026-01-17;-5.75;-39.75;0.0
2026-01-17;-5.75;-39.25;0.0
2026-01-17;-5.75;-38.75;0.0
2026-01-17;-5.75;-38.25;0.2723584175109863
2026-01-17;-5.75;-37.75;8.121390342712402
2026-01-17;-5.75;-37.25;51.60940933227539
2026-01-17;-5.25;-41.25;0.0
2026-01-17;-5.25;-40.75;0.0
2026-01-17;-5.25;-40.25;0.0
2026-01-17;-5.25;-39.75;0.0
2026-01-17;-5.25;-39.25;0.0
2026-01-17;-5.25;-38.75;2.023840665817261
2026-01-17;-5.25;-38.25;5.126851081848145
2026-01-17;-5.25;-37.75;9.29773235321045
2026-01-17;-5.25;-37.25;54.00995635986328
2026-01-17;-4.75;-41.25;1.700369834899902
2026-01-17;-4.75;-40.75;4.08613395690918
2026-01-17;-4.75;-40.25;0.339336484670639
2026-01-17;-4.75;-39.75;0.0
2026-01-17;-4.75;-39.25;0.2413293570280075
2026-01-17;-4.75;-38.75;5.452438354492188
2026-01-17;-4.75;-38.25;6.891449928283691
2026-01-17;-4.75;-37.75;2.254801273345947
2026-01-17;-4.75;-37.25;20.96914672851562
2026-01-17;-4.25;-41.25;2.202199459075928
2026-01-17;-4.25;-40.75;4.518536567687988
2026-01-17;-4.25;-40.25;0.0
2026-01-17;-4.25;-39.75;0.0
2026-01-17;-4.25;-39.25;0.0
2026-01-17;-4.25;-38.75;6.305735111236572
2026-01-17;-4.25;-38.25;6.673764705657959
2026-01-17;-4.25;-37.75;2.641615867614746
2026-01-17;-4.25;-37.25;
2026-01-17;-3.75;-41.25;3.586053848266602
2026-01-17;-3.75;-40.75;0.6775177717208862
2026-01-17;-3.75;-40.25;0.5029444694519043
2026-01-17;-3.75;-39.75;2.156769752502441
2026-01-17;-3.75;-39.25;0.3894190788269043
2026-01-17;-3.75;-38.75;6.247695922851562
2026-01-17;-3.75;-38.25;8.565459251403809
2026-01-17;-3.75;-37.75;
2026-01-17;-3.75;-37.25;
2026-01-17;-3.25;-41.25;14.94216537475586
2026-01-17;-3.25;-40.75;10.47776412963867
2026-01-17;-3.25;-40.25;20.31424140930176
2026-01-17;-3.25;-39.75;19.74259567260742
2026-01-17;-3.25;-39.25;7.863245487213135
2026-01-17;-3.25;-38.75;6.670030117034912
2026-01-17;-3.25;-38.25;
2026-01-17;-3.25;-37.75;
2026-01-17;-3.25;-37.25;
2026-01-17;-2.75;-41.25;7.797530651092529
2026-01-17;-2.75;-40.75;17.55665969848633
2026-01-17;-2.75;-40.25;31.06808853149414
2026-01-17;-2.75;-39.75;32.06022262573242
2026-01-17;-2.75;-39.25;
2026-01-17;-2.75;-38.75;
2026-01-17;-2.75;-38.25;
2026-01-17;-2.75;-37.75;
2026-01-17;-2.75;-37.25;
2026-01-18;-7.75;-41.25;5.64777135848999
2026-01-18;-7.75;-40.75;3.28981614112854
2026-01-18;-7.75;-40.25;2.075965881347656
2026-01-18;-7.75;-39.75;43.21046447753906
2026-01-18;-7.75;-39.25;126.0869674682617
2026-01-18;-7.75;-38.75;84.21910858154297
2026-01-18;-7.75;-38.25;7.882033348083496
2026-01-18;-7.75;-37.75;0.0
2026-01-18;-7.75;-37.25;0.0
2026-01-18;-7.25;-41.25;11.25018692016602
2026-01-18;-7.25;-40.75;15.58712100982666
2026-01-18;-7.25;-40.25;38.88416290283203
2026-01-18;-7.25;-39.75;90.86534881591797
2026-01-18;-7.25;-39.25;143.0654296875
2026-01-18;-7.25;-38.75;63.24781799316406
2026-01-18;-7.25;-38.25;1.786044239997864
2026-01-18;-7.25;-37.75;0.0
2026-01-18;-7.25;-37.25;0.0
2026-01-18;-6.75;-41.25;23.56082534790039
2026-01-18;-6.75;-40.75;54.05118942260742
2026-01-18;-6.75;-40.25;92.28553009033203
2026-01-18;-6.75;-39.75;99.80441284179688
2026-01-18;-6.75;-39.25;68.610595703125
2026-01-18;-6.75;-38.75;14.27065181732178
2026-01-18;-6.75;-38.25;0.501002848148346
2026-01-18;-6.75;-37.75;0.0
2026-01-18;-6.75;-37.25;0.0
2026-01-18;-6.25;-41.25;24.15512466430664
2026-01-18;-6.25;-40.75;51.29121780395508
2026-01-18;-6.25;-40.25;86.57349395751953
2026-01-18;-6.25;-39.75;77.73762512207031
2026-01-18;-6.25;-39.25;27.64550018310547
2026-01-18;-6.25;-38.75;0.5974897146224976
2026-01-18;-6.25;-38.25;0.0
2026-01-18;-6.25;-37.75;0.0
2026-01-18;-6.25;-37.25;0.0
2026-01-18;-5.75;-41.25;8.368514060974121
2026-01-18;-5.75;-40.75;10.44532775878906
2026-01-18;-5.75;-40.25;34.06416702270508
2026-01-18;-5.75;-39.75;24.1539363861084
2026-01-18;-5.75;-39.25;3.929546117782593
2026-01-18;-5.75;-38.75;0.0
2026-01-18;-5.75;-38.25;0.0
2026-01-18;-5.75;-37.75;0.4010202586650848
2026-01-18;-5.75;-37.25;0.0
2026-01-18;-5.25;-41.25;0.2383661270141602
2026-01-18;-5.25;-40.75;0.0
2026-01-18;-5.25;-40.25;1.069002509117126
2026-01-18;-5.25;-39.75;1.271706819534302
2026-01-18;-5.25;-39.25;1.253150820732117
2026-01-18;-5.25;-38.75;0.2074142396450043
2026-01-18;-5.25;-38.25;0.292034238576889
2026-01-18;-5.25;-37.75;2.200425863265991
2026-01-18;-5.25;-37.25;0.0
2026-01-18;-4.75;-41.25;2.653151750564575
2026-01-18;-4.75;-40.75;6.196783542633057
2026-01-18;-4.75;-40.25;2.527775526046753
2026-01-18;-4.75;-39.75;1.431835174560547
2026-01-18;-4.75;-39.25;1.42973518371582
2026-01-18;-4.75;-38.75;0.0
2026-01-18;-4.75;-38.25;0.2359343618154526
2026-01-18;-4.75;-37.75;0.2924226224422455
2026-01-18;-4.75;-37.25;0.0
2026-01-18;-4.25;-41.25;4.592708587646484
2026-01-18;-4.25;-40.75;8.854947090148926
2026-01-18;-4.25;-40.25;1.608368635177612
2026-01-18;-4.25;-39.75;0.0
2026-01-18;-4.25;-39.25;0.0
2026-01-18;-4.25;-38.75;0.0
2026-01-18;-4.25;-38.25;0.0
2026-01-18;-4.25;-37.75;0.0
2026-01-18;-4.25;-37.25;
2026-01-18;-3.75;-41.25;3.718297481536865
2026-01-18;-3.75;-40.75;1.705896377563477
2026-01-18;-3.75;-40.25;3.515433311462402
2026-01-18;-3.75;-39.75;0.6210064888000488
2026-01-18;-3.75;-39.25;0.0
2026-01-18;-3.75;-38.75;0.0
2026-01-18;-3.75;-38.25;0.0
2026-01-18;-3.75;-37.75;
2026-01-18;-3.75;-37.25;
2026-01-18;-3.25;-41.25;2.679064035415649
2026-01-18;-3.25;-40.75;0.0
2026-01-18;-3.25;-40.25;0.8372508883476257
2026-01-18;-3.25;-39.75;0.9711781740188599
2026-01-18;-3.25;-39.25;0.0
2026-01-18;-3.25;-38.75;0.0
2026-01-18;-3.25;-38.25;
2026-01-18;-3.25;-37.75;
2026-01-18;-3.25;-37.25;
2026-01-18;-2.75;-41.25;0.5531853437423706
2026-01-18;-2.75;-40.75;0.2406288832426071
2026-01-18;-2.75;-40.25;1.303064107894897
2026-01-18;-2.75;-39.75;1.394407868385315
2026-01-18;-2.75;-39.25;
2026-01-18;-2.75;-38.75;
2026-01-18;-2.75;-38.25;
2026-01-18;-2.75;-37.75;
2026-01-18;-2.75;-37.25;
2026-01-19;-7.75;-41.25;5.417178630828857
2026-01-19;-7.75;-40.75;1.241676568984985
2026-01-19;-7.75;-40.25;0.3308075666427612
2026-01-19;-7.75;-39.75;16.44978904724121
2026-01-19;-7.75;-39.25;57.65179443359375
2026-01-19;-7.75;-38.75;44.38196182250977
2026-01-19;-7.75;-38.25;5.441018581390381
2026-01-19;-7.75;-37.75;0.0
2026-01-19;-7.75;-37.25;0.0
2026-01-19;-7.25;-41.25;41.05105972290039
2026-01-19;-7.25;-40.75;13.90640926361084
2026-01-19;-7.25;-40.25;0.0
2026-01-19;-7.25;-39.75;1.270281553268433
2026-01-19;-7.25;-39.25;3.60192084312439
2026-01-19;-7.25;-38.75;1.962113499641418
2026-01-19;-7.25;-38.25;0.0
2026-01-19;-7.25;-37.75;0.0
2026-01-19;-7.25;-37.25;0.0
2026-01-19;-6.75;-41.25;109.4963226318359
2026-01-19;-6.75;-40.75;63.18517684936523
2026-01-19;-6.75;-40.25;0.0
2026-01-19;-6.75;-39.75;0.8934024572372437
2026-01-19;-6.75;-39.25;1.761751890182495
2026-01-19;-6.75;-38.75;0.0
2026-01-19;-6.75;-38.25;0.0
2026-01-19;-6.75;-37.75;0.0
2026-01-19;-6.75;-37.25;0.0
2026-01-19;-6.25;-41.25;113.5368957519531
2026-01-19;-6.25;-40.75;70.84587860107422
2026-01-19;-6.25;-40.25;0.0
2026-01-19;-6.25;-39.75;0.2651298940181732
2026-01-19;-6.25;-39.25;0.422542542219162
2026-01-19;-6.25;-38.75;0.0
2026-01-19;-6.25;-38.25;0.0
2026-01-19;-6.25;-37.75;0.0
2026-01-19;-6.25;-37.25;0.0
2026-01-19;-5.75;-41.25;40.84719848632812
2026-01-19;-5.75;-40.75;16.44573593139648
2026-01-19;-5.75;-40.25;0.0
2026-01-19;-5.75;-39.75;0.0
2026-01-19;-5.75;-39.25;0.0
2026-01-19;-5.75;-38.75;0.0
2026-01-19;-5.75;-38.25;0.0
2026-01-19;-5.75;-37.75;0.0
2026-01-19;-5.75;-37.25;0.0
2026-01-19;-5.25;-41.25;1.469845652580261
2026-01-19;-5.25;-40.75;0.0
2026-01-19;-5.25;-40.25;0.0
2026-01-19;-5.25;-39.75;0.0
2026-01-19;-5.25;-39.25;0.0
2026-01-19;-5.25;-38.75;0.0
2026-01-19;-5.25;-38.25;0.0
2026-01-19;-5.25;-37.75;0.0
2026-01-19;-5.25;-37.25;0.0
2026-01-19;-4.75;-41.25;0.0
2026-01-19;-4.75;-40.75;0.0
2026-01-19;-4.75;-40.25;0.3382293581962585
2026-01-19;-4.75;-39.75;0.0
2026-01-19;-4.75;-39.25;0.0
2026-01-19;-4.75;-38.75;0.0
2026-01-19;-4.75;-38.25;0.0
2026-01-19;-4.75;-37.75;0.0
2026-01-19;-4.75;-37.25;0.0
2026-01-19;-4.25;-41.25;0.2545218467712402
2026-01-19;-4.25;-40.75;0.0
2026-01-19;-4.25;-40.25;0.4711420834064484
2026-01-19;-4.25;-39.75;0.0
2026-01-19;-4.25;-39.25;2.859206914901733
2026-01-19;-4.25;-38.75;0.3299794495105743
2026-01-19;-4.25;-38.25;0.0
2026-01-19;-4.25;-37.75;0.0
2026-01-19;-4.25;-37.25;
2026-01-19;-3.75;-41.25;0.0
2026-01-19;-3.75;-40.75;0.0
2026-01-19;-3.75;-40.25;0.0
2026-01-19;-3.75;-39.75;1.317510366439819
2026-01-19;-3.75;-39.25;5.094411373138428
2026-01-19;-3.75;-38.75;0.8015490174293518
2026-01-19;-3.75;-38.25;0.0
2026-01-19;-3.75;-37.75;
2026-01-19;-3.75;-37.25;
2026-01-19;-3.25;-41.25;0.0
2026-01-19;-3.25;-40.75;0.0
2026-01-19;-3.25;-40.25;0.0
2026-01-19;-3.25;-39.75;0.5642842650413513
2026-01-19;-3.25;-39.25;3.461312294006348
2026-01-19;-3.25;-38.75;1.164094090461731
2026-01-19;-3.25;-38.25;
2026-01-19;-3.25;-37.75;
2026-01-19;-3.25;-37.25;
2026-01-19;-2.75;-41.25;0.0
2026-01-19;-2.75;-40.75;0.0
2026-01-19;-2.75;-40.25;0.0
2026-01-19;-2.75;-39.75;0.0
2026-01-19;-2.75;-39.25;
2026-01-19;-2.75;-38.75;
2026-01-19;-2.75;-38.25;
2026-01-19;-2.75;-37.75;
2026-01-19;-2.75;-37.25;
2026-01-20;-7.75;-41.25;0.0
2026-01-20;-7.75;-40.75;0.0
2026-01-20;-7.75;-40.25;0.0
2026-01-20;-7.75;-39.75;11.57818698883057
2026-01-20;-7.75;-39.25;38.04336166381836
2026-01-20;-7.75;-38.75;28.6181812286377
2026-01-20;-7.75;-38.25;4.876724243164062
2026-01-20;-7.75;-37.75;25.6774959564209
2026-01-20;-7.75;-37.25;46.72827911376953
2026-01-20;-7.25;-41.25;0.0
2026-01-20;-7.25;-40.75;0.0
2026-01-20;-7.25;-40.25;0.0
2026-01-20;-7.25;-39.75;0.6554543972015381
2026-01-20;-7.25;-39.25;2.004431962966919
2026-01-20;-7.25;-38.75;0.7220249772071838
2026-01-20;-7.25;-38.25;0.0
2026-01-20;-7.25;-37.75;1.736786842346191
2026-01-20;-7.25;-37.25;9.732271194458008
2026-01-20;-6.75;-41.25;0.3631532788276672
2026-01-20;-6.75;-40.75;0.0
2026-01-20;-6.75;-40.25;0.0
2026-01-20;-6.75;-39.75;0.0
2026-01-20;-6.75;-39.25;0.0
2026-01-20;-6.75;-38.75;0.0
2026-01-20;-6.75;-38.25;0.0
2026-01-20;-6.75;-37.75;0.3316474556922913
2026-01-20;-6.75;-37.25;0.6624108552932739
2026-01-20;-6.25;-41.25;0.0
2026-01-20;-6.25;-40.75;0.0
2026-01-20;-6.25;-40.25;0.0
2026-01-20;-6.25;-39.75;0.0
2026-01-20;-6.25;-39.25;0.0
2026-01-20;-6.25;-38.75;0.0
2026-01-20;-6.25;-38.25;0.0
2026-01-20;-6.25;-37.75;0.5695781111717224
2026-01-20;-6.25;-37.25;0.4781744182109833
2026-01-20;-5.75;-41.25;0.0
2026-01-20;-5.75;-40.75;0.0
2026-01-20;-5.75;-40.25;3.602643251419067
2026-01-20;-5.75;-39.75;6.304317474365234
2026-01-20;-5.75;-39.25;3.74507474899292
2026-01-20;-5.75;-38.75;0.4758151173591614
2026-01-20;-5.75;-38.25;0.0
2026-01-20;-5.75;-37.75;0.423476904630661
2026-01-20;-5.75;-37.25;3.020341873168945
2026-01-20;-5.25;-41.25;0.0
2026-01-20;-5.25;-40.75;0.0
2026-01-20;-5.25;-40.25;8.948386192321777
2026-01-20;-5.25;-39.75;22.03915977478027
2026-01-20;-5.25;-39.25;24.98819160461426
2026-01-20;-5.25;-38.75;5.492806434631348
2026-01-20;-5.25;-38.25;0.0
2026-01-20;-5.25;-37.75;0.2199772298336029
2026-01-20;-5.25;-37.25;5.575006008148193
2026-01-20;-4.75;-41.25;0.0
2026-01-20;-4.75;-40.75;0.0
2026-01-20;-4.75;-40.25;1.686825633049011
2026-01-20;-4.75;-39.75;16.4164924621582
2026-01-20;-4.75;-39.25;26.9156551361084
2026-01-20;-4.75;-38.75;7.235132217407227
2026-01-20;-4.75;-38.25;0.3422746062278748
2026-01-20;-4.75;-37.75;1.351650953292847
2026-01-20;-4.75;-37.25;4.277693271636963
2026-01-20;-4.25;-41.25;0.0
2026-01-20;-4.25;-40.75;0.0
2026-01-20;-4.25;-40.25;0.0
2026-01-20;-4.25;-39.75;0.9881433248519897
2026-01-20;-4.25;-39.25;6.841024875640869
2026-01-20;-4.25;-38.75;0.7343993782997131
2026-01-20;-4.25;-38.25;0.3568692207336426
2026-01-20;-4.25;-37.75;1.383899807929993
2026-01-20;-4.25;-37.25;
2026-01-20;-3.75;-41.25;0.0
2026-01-20;-3.75;-40.75;0.267675369977951
2026-01-20;-3.75;-40.25;0.6119195818901062
2026-01-20;-3.75;-39.75;0.5468891263008118
2026-01-20;-3.75;-39.25;1.695376634597778
2026-01-20;-3.75;-38.75;0.2524703741073608
2026-01-20;-3.75;-38.25;0.0
2026-01-20;-3.75;-37.75;
2026-01-20;-3.75;-37.25;
2026-01-20;-3.25;-41.25;0.0
2026-01-20;-3.25;-40.75;0.0
2026-01-20;-3.25;-40.25;0.0
2026-01-20;-3.25;-39.75;0.2100388258695602
2026-01-20;-3.25;-39.25;1.193881869316101
2026-01-20;-3.25;-38.75;0.3896440267562866
2026-01-20;-3.25;-38.25;
2026-01-20;-3.25;-37.75;
2026-01-20;-3.25;-37.25;
2026-01-20;-2.75;-41.25;0.0
2026-01-20;-2.75;-40.75;0.0
2026-01-20;-2.75;-40.25;0.0
2026-01-20;-2.75;-39.75;0.0
2026-01-20;-2.75;-39.25;
2026-01-20;-2.75;-38.75;
2026-01-20;-2.75;-38.25;
2026-01-20;-2.75;-37.75;
2026-01-20;-2.75;-37.25;
2026-01-21;-7.75;-41.25;23.54997444152832
2026-01-21;-7.75;-40.75;16.71936988830566
2026-01-21;-7.75;-40.25;2.992819547653198
2026-01-21;-7.75;-39.75;10.26680278778076
2026-01-21;-7.75;-39.25;23.22922515869141
2026-01-21;-7.75;-38.75;15.9496374130249
2026-01-21;-7.75;-38.25;0.509109377861023
2026-01-21;-7.75;-37.75;0.0
2026-01-21;-7.75;-37.25;0.2146066129207611
2026-01-21;-7.25;-41.25;13.49253559112549
2026-01-21;-7.25;-40.75;15.602294921875
2026-01-21;-7.25;-40.25;21.12203979492188
2026-01-21;-7.25;-39.75;45.2967529296875
2026-01-21;-7.25;-39.25;62.2807502746582
2026-01-21;-7.25;-38.75;57.78487396240234
2026-01-21;-7.25;-38.25;2.599442005157471
2026-01-21;-7.25;-37.75;1.207506656646729
2026-01-21;-7.25;-37.25;5.078405380249023
2026-01-21;-6.75;-41.25;8.848984718322754
2026-01-21;-6.75;-40.75;27.79989624023438
2026-01-21;-6.75;-40.25;55.88609313964844
2026-01-21;-6.75;-39.75;61.4315299987793
2026-01-21;-6.75;-39.25;69.82733917236328
2026-01-21;-6.75;-38.75;43.19160842895508
2026-01-21;-6.75;-38.25;2.063605308532715
2026-01-21;-6.75;-37.75;0.0
2026-01-21;-6.75;-37.25;2.066226243972778
2026-01-21;-6.25;-41.25;10.20556640625
2026-01-21;-6.25;-40.75;29.5079402923584
2026-01-21;-6.25;-40.25;62.02040863037109
2026-01-21;-6.25;-39.75;67.16758728027344
2026-01-21;-6.25;-39.25;77.88166046142578
2026-01-21;-6.25;-38.75;13.61554908752441
2026-01-21;-6.25;-38.25;0.6292138695716858
2026-01-21;-6.25;-37.75;0.0
2026-01-21;-6.25;-37.25;0.421938568353653
2026-01-21;-5.75;-41.25;12.90011024475098
2026-01-21;-5.75;-40.75;20.02848243713379
2026-01-21;-5.75;-40.25;56.44167709350586
2026-01-21;-5.75;-39.75;70.9026107788086
2026-01-21;-5.75;-39.25;69.61318969726562
2026-01-21;-5.75;-38.75;8.97074031829834
2026-01-21;-5.75;-38.25;0.0
2026-01-21;-5.75;-37.75;0.0
2026-01-21;-5.75;-37.25;0.5067560076713562
2026-01-21;-5.25;-41.25;14.77380561828613
2026-01-21;-5.25;-40.75;13.445143699646
2026-01-21;-5.25;-40.25;27.26295471191406
2026-01-21;-5.25;-39.75;37.30991744995117
2026-01-21;-5.25;-39.25;19.58478927612305
2026-01-21;-5.25;-38.75;3.12784481048584
2026-01-21;-5.25;-38.25;0.0
2026-01-21;-5.25;-37.75;0.0
2026-01-21;-5.25;-37.25;0.7585429549217224
2026-01-21;-4.75;-41.25;10.6139497756958
2026-01-21;-4.75;-40.75;3.592967987060547
2026-01-21;-4.75;-40.25;0.5429773926734924
2026-01-21;-4.75;-39.75;4.824288368225098
2026-01-21;-4.75;-39.25;3.048797369003296
2026-01-21;-4.75;-38.75;0.5512182116508484
2026-01-21;-4.75;-38.25;0.0
2026-01-21;-4.75;-37.75;0.0
2026-01-21;-4.75;-37.25;0.0
2026-01-21;-4.25;-41.25;8.545015335083008
2026-01-21;-4.25;-40.75;0.6935570240020752
2026-01-21;-4.25;-40.25;0.0
2026-01-21;-4.25;-39.75;0.0
2026-01-21;-4.25;-39.25;1.781387686729431
2026-01-21;-4.25;-38.75;9.454927444458008
2026-01-21;-4.25;-38.25;7.892319679260254
2026-01-21;-4.25;-37.75;3.130231142044067
2026-01-21;-4.25;-37.25;
2026-01-21;-3.75;-41.25;22.04233169555664
2026-01-21;-3.75;-40.75;9.222469329833984
2026-01-21;-3.75;-40.25;0.0
2026-01-21;-3.75;-39.75;0.0
2026-01-21;-3.75;-39.25;1.554804921150208
2026-01-21;-3.75;-38.75;13.71289825439453
2026-01-21;-3.75;-38.25;16.36971092224121
2026-01-21;-3.75;-37.75;
2026-01-21;-3.75;-37.25;
2026-01-21;-3.25;-41.25;47.34766006469727
2026-01-21;-3.25;-40.75;27.56256294250488
2026-01-21;-3.25;-40.25;0.86243736743927
2026-01-21;-3.25;-39.75;0.0
2026-01-21;-3.25;-39.25;2.811788558959961
2026-01-21;-3.25;-38.75;11.20789432525635
2026-01-21;-3.25;-38.25;
2026-01-21;-3.25;-37.75;
2026-01-21;-3.25;-37.25;
2026-01-21;-2.75;-41.25;33.23029708862305
2026-01-21;-2.75;-40.75;29.65429496765137
2026-01-21;-2.75;-40.25;3.741423845291138
2026-01-21;-2.75;-39.75;0.0
2026-01-21;-2.75;-39.25;
2026-01-21;-2.75;-38.75;
2026-01-21;-2.75;-38.25;
2026-01-21;-2.75;-37.75;
2026-01-21;-2.75;-37.25;
2026-01-22;-7.75;-41.25;122.2728652954102
2026-01-22;-7.75;-40.75;80.6480941772461
2026-01-22;-7.75;-40.25;10.24194717407227
2026-01-22;-7.75;-39.75;7.01819896697998
2026-01-22;-7.75;-39.25;23.25736999511719
2026-01-22;-7.75;-38.75;17.74285125732422
2026-01-22;-7.75;-38.25;2.169267177581787
2026-01-22;-7.75;-37.75;0.0
2026-01-22;-7.75;-37.25;0.0
2026-01-22;-7.25;-41.25;66.4341049194336
2026-01-22;-7.25;-40.75;48.25949478149414
2026-01-22;-7.25;-40.25;3.016044855117798
2026-01-22;-7.25;-39.75;0.4958094954490662
2026-01-22;-7.25;-39.25;1.381939053535461
2026-01-22;-7.25;-38.75;0.48314368724823
2026-01-22;-7.25;-38.25;0.0
2026-01-22;-7.25;-37.75;0.0
2026-01-22;-7.25;-37.25;0.0
2026-01-22;-6.75;-41.25;6.817334651947021
2026-01-22;-6.75;-40.75;3.770118713378906
2026-01-22;-6.75;-40.25;0.0
2026-01-22;-6.75;-39.75;0.2015895396471024
2026-01-22;-6.75;-39.25;0.3104484081268311
2026-01-22;-6.75;-38.75;0.0
2026-01-22;-6.75;-38.25;0.0
2026-01-22;-6.75;-37.75;0.0
2026-01-22;-6.75;-37.25;0.0
2026-01-22;-6.25;-41.25;0.0
2026-01-22;-6.25;-40.75;0.0
2026-01-22;-6.25;-40.25;0.0
2026-01-22;-6.25;-39.75;0.0
2026-01-22;-6.25;-39.25;0.0
2026-01-22;-6.25;-38.75;0.0
2026-01-22;-6.25;-38.25;0.0
2026-01-22;-6.25;-37.75;0.0
2026-01-22;-6.25;-37.25;0.0
2026-01-22;-5.75;-41.25;0.4790941178798676
2026-01-22;-5.75;-40.75;1.339399456977844
2026-01-22;-5.75;-40.25;0.2842862606048584
2026-01-22;-5.75;-39.75;0.0
2026-01-22;-5.75;-39.25;0.0
2026-01-22;-5.75;-38.75;0.6782193183898926
2026-01-22;-5.75;-38.25;1.125863075256348
2026-01-22;-5.75;-37.75;1.671281695365906
2026-01-22;-5.75;-37.25;0.0
2026-01-22;-5.25;-41.25;1.412807464599609
2026-01-22;-5.25;-40.75;1.495229363441467
2026-01-22;-5.25;-40.25;0.5686070919036865
2026-01-22;-5.25;-39.75;0.0
2026-01-22;-5.25;-39.25;2.312412261962891
2026-01-22;-5.25;-38.75;13.24216651916504
2026-01-22;-5.25;-38.25;10.53362274169922
2026-01-22;-5.25;-37.75;7.336236000061035
2026-01-22;-5.25;-37.25;1.065729260444641
2026-01-22;-4.75;-41.25;3.169901371002197
2026-01-22;-4.75;-40.75;0.4022895395755768
2026-01-22;-4.75;-40.25;0.0
2026-01-22;-4.75;-39.75;0.0
2026-01-22;-4.75;-39.25;3.403955459594727
2026-01-22;-4.75;-38.75;18.85400772094727
2026-01-22;-4.75;-38.25;14.30870532989502
2026-01-22;-4.75;-37.75;2.915678977966309
2026-01-22;-4.75;-37.25;1.628730773925781
2026-01-22;-4.25;-41.25;2.335974216461182
2026-01-22;-4.25;-40.75;0.0
2026-01-22;-4.25;-40.25;0.2051452696323395
2026-01-22;-4.25;-39.75;0.0
2026-01-22;-4.25;-39.25;0.3292303085327148
2026-01-22;-4.25;-38.75;4.95115852355957
2026-01-22;-4.25;-38.25;5.587582588195801
2026-01-22;-4.25;-37.75;1.966281056404114
2026-01-22;-4.25;-37.25;
2026-01-22;-3.75;-41.25;0.9571290016174316
2026-01-22;-3.75;-40.75;0.7550493478775024
2026-01-22;-3.75;-40.25;1.17006778717041
2026-01-22;-3.75;-39.75;0.0
2026-01-22;-3.75;-39.25;0.0
2026-01-22;-3.75;-38.75;0.0
2026-01-22;-3.75;-38.25;0.3803741335868835
2026-01-22;-3.75;-37.75;
2026-01-22;-3.75;-37.25;
2026-01-22;-3.25;-41.25;0.0
2026-01-22;-3.25;-40.75;0.0
2026-01-22;-3.25;-40.25;3.661425113677979
2026-01-22;-3.25;-39.75;3.414425134658813
2026-01-22;-3.25;-39.25;0.0
2026-01-22;-3.25;-38.75;0.0
2026-01-22;-3.25;-38.25;
2026-01-22;-3.25;-37.75;
2026-01-22;-3.25;-37.25;
2026-01-22;-2.75;-41.25;0.0
2026-01-22;-2.75;-40.75;1.143890023231506
2026-01-22;-2.75;-40.25;6.554358005523682
2026-01-22;-2.75;-39.75;7.013873100280762
2026-01-22;-2.75;-39.25;
2026-01-22;-2.75;-38.75;
2026-01-22;-2.75;-38.25;
2026-01-22;-2.75;-37.75;
2026-01-22;-2.75;-37.25;
2026-01-23;-7.75;-41.25;0.0
2026-01-23;-7.75;-40.75;0.0
2026-01-23;-7.75;-40.25;0.0
2026-01-23;-7.75;-39.75;0.0
2026-01-23;-7.75;-39.25;0.0
2026-01-23;-7.75;-38.75;0.0
2026-01-23;-7.75;-38.25;0.0
2026-01-23;-7.75;-37.75;0.0
2026-01-23;-7.75;-37.25;0.0
2026-01-23;-7.25;-41.25;0.0
2026-01-23;-7.25;-40.75;0.0
2026-01-23;-7.25;-40.25;0.0
2026-01-23;-7.25;-39.75;0.0
2026-01-23;-7.25;-39.25;0.0
2026-01-23;-7.25;-38.75;0.0
2026-01-23;-7.25;-38.25;0.0
2026-01-23;-7.25;-37.75;0.0
2026-01-23;-7.25;-37.25;0.0
2026-01-23;-6.75;-41.25;0.0
2026-01-23;-6.75;-40.75;0.0
2026-01-23;-6.75;-40.25;0.0
2026-01-23;-6.75;-39.75;0.0
2026-01-23;-6.75;-39.25;0.0
2026-01-23;-6.75;-38.75;0.0
2026-01-23;-6.75;-38.25;0.0
2026-01-23;-6.75;-37.75;0.0
2026-01-23;-6.75;-37.25;0.0
2026-01-23;-6.25;-41.25;0.0
2026-01-23;-6.25;-40.75;0.0
2026-01-23;-6.25;-40.25;0.0
2026-01-23;-6.25;-39.75;0.0
2026-01-23;-6.25;-39.25;0.0
2026-01-23;-6.25;-38.75;0.0
2026-01-23;-6.25;-38.25;0.0
2026-01-23;-6.25;-37.75;0.0
2026-01-23;-6.25;-37.25;0.0
2026-01-23;-5.75;-41.25;0.0
2026-01-23;-5.75;-40.75;0.0
2026-01-23;-5.75;-40.25;0.0
2026-01-23;-5.75;-39.75;0.0
2026-01-23;-5.75;-39.25;0.0
2026-01-23;-5.75;-38.75;0.0
2026-01-23;-5.75;-38.25;0.0
2026-01-23;-5.75;-37.75;0.0
2026-01-23;-5.75;-37.25;0.0
2026-01-23;-5.25;-41.25;0.0
2026-01-23;-5.25;-40.75;0.0
2026-01-23;-5.25;-40.25;0.0
2026-01-23;-5.25;-39.75;0.0
2026-01-23;-5.25;-39.25;0.0
2026-01-23;-5.25;-38.75;0.0
2026-01-23;-5.25;-38.25;0.0
2026-01-23;-5.25;-37.75;0.0
2026-01-23;-5.25;-37.25;0.0
2026-01-23;-4.75;-41.25;0.0
2026-01-23;-4.75;-40.75;0.0
2026-01-23;-4.75;-40.25;0.0
2026-01-23;-4.75;-39.75;0.0
2026-01-23;-4.75;-39.25;0.0
2026-01-23;-4.75;-38.75;0.5577278137207031
2026-01-23;-4.75;-38.25;0.0
2026-01-23;-4.75;-37.75;0.0
2026-01-23;-4.75;-37.25;0.0
2026-01-23;-4.25;-41.25;0.0
2026-01-23;-4.25;-40.75;0.0
2026-01-23;-4.25;-40.25;0.0
2026-01-23;-4.25;-39.75;0.0
2026-01-23;-4.25;-39.25;2.398086547851562
2026-01-23;-4.25;-38.75;10.22189044952393
2026-01-23;-4.25;-38.25;8.196112632751465
2026-01-23;-4.25;-37.75;3.022712230682373
2026-01-23;-4.25;-37.25;
2026-01-23;-3.75;-41.25;0.0
2026-01-23;-3.75;-40.75;0.0
2026-01-23;-3.75;-40.25;0.0
2026-01-23;-3.75;-39.75;0.0
2026-01-23;-3.75;-39.25;1.780748844146729
2026-01-23;-3.75;-38.75;13.91427898406982
2026-01-23;-3.75;-38.25;16.36513710021973
2026-01-23;-3.75;-37.75;
2026-01-23;-3.75;-37.25;
2026-01-23;-3.25;-41.25;0.0
2026-01-23;-3.25;-40.75;0.0
2026-01-23;-3.25;-40.25;0.0
2026-01-23;-3.25;-39.75;0.0
2026-01-23;-3.25;-39.25;2.828114986419678
2026-01-23;-3.25;-38.75;11.06733798980713
2026-01-23;-3.25;-38.25;
2026-01-23;-3.25;-37.75;
2026-01-23;-3.25;-37.25;
2026-01-23;-2.75;-41.25;0.0
2026-01-23;-2.75;-40.75;0.0
2026-01-23;-2.75;-40.25;0.0
2026-01-23;-2.75;-39.75;0.0
2026-01-23;-2.75;-39.25;
2026-01-23;-2.75;-38.75;
2026-01-23;-2.75;-38.25;
2026-01-23;-2.75;-37.75;
2026-01-23;-2.75;-37.25;
2026-01-24;-7.75;-41.25;0.0
2026-01-24;-7.75;-40.75;0.0
2026-01-24;-7.75;-40.25;0.0
2026-01-24;-7.75;-39.75;0.0
2026-01-24;-7.75;-39.25;0.0
2026-01-24;-7.75;-38.75;0.0
2026-01-24;-7.75;-38.25;0.0
2026-01-24;-7.75;-37.75;0.0
2026-01-24;-7.75;-37.25;0.0
2026-01-24;-7.25;-41.25;0.0
2026-01-24;-7.25;-40.75;0.0
2026-01-24;-7.25;-40.25;0.0
2026-01-24;-7.25;-39.75;0.0
2026-01-24;-7.25;-39.25;0.0
2026-01-24;-7.25;-38.75;0.0
2026-01-24;-7.25;-38.25;0.0
2026-01-24;-7.25;-37.75;0.0
2026-01-24;-7.25;-37.25;0.0
2026-01-24;-6.75;-41.25;1.157715678215027
2026-01-24;-6.75;-40.75;0.0
2026-01-24;-6.75;-40.25;0.0
2026-01-24;-6.75;-39.75;0.0
2026-01-24;-6.75;-39.25;0.0
2026-01-24;-6.75;-38.75;0.0
2026-01-24;-6.75;-38.25;0.0
2026-01-24;-6.75;-37.75;0.0
2026-01-24;-6.75;-37.25;0.0
2026-01-24;-6.25;-41.25;11.91285610198975
2026-01-24;-6.25;-40.75;0.353923112154007
2026-01-24;-6.25;-40.25;0.0
2026-01-24;-6.25;-39.75;0.0
2026-01-24;-6.25;-39.25;0.0
2026-01-24;-6.25;-38.75;0.0
2026-01-24;-6.25;-38.25;0.0
2026-01-24;-6.25;-37.75;0.0
2026-01-24;-6.25;-37.25;0.0
2026-01-24;-5.75;-41.25;21.69951057434082
2026-01-24;-5.75;-40.75;1.302168488502502
2026-01-24;-5.75;-40.25;0.0
2026-01-24;-5.75;-39.75;0.0
2026-01-24;-5.75;-39.25;0.0
2026-01-24;-5.75;-38.75;0.0
2026-01-24;-5.75;-38.25;0.0
2026-01-24;-5.75;-37.75;0.0
2026-01-24;-5.75;-37.25;0.0
2026-01-24;-5.25;-41.25;4.099420547485352
2026-01-24;-5.25;-40.75;0.0
2026-01-24;-5.25;-40.25;0.0
2026-01-24;-5.25;-39.75;0.0
2026-01-24;-5.25;-39.25;0.0
2026-01-24;-5.25;-38.75;0.0
2026-01-24;-5.25;-38.25;0.0
2026-01-24;-5.25;-37.75;0.0
2026-01-24;-5.25;-37.25;0.0
2026-01-24;-4.75;-41.25;0.0
2026-01-24;-4.75;-40.75;0.0
2026-01-24;-4.75;-40.25;0.0
2026-01-24;-4.75;-39.75;0.0
2026-01-24;-4.75;-39.25;0.0
2026-01-24;-4.75;-38.75;0.0
2026-01-24;-4.75;-38.25;0.0
2026-01-24;-4.75;-37.75;0.0
2026-01-24;-4.75;-37.25;0.0
2026-01-24;-4.25;-41.25;0.0
2026-01-24;-4.25;-40.75;0.0
2026-01-24;-4.25;-40.25;0.0
2026-01-24;-4.25;-39.75;0.0
2026-01-24;-4.25;-39.25;0.0
2026-01-24;-4.25;-38.75;0.0
2026-01-24;-4.25;-38.25;0.0
2026-01-24;-4.25;-37.75;0.0
2026-01-24;-4.25;-37.25;
2026-01-24;-3.75;-41.25;0.0
2026-01-24;-3.75;-40.75;0.0
2026-01-24;-3.75;-40.25;1.380430102348328
2026-01-24;-3.75;-39.75;1.023168683052063
2026-01-24;-3.75;-39.25;0.0
2026-01-24;-3.75;-38.75;0.0
2026-01-24;-3.75;-38.25;0.0
2026-01-24;-3.75;-37.75;
2026-01-24;-3.75;-37.25;
2026-01-24;-3.25;-41.25;0.0
2026-01-24;-3.25;-40.75;0.0
2026-01-24;-3.25;-40.25;2.928505182266235
2026-01-24;-3.25;-39.75;0.771506130695343
2026-01-24;-3.25;-39.25;0.0
2026-01-24;-3.25;-38.75;0.0
2026-01-24;-3.25;-38.25;
2026-01-24;-3.25;-37.75;
2026-01-24;-3.25;-37.25;
2026-01-24;-2.75;-41.25;0.0
2026-01-24;-2.75;-40.75;0.0
2026-01-24;-2.75;-40.25;0.0
2026-01-24;-2.75;-39.75;0.0
2026-01-24;-2.75;-39.25;
2026-01-24;-2.75;-38.75;
2026-01-24;-2.75;-38.25;
2026-01-24;-2.75;-37.75;
2026-01-24;-2.75;-37.25;
2026-01-25;-7.75;-41.25;0.0
2026-01-25;-7.75;-40.75;0.0
2026-01-25;-7.75;-40.25;0.0
2026-01-25;-7.75;-39.75;0.5898205637931824
2026-01-25;-7.75;-39.25;0.595169723033905
2026-01-25;-7.75;-38.75;0.2322319895029068
2026-01-25;-7.75;-38.25;0.0
2026-01-25;-7.75;-37.75;0.0
2026-01-25;-7.75;-37.25;0.0
2026-01-25;-7.25;-41.25;1.572472929954529
2026-01-25;-7.25;-40.75;4.603122711181641
2026-01-25;-7.25;-40.25;10.22983455657959
2026-01-25;-7.25;-39.75;8.3295316696167
2026-01-25;-7.25;-39.25;0.2895786762237549
2026-01-25;-7.25;-38.75;0.4701314866542816
2026-01-25;-7.25;-38.25;0.0
2026-01-25;-7.25;-37.75;0.9368487596511841
2026-01-25;-7.25;-37.25;0.0
2026-01-25;-6.75;-41.25;14.11481189727783
2026-01-25;-6.75;-40.75;24.49756622314453
2026-01-25;-6.75;-40.25;30.29177665710449
2026-01-25;-6.75;-39.75;28.10659217834473
2026-01-25;-6.75;-39.25;2.873344421386719
2026-01-25;-6.75;-38.75;0.0
2026-01-25;-6.75;-38.25;0.0
2026-01-25;-6.75;-37.75;0.8593686819076538
2026-01-25;-6.75;-37.25;0.0
2026-01-25;-6.25;-41.25;14.97028160095215
2026-01-25;-6.25;-40.75;24.47235870361328
2026-01-25;-6.25;-40.25;30.9769458770752
2026-01-25;-6.25;-39.75;27.54788970947266
2026-01-25;-6.25;-39.25;3.220590353012085
2026-01-25;-6.25;-38.75;0.0
2026-01-25;-6.25;-38.25;0.0
2026-01-25;-6.25;-37.75;0.0
2026-01-25;-6.25;-37.25;0.0
2026-01-25;-5.75;-41.25;2.612208604812622
2026-01-25;-5.75;-40.75;4.30880069732666
2026-01-25;-5.75;-40.25;12.64434623718262
2026-01-25;-5.75;-39.75;7.305296897888184
2026-01-25;-5.75;-39.25;0.3320174813270569
2026-01-25;-5.75;-38.75;0.0
2026-01-25;-5.75;-38.25;0.0
2026-01-25;-5.75;-37.75;0.0
2026-01-25;-5.75;-37.25;0.0
2026-01-25;-5.25;-41.25;0.0
2026-01-25;-5.25;-40.75;0.0
2026-01-25;-5.25;-40.25;0.0
2026-01-25;-5.25;-39.75;0.0
2026-01-25;-5.25;-39.25;0.0
2026-01-25;-5.25;-38.75;0.0
2026-01-25;-5.25;-38.25;0.0
2026-01-25;-5.25;-37.75;0.0
2026-01-25;-5.25;-37.25;0.0
2026-01-25;-4.75;-41.25;0.0
2026-01-25;-4.75;-40.75;0.0
2026-01-25;-4.75;-40.25;0.0
2026-01-25;-4.75;-39.75;0.0
2026-01-25;-4.75;-39.25;0.0
2026-01-25;-4.75;-38.75;0.0
2026-01-25;-4.75;-38.25;0.0
2026-01-25;-4.75;-37.75;0.0
2026-01-25;-4.75;-37.25;0.0
2026-01-25;-4.25;-41.25;0.0
2026-01-25;-4.25;-40.75;0.0
2026-01-25;-4.25;-40.25;0.0
2026-01-25;-4.25;-39.75;0.0
2026-01-25;-4.25;-39.25;0.0
2026-01-25;-4.25;-38.75;2.604424476623535
2026-01-25;-4.25;-38.25;1.943933010101318
2026-01-25;-4.25;-37.75;0.0
2026-01-25;-4.25;-37.25;
2026-01-25;-3.75;-41.25;0.0
2026-01-25;-3.75;-40.75;0.0
2026-01-25;-3.75;-40.25;0.2391973286867142
2026-01-25;-3.75;-39.75;0.0
2026-01-25;-3.75;-39.25;0.0
2026-01-25;-3.75;-38.75;3.642859935760498
2026-01-25;-3.75;-38.25;4.934571266174316
2026-01-25;-3.75;-37.75;
2026-01-25;-3.75;-37.25;
2026-01-25;-3.25;-41.25;0.0
2026-01-25;-3.25;-40.75;0.0
2026-01-25;-3.25;-40.25;0.5014665126800537
2026-01-25;-3.25;-39.75;0.0
2026-01-25;-3.25;-39.25;0.0
2026-01-25;-3.25;-38.75;2.43896746635437
2026-01-25;-3.25;-38.25;
2026-01-25;-3.25;-37.75;
2026-01-25;-3.25;-37.25;
2026-01-25;-2.75;-41.25;0.0
2026-01-25;-2.75;-40.75;0.0
2026-01-25;-2.75;-40.25;0.0
2026-01-25;-2.75;-39.75;0.0
2026-01-25;-2.75;-39.25;
2026-01-25;-2.75;-38.75;
2026-01-25;-2.75;-38.25;
2026-01-25;-2.75;-37.75;
2026-01-25;-2.75;-37.25;
2026-01-26;-7.75;-41.25;0.0
2026-01-26;-7.75;-40.75;0.0
2026-01-26;-7.75;-40.25;2.908280372619629
2026-01-26;-7.75;-39.75;32.01556777954102
2026-01-26;-7.75;-39.25;72.16541290283203
2026-01-26;-7.75;-38.75;47.96133804321289
2026-01-26;-7.75;-38.25;3.298023700714111
2026-01-26;-7.75;-37.75;0.0
2026-01-26;-7.75;-37.25;0.0
2026-01-26;-7.25;-41.25;1.826250076293945
2026-01-26;-7.25;-40.75;0.4406971037387848
2026-01-26;-7.25;-40.25;5.286334991455078
2026-01-26;-7.25;-39.75;71.91136932373047
2026-01-26;-7.25;-39.25;189.0062408447266
2026-01-26;-7.25;-38.75;122.2209320068359
2026-01-26;-7.25;-38.25;7.064046382904053
2026-01-26;-7.25;-37.75;0.0
2026-01-26;-7.25;-37.25;0.0
2026-01-26;-6.75;-41.25;16.4364013671875
2026-01-26;-6.75;-40.75;8.442748069763184
2026-01-26;-6.75;-40.25;0.3902548551559448
2026-01-26;-6.75;-39.75;10.42718505859375
2026-01-26;-6.75;-39.25;54.94417953491211
2026-01-26;-6.75;-38.75;65.81189727783203
2026-01-26;-6.75;-38.25;2.94399094581604
2026-01-26;-6.75;-37.75;0.0
2026-01-26;-6.75;-37.25;2.179348707199097
2026-01-26;-6.25;-41.25;17.3791446685791
2026-01-26;-6.25;-40.75;8.984624862670898
2026-01-26;-6.25;-40.25;0.0
2026-01-26;-6.25;-39.75;0.0
2026-01-26;-6.25;-39.25;0.0
2026-01-26;-6.25;-38.75;0.842979907989502
2026-01-26;-6.25;-38.25;0.0
2026-01-26;-6.25;-37.75;2.98374080657959
2026-01-26;-6.25;-37.25;27.46340751647949
2026-01-26;-5.75;-41.25;3.062773704528809
2026-01-26;-5.75;-40.75;0.5344375967979431
2026-01-26;-5.75;-40.25;0.0
2026-01-26;-5.75;-39.75;0.0
2026-01-26;-5.75;-39.25;0.0
2026-01-26;-5.75;-38.75;0.0
2026-01-26;-5.75;-38.25;0.0
2026-01-26;-5.75;-37.75;10.47500324249268
2026-01-26;-5.75;-37.25;31.07484817504883
2026-01-26;-5.25;-41.25;0.0
2026-01-26;-5.25;-40.75;0.0
2026-01-26;-5.25;-40.25;0.0
2026-01-26;-5.25;-39.75;0.0
2026-01-26;-5.25;-39.25;0.0
2026-01-26;-5.25;-38.75;0.0
2026-01-26;-5.25;-38.25;0.0
2026-01-26;-5.25;-37.75;0.0
2026-01-26;-5.25;-37.25;0.2844770550727844
2026-01-26;-4.75;-41.25;0.0
2026-01-26;-4.75;-40.75;0.0
2026-01-26;-4.75;-40.25;0.0
2026-01-26;-4.75;-39.75;0.0
2026-01-26;-4.75;-39.25;0.0
2026-01-26;-4.75;-38.75;0.0
2026-01-26;-4.75;-38.25;0.0
2026-01-26;-4.75;-37.75;0.0
2026-01-26;-4.75;-37.25;0.0
2026-01-26;-4.25;-41.25;0.0
2026-01-26;-4.25;-40.75;0.0
2026-01-26;-4.25;-40.25;0.0
2026-01-26;-4.25;-39.75;0.0
2026-01-26;-4.25;-39.25;0.0
2026-01-26;-4.25;-38.75;4.240554332733154
2026-01-26;-4.25;-38.25;3.238855123519897
2026-01-26;-4.25;-37.75;0.0
2026-01-26;-4.25;-37.25;
2026-01-26;-3.75;-41.25;0.0
2026-01-26;-3.75;-40.75;0.0
2026-01-26;-3.75;-40.25;0.0
2026-01-26;-3.75;-39.75;0.0
2026-01-26;-3.75;-39.25;0.0
2026-01-26;-3.75;-38.75;6.100442886352539
2026-01-26;-3.75;-38.25;8.126503944396973
2026-01-26;-3.75;-37.75;
2026-01-26;-3.75;-37.25;
2026-01-26;-3.25;-41.25;0.0
2026-01-26;-3.25;-40.75;0.0
2026-01-26;-3.25;-40.25;0.0
2026-01-26;-3.25;-39.75;0.0
2026-01-26;-3.25;-39.25;0.0
2026-01-26;-3.25;-38.75;3.993878364562988
2026-01-26;-3.25;-38.25;
2026-01-26;-3.25;-37.75;
2026-01-26;-3.25;-37.25;
2026-01-26;-2.75;-41.25;0.0
2026-01-26;-2.75;-40.75;0.0
2026-01-26;-2.75;-40.25;0.0
2026-01-26;-2.75;-39.75;0.0
2026-01-26;-2.75;-39.25;
2026-01-26;-2.75;-38.75;
2026-01-26;-2.75;-38.25;
2026-01-26;-2.75;-37.75;
2026-01-26;-2.75;-37.25;
2026-01-27;-7.75;-41.25;15.76303768157959
2026-01-27;-7.75;-40.75;4.902781009674072
2026-01-27;-7.75;-40.25;0.0
2026-01-27;-7.75;-39.75;0.0
2026-01-27;-7.75;-39.25;0.0
2026-01-27;-7.75;-38.75;0.0
2026-01-27;-7.75;-38.25;0.0
2026-01-27;-7.75;-37.75;0.0
2026-01-27;-7.75;-37.25;0.0
2026-01-27;-7.25;-41.25;32.941650390625
2026-01-27;-7.25;-40.75;13.38478565216064
2026-01-27;-7.25;-40.25;0.6706547141075134
2026-01-27;-7.25;-39.75;0.0
2026-01-27;-7.25;-39.25;0.0
2026-01-27;-7.25;-38.75;0.0
2026-01-27;-7.25;-38.25;0.0
2026-01-27;-7.25;-37.75;0.0
2026-01-27;-7.25;-37.25;0.0
2026-01-27;-6.75;-41.25;46.64810943603516
2026-01-27;-6.75;-40.75;16.01599884033203
2026-01-27;-6.75;-40.25;0.3535079956054688
2026-01-27;-6.75;-39.75;0.0
2026-01-27;-6.75;-39.25;0.0
2026-01-27;-6.75;-38.75;0.0
2026-01-27;-6.75;-38.25;0.0
2026-01-27;-6.75;-37.75;0.0
2026-01-27;-6.75;-37.25;0.0
2026-01-27;-6.25;-41.25;73.64867401123047
2026-01-27;-6.25;-40.75;23.16541862487793
2026-01-27;-6.25;-40.25;0.5769328474998474
2026-01-27;-6.25;-39.75;0.4516887962818146
2026-01-27;-6.25;-39.25;2.770460844039917
2026-01-27;-6.25;-38.75;4.792324066162109
2026-01-27;-6.25;-38.25;1.604329109191895
2026-01-27;-6.25;-37.75;0.0
2026-01-27;-6.25;-37.25;1.094257354736328
2026-01-27;-5.75;-41.25;97.06576538085938
2026-01-27;-5.75;-40.75;28.11232757568359
2026-01-27;-5.75;-40.25;0.9032222628593445
2026-01-27;-5.75;-39.75;2.135003566741943
2026-01-27;-5.75;-39.25;7.253602981567383
2026-01-27;-5.75;-38.75;16.31620597839355
2026-01-27;-5.75;-38.25;17.21980476379395
2026-01-27;-5.75;-37.75;10.02966117858887
2026-01-27;-5.75;-37.25;5.878857612609863
2026-01-27;-5.25;-41.25;121.2594528198242
2026-01-27;-5.25;-40.75;31.73791313171387
2026-01-27;-5.25;-40.25;9.534760475158691
2026-01-27;-5.25;-39.75;6.933854579925537
2026-01-27;-5.25;-39.25;5.39150333404541
2026-01-27;-5.25;-38.75;36.98259735107422
2026-01-27;-5.25;-38.25;69.65626525878906
2026-01-27;-5.25;-37.75;85.18019104003906
2026-01-27;-5.25;-37.25;72.64596557617188
2026-01-27;-4.75;-41.25;137.8837738037109
2026-01-27;-4.75;-40.75;50.30162811279297
2026-01-27;-4.75;-40.25;39.03421401977539
2026-01-27;-4.75;-39.75;40.66501998901367
2026-01-27;-4.75;-39.25;50.27055740356445
2026-01-27;-4.75;-38.75;97.41136169433594
2026-01-27;-4.75;-38.25;143.4832916259766
2026-01-27;-4.75;-37.75;185.2613372802734
2026-01-27;-4.75;-37.25;200.8941650390625
2026-01-27;-4.25;-41.25;146.9195404052734
2026-01-27;-4.25;-40.75;87.29210662841797
2026-01-27;-4.25;-40.25;89.30718994140625
2026-01-27;-4.25;-39.75;105.6359481811523
2026-01-27;-4.25;-39.25;138.2553405761719
2026-01-27;-4.25;-38.75;191.2237854003906
2026-01-27;-4.25;-38.25;215.3597106933594
2026-01-27;-4.25;-37.75;230.8088684082031
2026-01-27;-4.25;-37.25;
2026-01-27;-3.75;-41.25;160.4067535400391
2026-01-27;-3.75;-40.75;128.9288635253906
2026-01-27;-3.75;-40.25;137.4058227539062
2026-01-27;-3.75;-39.75;157.0765075683594
2026-01-27;-3.75;-39.25;197.1088409423828
2026-01-27;-3.75;-38.75;244.2227020263672
2026-01-27;-3.75;-38.25;252.2761077880859
2026-01-27;-3.75;-37.75;
2026-01-27;-3.75;-37.25;
2026-01-27;-3.25;-41.25;182.4534912109375
2026-01-27;-3.25;-40.75;170.7410736083984
2026-01-27;-3.25;-40.25;175.796875
2026-01-27;-3.25;-39.75;187.7461700439453
2026-01-27;-3.25;-39.25;215.8849792480469
2026-01-27;-3.25;-38.75;241.87451171875
2026-01-27;-3.25;-38.25;
2026-01-27;-3.25;-37.75;
2026-01-27;-3.25;-37.25;
2026-01-27;-2.75;-41.25;184.8023681640625
2026-01-27;-2.75;-40.75;225.1830749511719
2026-01-27;-2.75;-40.25;211.4967956542969
2026-01-27;-2.75;-39.75;210.06787109375
2026-01-27;-2.75;-39.25;
2026-01-27;-2.75;-38.75;
2026-01-27;-2.75;-38.25;
2026-01-27;-2.75;-37.75;
2026-01-27;-2.75;-37.25;
2026-01-28;-7.75;-41.25;16.04290008544922
2026-01-28;-7.75;-40.75;5.7490553855896
2026-01-28;-7.75;-40.25;2.555001497268677
2026-01-28;-7.75;-39.75;11.22388458251953
2026-01-28;-7.75;-39.25;30.58153915405273
2026-01-28;-7.75;-38.75;28.66275596618652
2026-01-28;-7.75;-38.25;11.93096446990967
2026-01-28;-7.75;-37.75;0.4325348138809204
2026-01-28;-7.75;-37.25;0.0
2026-01-28;-7.25;-41.25;75.08668518066406
2026-01-28;-7.25;-40.75;40.16597366333008
2026-01-28;-7.25;-40.25;15.19507503509521
2026-01-28;-7.25;-39.75;12.19974899291992
2026-01-28;-7.25;-39.25;17.36769104003906
2026-01-28;-7.25;-38.75;13.23641586303711
2026-01-28;-7.25;-38.25;4.208239078521729
2026-01-28;-7.25;-37.75;3.06523060798645
2026-01-28;-7.25;-37.25;6.036511421203613
2026-01-28;-6.75;-41.25;140.3620147705078
2026-01-28;-6.75;-40.75;97.51594543457031
2026-01-28;-6.75;-40.25;43.31841278076172
2026-01-28;-6.75;-39.75;14.6617603302002
2026-01-28;-6.75;-39.25;10.04839706420898
2026-01-28;-6.75;-38.75;4.525871276855469
2026-01-28;-6.75;-38.25;0.0
2026-01-28;-6.75;-37.75;2.000998735427856
2026-01-28;-6.75;-37.25;3.738057613372803
2026-01-28;-6.25;-41.25;168.0192413330078
2026-01-28;-6.25;-40.75;136.3280639648438
2026-01-28;-6.25;-40.25;66.303466796875
2026-01-28;-6.25;-39.75;19.72662162780762
2026-01-28;-6.25;-39.25;10.78961944580078
2026-01-28;-6.25;-38.75;5.705329895019531
2026-01-28;-6.25;-38.25;0.7971504926681519
2026-01-28;-6.25;-37.75;0.0
2026-01-28;-6.25;-37.25;0.0
2026-01-28;-5.75;-41.25;165.0101928710938
2026-01-28;-5.75;-40.75;124.4190979003906
2026-01-28;-5.75;-40.25;53.67007064819336
2026-01-28;-5.75;-39.75;20.5175666809082
2026-01-28;-5.75;-39.25;15.46108341217041
2026-01-28;-5.75;-38.75;10.25278472900391
2026-01-28;-5.75;-38.25;5.444553852081299
2026-01-28;-5.75;-37.75;2.33424186706543
2026-01-28;-5.75;-37.25;0.0
2026-01-28;-5.25;-41.25;147.2217712402344
2026-01-28;-5.25;-40.75;87.33233642578125
2026-01-28;-5.25;-40.25;33.48757171630859
2026-01-28;-5.25;-39.75;21.53063201904297
2026-01-28;-5.25;-39.25;20.3648624420166
2026-01-28;-5.25;-38.75;14.73798847198486
2026-01-28;-5.25;-38.25;6.674981117248535
2026-01-28;-5.25;-37.75;13.2286548614502
2026-01-28;-5.25;-37.25;7.400198936462402
2026-01-28;-4.75;-41.25;126.1816482543945
2026-01-28;-4.75;-40.75;53.69711685180664
2026-01-28;-4.75;-40.25;30.44085121154785
2026-01-28;-4.75;-39.75;38.75295257568359
2026-01-28;-4.75;-39.25;47.63460922241211
2026-01-28;-4.75;-38.75;53.35925674438477
2026-01-28;-4.75;-38.25;47.56484603881836
2026-01-28;-4.75;-37.75;59.3626708984375
2026-01-28;-4.75;-37.25;51.32261276245117
2026-01-28;-4.25;-41.25;115.5448303222656
2026-01-28;-4.25;-40.75;45.11930847167969
2026-01-28;-4.25;-40.25;61.55459976196289
2026-01-28;-4.25;-39.75;93.76106262207031
2026-01-28;-4.25;-39.25;123.0200805664062
2026-01-28;-4.25;-38.75;159.2986450195312
2026-01-28;-4.25;-38.25;160.2751922607422
2026-01-28;-4.25;-37.75;142.49609375
2026-01-28;-4.25;-37.25;
2026-01-28;-3.75;-41.25;117.4241333007812
2026-01-28;-3.75;-40.75;82.3050308227539
2026-01-28;-3.75;-40.25;130.0379943847656
2026-01-28;-3.75;-39.75;150.3666381835938
2026-01-28;-3.75;-39.25;182.1572570800781
2026-01-28;-3.75;-38.75;230.0229949951172
2026-01-28;-3.75;-38.25;231.2116546630859
2026-01-28;-3.75;-37.75;
2026-01-28;-3.75;-37.25;
2026-01-28;-3.25;-41.25;123.5811767578125
2026-01-28;-3.25;-40.75;187.0908050537109
2026-01-28;-3.25;-40.25;194.8135375976562
2026-01-28;-3.25;-39.75;188.8005981445312
2026-01-28;-3.25;-39.25;200.9114379882812
2026-01-28;-3.25;-38.75;225.9803771972656
2026-01-28;-3.25;-38.25;
2026-01-28;-3.25;-37.75;
2026-01-28;-3.25;-37.25;
2026-01-28;-2.75;-41.25;126.7023544311523
2026-01-28;-2.75;-40.75;219.6335144042969
2026-01-28;-2.75;-40.25;232.4480590820312
2026-01-28;-2.75;-39.75;215.1263122558594
2026-01-28;-2.75;-39.25;
2026-01-28;-2.75;-38.75;
2026-01-28;-2.75;-38.25;
2026-01-28;-2.75;-37.75;
2026-01-28;-2.75;-37.25;
2026-01-29;-7.75;-41.25;0.0
2026-01-29;-7.75;-40.75;0.0
2026-01-29;-7.75;-40.25;0.0
2026-01-29;-7.75;-39.75;0.0
2026-01-29;-7.75;-39.25;0.0
2026-01-29;-7.75;-38.75;0.0
2026-01-29;-7.75;-38.25;0.0
2026-01-29;-7.75;-37.75;0.0
2026-01-29;-7.75;-37.25;0.0
2026-01-29;-7.25;-41.25;0.0
2026-01-29;-7.25;-40.75;0.0
2026-01-29;-7.25;-40.25;0.0
2026-01-29;-7.25;-39.75;0.0
2026-01-29;-7.25;-39.25;0.0
2026-01-29;-7.25;-38.75;0.0
2026-01-29;-7.25;-38.25;0.0
2026-01-29;-7.25;-37.75;0.0
2026-01-29;-7.25;-37.25;0.0
2026-01-29;-6.75;-41.25;5.137947559356689
2026-01-29;-6.75;-40.75;0.2707860171794891
2026-01-29;-6.75;-40.25;0.0
2026-01-29;-6.75;-39.75;0.0
2026-01-29;-6.75;-39.25;0.0
2026-01-29;-6.75;-38.75;0.0
2026-01-29;-6.75;-38.25;0.0
2026-01-29;-6.75;-37.75;0.0
2026-01-29;-6.75;-37.25;0.8389109373092651
2026-01-29;-6.25;-41.25;35.39726257324219
2026-01-29;-6.25;-40.75;4.85231351852417
2026-01-29;-6.25;-40.25;0.0
2026-01-29;-6.25;-39.75;0.0
2026-01-29;-6.25;-39.25;0.0
2026-01-29;-6.25;-38.75;0.0
2026-01-29;-6.25;-38.25;0.0
2026-01-29;-6.25;-37.75;1.344750165939331
2026-01-29;-6.25;-37.25;4.682485580444336
2026-01-29;-5.75;-41.25;63.46089553833008
2026-01-29;-5.75;-40.75;15.48982524871826
2026-01-29;-5.75;-40.25;0.0
2026-01-29;-5.75;-39.75;0.2356187552213669
2026-01-29;-5.75;-39.25;0.3781712055206299
2026-01-29;-5.75;-38.75;2.184158802032471
2026-01-29;-5.75;-38.25;5.33083963394165
2026-01-29;-5.75;-37.75;7.565420150756836
2026-01-29;-5.75;-37.25;8.589012145996094
2026-01-29;-5.25;-41.25;81.4325942993164
2026-01-29;-5.25;-40.75;21.16132164001465
2026-01-29;-5.25;-40.25;3.904091358184814
2026-01-29;-5.25;-39.75;2.314142227172852
2026-01-29;-5.25;-39.25;1.415338516235352
2026-01-29;-5.25;-38.75;10.73613166809082
2026-01-29;-5.25;-38.25;20.24218559265137
2026-01-29;-5.25;-37.75;18.44266891479492
2026-01-29;-5.25;-37.25;12.09940910339355
2026-01-29;-4.75;-41.25;93.85090637207031
2026-01-29;-4.75;-40.75;31.92277145385742
2026-01-29;-4.75;-40.25;17.45600700378418
2026-01-29;-4.75;-39.75;16.01863098144531
2026-01-29;-4.75;-39.25;20.89237785339355
2026-01-29;-4.75;-38.75;39.90352630615234
2026-01-29;-4.75;-38.25;55.36686706542969
2026-01-29;-4.75;-37.75;47.87463760375977
2026-01-29;-4.75;-37.25;26.59310722351074
2026-01-29;-4.25;-41.25;99.06058502197266
2026-01-29;-4.25;-40.75;49.8492317199707
2026-01-29;-4.25;-40.25;38.79019165039062
2026-01-29;-4.25;-39.75;43.53750610351562
2026-01-29;-4.25;-39.25;59.03268814086914
2026-01-29;-4.25;-38.75;81.51349639892578
2026-01-29;-4.25;-38.25;90.85960388183594
2026-01-29;-4.25;-37.75;81.6343002319336
2026-01-29;-4.25;-37.25;
2026-01-29;-3.75;-41.25;105.6817092895508
2026-01-29;-3.75;-40.75;67.01412963867188
2026-01-29;-3.75;-40.25;60.3834114074707
2026-01-29;-3.75;-39.75;68.35728454589844
2026-01-29;-3.75;-39.25;84.15477752685547
2026-01-29;-3.75;-38.75;103.8425064086914
2026-01-29;-3.75;-38.25;105.9542465209961
2026-01-29;-3.75;-37.75;
2026-01-29;-3.75;-37.25;
2026-01-29;-3.25;-41.25;117.0604629516602
2026-01-29;-3.25;-40.75;80.79791259765625
2026-01-29;-3.25;-40.25;76.6786117553711
2026-01-29;-3.25;-39.75;84.60795593261719
2026-01-29;-3.25;-39.25;92.94537353515625
2026-01-29;-3.25;-38.75;102.3639221191406
2026-01-29;-3.25;-38.25;
2026-01-29;-3.25;-37.75;
2026-01-29;-3.25;-37.25;
2026-01-29;-2.75;-41.25;104.714485168457
2026-01-29;-2.75;-40.75;98.01024627685547
2026-01-29;-2.75;-40.25;90.19916534423828
2026-01-29;-2.75;-39.75;93.62860107421875
2026-01-29;-2.75;-39.25;
2026-01-29;-2.75;-38.75;
2026-01-29;-2.75;-38.25;
2026-01-29;-2.75;-37.75;
2026-01-29;-2.75;-37.25;
2026-01-30;-7.75;-41.25;1.839856624603271
2026-01-30;-7.75;-40.75;0.9395030736923218
2026-01-30;-7.75;-40.25;0.0
2026-01-30;-7.75;-39.75;1.298081755638123
2026-01-30;-7.75;-39.25;8.948755264282227
2026-01-30;-7.75;-38.75;22.43536949157715
2026-01-30;-7.75;-38.25;29.51037788391113
2026-01-30;-7.75;-37.75;9.021368026733398
2026-01-30;-7.75;-37.25;0.0
2026-01-30;-7.25;-41.25;3.054064512252808
2026-01-30;-7.25;-40.75;0.957285463809967
2026-01-30;-7.25;-40.25;0.5162981748580933
2026-01-30;-7.25;-39.75;11.79030513763428
2026-01-30;-7.25;-39.25;38.25452423095703
2026-01-30;-7.25;-38.75;69.67237854003906
2026-01-30;-7.25;-38.25;79.33058166503906
2026-01-30;-7.25;-37.75;36.49679946899414
2026-01-30;-7.25;-37.25;1.953229546546936
2026-01-30;-6.75;-41.25;5.028243064880371
2026-01-30;-6.75;-40.75;3.199499607086182
2026-01-30;-6.75;-40.25;2.077621698379517
2026-01-30;-6.75;-39.75;24.89148712158203
2026-01-30;-6.75;-39.25;60.49034118652344
2026-01-30;-6.75;-38.75;92.99856567382812
2026-01-30;-6.75;-38.25;103.8361129760742
2026-01-30;-6.75;-37.75;48.89150619506836
2026-01-30;-6.75;-37.25;3.993542432785034
2026-01-30;-6.25;-41.25;7.844934463500977
2026-01-30;-6.25;-40.75;5.06651782989502
2026-01-30;-6.25;-40.25;5.051796436309814
2026-01-30;-6.25;-39.75;18.88644409179688
2026-01-30;-6.25;-39.25;41.28425979614258
2026-01-30;-6.25;-38.75;61.73338317871094
2026-01-30;-6.25;-38.25;65.6233139038086
2026-01-30;-6.25;-37.75;34.88489151000977
2026-01-30;-6.25;-37.25;5.589011192321777
2026-01-30;-5.75;-41.25;21.63883590698242
2026-01-30;-5.75;-40.75;6.199527263641357
2026-01-30;-5.75;-40.25;0.7263039946556091
2026-01-30;-5.75;-39.75;5.077802181243896
2026-01-30;-5.75;-39.25;12.1571044921875
2026-01-30;-5.75;-38.75;21.04326820373535
2026-01-30;-5.75;-38.25;22.17971611022949
2026-01-30;-5.75;-37.75;14.50879955291748
2026-01-30;-5.75;-37.25;5.889564514160156
2026-01-30;-5.25;-41.25;55.88915634155273
2026-01-30;-5.25;-40.75;11.10315036773682
2026-01-30;-5.25;-40.25;0.2827624976634979
2026-01-30;-5.25;-39.75;0.2880864143371582
2026-01-30;-5.25;-39.25;0.6369901895523071
2026-01-30;-5.25;-38.75;2.195938348770142
2026-01-30;-5.25;-38.25;1.720079302787781
2026-01-30;-5.25;-37.75;1.625881671905518
2026-01-30;-5.25;-37.25;4.894247531890869
2026-01-30;-4.75;-41.25;104.454231262207
2026-01-30;-4.75;-40.75;19.23457527160645
2026-01-30;-4.75;-40.25;0.0
2026-01-30;-4.75;-39.75;0.0
2026-01-30;-4.75;-39.25;0.0
2026-01-30;-4.75;-38.75;0.0
2026-01-30;-4.75;-38.25;0.0
2026-01-30;-4.75;-37.75;0.0
2026-01-30;-4.75;-37.25;3.253265142440796
2026-01-30;-4.25;-41.25;141.3579406738281
2026-01-30;-4.25;-40.75;24.01289749145508
2026-01-30;-4.25;-40.25;0.0
2026-01-30;-4.25;-39.75;0.0
2026-01-30;-4.25;-39.25;0.0
2026-01-30;-4.25;-38.75;0.0
2026-01-30;-4.25;-38.25;0.0
2026-01-30;-4.25;-37.75;0.0
2026-01-30;-4.25;-37.25;
2026-01-30;-3.75;-41.25;151.1910552978516
2026-01-30;-3.75;-40.75;20.12371444702148
2026-01-30;-3.75;-40.25;0.0
2026-01-30;-3.75;-39.75;0.0
2026-01-30;-3.75;-39.25;0.0
2026-01-30;-3.75;-38.75;0.0
2026-01-30;-3.75;-38.25;0.0
2026-01-30;-3.75;-37.75;
2026-01-30;-3.75;-37.25;
2026-01-30;-3.25;-41.25;142.7371978759766
2026-01-30;-3.25;-40.75;20.39946174621582
2026-01-30;-3.25;-40.25;0.0
2026-01-30;-3.25;-39.75;0.0
2026-01-30;-3.25;-39.25;0.0
2026-01-30;-3.25;-38.75;0.0
2026-01-30;-3.25;-38.25;
2026-01-30;-3.25;-37.75;
2026-01-30;-3.25;-37.25;
2026-01-30;-2.75;-41.25;133.0946350097656
2026-01-30;-2.75;-40.75;27.3326587677002
2026-01-30;-2.75;-40.25;0.0
2026-01-30;-2.75;-39.75;0.0
2026-01-30;-2.75;-39.25;
2026-01-30;-2.75;-38.75;
2026-01-30;-2.75;-38.25;
2026-01-30;-2.75;-37.75;
2026-01-30;-2.75;-37.25;
2026-01-31;-7.75;-41.25;11.57460594177246
2026-01-31;-7.75;-40.75;5.473803997039795
2026-01-31;-7.75;-40.25;0.0
2026-01-31;-7.75;-39.75;0.0
2026-01-31;-7.75;-39.25;0.0
2026-01-31;-7.75;-38.75;0.0
2026-01-31;-7.75;-38.25;0.0
2026-01-31;-7.75;-37.75;0.0
2026-01-31;-7.75;-37.25;0.0
2026-01-31;-7.25;-41.25;22.56429672241211
2026-01-31;-7.25;-40.75;13.49649524688721
2026-01-31;-7.25;-40.25;3.531865119934082
2026-01-31;-7.25;-39.75;0.0
2026-01-31;-7.25;-39.25;0.0
2026-01-31;-7.25;-38.75;0.0
2026-01-31;-7.25;-38.25;0.0
2026-01-31;-7.25;-37.75;0.0
2026-01-31;-7.25;-37.25;0.0
2026-01-31;-6.75;-41.25;36.90733337402344
2026-01-31;-6.75;-40.75;26.69471740722656
2026-01-31;-6.75;-40.25;10.65804100036621
2026-01-31;-6.75;-39.75;0.0
2026-01-31;-6.75;-39.25;0.0
2026-01-31;-6.75;-38.75;0.0
2026-01-31;-6.75;-38.25;0.0
2026-01-31;-6.75;-37.75;0.0
2026-01-31;-6.75;-37.25;0.0
2026-01-31;-6.25;-41.25;43.01681137084961
2026-01-31;-6.25;-40.75;35.14525604248047
2026-01-31;-6.25;-40.25;15.15845584869385
2026-01-31;-6.25;-39.75;0.8411293625831604
2026-01-31;-6.25;-39.25;0.0
2026-01-31;-6.25;-38.75;0.0
2026-01-31;-6.25;-38.25;0.0
2026-01-31;-6.25;-37.75;0.0
2026-01-31;-6.25;-37.25;0.0
2026-01-31;-5.75;-41.25;39.4068717956543
2026-01-31;-5.75;-40.75;30.41421318054199
2026-01-31;-5.75;-40.25;10.22381687164307
2026-01-31;-5.75;-39.75;0.6656830310821533
2026-01-31;-5.75;-39.25;0.0
2026-01-31;-5.75;-38.75;0.0
2026-01-31;-5.75;-38.25;0.0
2026-01-31;-5.75;-37.75;0.0
2026-01-31;-5.75;-37.25;0.0
2026-01-31;-5.25;-41.25;28.15701293945312
2026-01-31;-5.25;-40.75;18.47720527648926
2026-01-31;-5.25;-40.25;3.955612421035767
2026-01-31;-5.25;-39.75;0.0
2026-01-31;-5.25;-39.25;0.0
2026-01-31;-5.25;-38.75;0.0
2026-01-31;-5.25;-38.25;0.0
2026-01-31;-5.25;-37.75;0.0
2026-01-31;-5.25;-37.25;0.0
2026-01-31;-4.75;-41.25;12.64076328277588
2026-01-31;-4.75;-40.75;6.699221611022949
2026-01-31;-4.75;-40.25;0.7160560488700867
2026-01-31;-4.75;-39.75;0.0
2026-01-31;-4.75;-39.25;0.0
2026-01-31;-4.75;-38.75;0.0
2026-01-31;-4.75;-38.25;0.0
2026-01-31;-4.75;-37.75;0.0
2026-01-31;-4.75;-37.25;0.0
2026-01-31;-4.25;-41.25;1.853768348693848
2026-01-31;-4.25;-40.75;0.7166146039962769
2026-01-31;-4.25;-40.25;0.0
2026-01-31;-4.25;-39.75;0.0
2026-01-31;-4.25;-39.25;0.0
2026-01-31;-4.25;-38.75;0.0
2026-01-31;-4.25;-38.25;0.0
2026-01-31;-4.25;-37.75;0.0
2026-01-31;-4.25;-37.25;
2026-01-31;-3.75;-41.25;0.0
2026-01-31;-3.75;-40.75;0.0
2026-01-31;-3.75;-40.25;0.0
2026-01-31;-3.75;-39.75;0.0
2026-01-31;-3.75;-39.25;0.0
2026-01-31;-3.75;-38.75;0.0
2026-01-31;-3.75;-38.25;0.0
2026-01-31;-3.75;-37.75;
2026-01-31;-3.75;-37.25;
2026-01-31;-3.25;-41.25;0.0
2026-01-31;-3.25;-40.75;0.0
2026-01-31;-3.25;-40.25;0.0
2026-01-31;-3.25;-39.75;0.0
2026-01-31;-3.25;-39.25;0.0
2026-01-31;-3.25;-38.75;0.0
2026-01-31;-3.25;-38.25;
2026-01-31;-3.25;-37.75;
2026-01-31;-3.25;-37.25;
2026-01-31;-2.75;-41.25;0.0
2026-01-31;-2.75;-40.75;0.0
2026-01-31;-2.75;-40.25;0.0
2026-01-31;-2.75;-39.75;0.0
2026-01-31;-2.75;-39.25;
2026-01-31;-2.75;-38.75;
2026-01-31;-2.75;-38.25;
2026-01-31;-2.75;-37.75;
2026-01-31;-2.75;-37.25;
2026-02-01;-7.75;-41.25;1.410513043403625
2026-02-01;-7.75;-40.75;0.7810664772987366
2026-02-01;-7.75;-40.25;0.0
2026-02-01;-7.75;-39.75;0.0
2026-02-01;-7.75;-39.25;0.0
2026-02-01;-7.75;-38.75;0.0
2026-02-01;-7.75;-38.25;0.0
2026-02-01;-7.75;-37.75;0.0
2026-02-01;-7.75;-37.25;0.0
2026-02-01;-7.25;-41.25;0.4883925020694733
2026-02-01;-7.25;-40.75;0.280070424079895
2026-02-01;-7.25;-40.25;0.0
2026-02-01;-7.25;-39.75;0.0
2026-02-01;-7.25;-39.25;0.0
2026-02-01;-7.25;-38.75;0.0
2026-02-01;-7.25;-38.25;0.0
2026-02-01;-7.25;-37.75;0.0
2026-02-01;-7.25;-37.25;0.0
2026-02-01;-6.75;-41.25;0.0
2026-02-01;-6.75;-40.75;0.0
2026-02-01;-6.75;-40.25;0.0
2026-02-01;-6.75;-39.75;0.0
2026-02-01;-6.75;-39.25;0.0
2026-02-01;-6.75;-38.75;0.0
2026-02-01;-6.75;-38.25;0.0
2026-02-01;-6.75;-37.75;0.0
2026-02-01;-6.75;-37.25;0.0
2026-02-01;-6.25;-41.25;0.0
2026-02-01;-6.25;-40.75;0.0
2026-02-01;-6.25;-40.25;0.0
2026-02-01;-6.25;-39.75;0.0
2026-02-01;-6.25;-39.25;0.0
2026-02-01;-6.25;-38.75;0.0
2026-02-01;-6.25;-38.25;0.0
2026-02-01;-6.25;-37.75;0.0
2026-02-01;-6.25;-37.25;0.0
2026-02-01;-5.75;-41.25;0.0
2026-02-01;-5.75;-40.75;0.0
2026-02-01;-5.75;-40.25;0.0
2026-02-01;-5.75;-39.75;0.0
2026-02-01;-5.75;-39.25;0.0
2026-02-01;-5.75;-38.75;0.0
2026-02-01;-5.75;-38.25;0.0
2026-02-01;-5.75;-37.75;0.0
2026-02-01;-5.75;-37.25;0.0
2026-02-01;-5.25;-41.25;0.0
2026-02-01;-5.25;-40.75;0.0
2026-02-01;-5.25;-40.25;0.0
2026-02-01;-5.25;-39.75;0.0
2026-02-01;-5.25;-39.25;0.0
2026-02-01;-5.25;-38.75;0.0
2026-02-01;-5.25;-38.25;0.0
2026-02-01;-5.25;-37.75;0.0
2026-02-01;-5.25;-37.25;0.0
2026-02-01;-4.75;-41.25;0.0
2026-02-01;-4.75;-40.75;0.0
2026-02-01;-4.75;-40.25;0.0
2026-02-01;-4.75;-39.75;0.0
2026-02-01;-4.75;-39.25;0.0
2026-02-01;-4.75;-38.75;0.0
2026-02-01;-4.75;-38.25;0.0
2026-02-01;-4.75;-37.75;0.0
2026-02-01;-4.75;-37.25;0.0
2026-02-01;-4.25;-41.25;0.0
2026-02-01;-4.25;-40.75;0.0
2026-02-01;-4.25;-40.25;0.0
2026-02-01;-4.25;-39.75;0.0
2026-02-01;-4.25;-39.25;0.0
2026-02-01;-4.25;-38.75;0.0
2026-02-01;-4.25;-38.25;0.0
2026-02-01;-4.25;-37.75;0.0
2026-02-01;-4.25;-37.25;
2026-02-01;-3.75;-41.25;0.0
2026-02-01;-3.75;-40.75;0.0
2026-02-01;-3.75;-40.25;0.0
2026-02-01;-3.75;-39.75;0.0
2026-02-01;-3.75;-39.25;0.0
2026-02-01;-3.75;-38.75;0.0
2026-02-01;-3.75;-38.25;0.0
2026-02-01;-3.75;-37.75;
2026-02-01;-3.75;-37.25;
2026-02-01;-3.25;-41.25;0.0
2026-02-01;-3.25;-40.75;0.0
2026-02-01;-3.25;-40.25;0.0
2026-02-01;-3.25;-39.75;0.0
2026-02-01;-3.25;-39.25;0.0
2026-02-01;-3.25;-38.75;0.0
2026-02-01;-3.25;-38.25;
2026-02-01;-3.25;-37.75;
2026-02-01;-3.25;-37.25;
2026-02-01;-2.75;-41.25;0.0
2026-02-01;-2.75;-40.75;0.0
2026-02-01;-2.75;-40.25;0.0
2026-02-01;-2.75;-39.75;0.0
2026-02-01;-2.75;-39.25;
2026-02-01;-2.75;-38.75;
2026-02-01;-2.75;-38.25;
2026-02-01;-2.75;-37.75;
2026-02-01;-2.75;-37.25;
2026-02-02;-7.75;-41.25;0.0
2026-02-02;-7.75;-40.75;0.0
2026-02-02;-7.75;-40.25;0.0
2026-02-02;-7.75;-39.75;0.0
2026-02-02;-7.75;-39.25;0.0
2026-02-02;-7.75;-38.75;0.0
2026-02-02;-7.75;-38.25;0.0
2026-02-02;-7.75;-37.75;0.0
2026-02-02;-7.75;-37.25;0.0
2026-02-02;-7.25;-41.25;0.0
2026-02-02;-7.25;-40.75;0.0
2026-02-02;-7.25;-40.25;0.0
2026-02-02;-7.25;-39.75;0.0
2026-02-02;-7.25;-39.25;0.0
2026-02-02;-7.25;-38.75;0.0
2026-02-02;-7.25;-38.25;0.0
2026-02-02;-7.25;-37.75;0.0
2026-02-02;-7.25;-37.25;0.0
2026-02-02;-6.75;-41.25;0.0
2026-02-02;-6.75;-40.75;0.0
2026-02-02;-6.75;-40.25;0.0
2026-02-02;-6.75;-39.75;0.0
2026-02-02;-6.75;-39.25;0.0
2026-02-02;-6.75;-38.75;0.0
2026-02-02;-6.75;-38.25;0.0
2026-02-02;-6.75;-37.75;0.0
2026-02-02;-6.75;-37.25;0.0
2026-02-02;-6.25;-41.25;0.0
2026-02-02;-6.25;-40.75;0.0
2026-02-02;-6.25;-40.25;0.0
2026-02-02;-6.25;-39.75;0.0
2026-02-02;-6.25;-39.25;0.0
2026-02-02;-6.25;-38.75;0.0
2026-02-02;-6.25;-38.25;0.0
2026-02-02;-6.25;-37.75;0.0
2026-02-02;-6.25;-37.25;0.0
2026-02-02;-5.75;-41.25;0.0
2026-02-02;-5.75;-40.75;0.0
2026-02-02;-5.75;-40.25;0.0
2026-02-02;-5.75;-39.75;0.0
2026-02-02;-5.75;-39.25;0.0
2026-02-02;-5.75;-38.75;0.0
2026-02-02;-5.75;-38.25;0.0
2026-02-02;-5.75;-37.75;0.0
2026-02-02;-5.75;-37.25;0.0
2026-02-02;-5.25;-41.25;0.0
2026-02-02;-5.25;-40.75;0.0
2026-02-02;-5.25;-40.25;0.0
2026-02-02;-5.25;-39.75;0.0
2026-02-02;-5.25;-39.25;0.0
2026-02-02;-5.25;-38.75;0.0
2026-02-02;-5.25;-38.25;0.0
2026-02-02;-5.25;-37.75;0.0
2026-02-02;-5.25;-37.25;0.0
2026-02-02;-4.75;-41.25;0.0
2026-02-02;-4.75;-40.75;0.0
2026-02-02;-4.75;-40.25;0.0
2026-02-02;-4.75;-39.75;0.0
2026-02-02;-4.75;-39.25;0.0
2026-02-02;-4.75;-38.75;0.0
2026-02-02;-4.75;-38.25;0.0
2026-02-02;-4.75;-37.75;0.0
2026-02-02;-4.75;-37.25;0.0
2026-02-02;-4.25;-41.25;0.0
2026-02-02;-4.25;-40.75;0.0
2026-02-02;-4.25;-40.25;0.0
2026-02-02;-4.25;-39.75;0.0
2026-02-02;-4.25;-39.25;0.0
2026-02-02;-4.25;-38.75;0.0
2026-02-02;-4.25;-38.25;0.0
2026-02-02;-4.25;-37.75;0.0
2026-02-02;-4.25;-37.25;
2026-02-02;-3.75;-41.25;0.0
2026-02-02;-3.75;-40.75;0.0
2026-02-02;-3.75;-40.25;0.0
2026-02-02;-3.75;-39.75;0.0
2026-02-02;-3.75;-39.25;0.0
2026-02-02;-3.75;-38.75;0.0
2026-02-02;-3.75;-38.25;0.0
2026-02-02;-3.75;-37.75;
2026-02-02;-3.75;-37.25;
2026-02-02;-3.25;-41.25;0.0
2026-02-02;-3.25;-40.75;0.0
2026-02-02;-3.25;-40.25;0.0
2026-02-02;-3.25;-39.75;0.0
2026-02-02;-3.25;-39.25;0.0
2026-02-02;-3.25;-38.75;0.0
2026-02-02;-3.25;-38.25;
2026-02-02;-3.25;-37.75;
2026-02-02;-3.25;-37.25;
2026-02-02;-2.75;-41.25;0.0
2026-02-02;-2.75;-40.75;0.0
2026-02-02;-2.75;-40.25;0.0
2026-02-02;-2.75;-39.75;0.0
2026-02-02;-2.75;-39.25;
2026-02-02;-2.75;-38.75;
2026-02-02;-2.75;-38.25;
2026-02-02;-2.75;-37.75;
2026-02-02;-2.75;-37.25;
2026-02-03;-7.75;-41.25;300.6279296875
2026-02-03;-7.75;-40.75;216.7393646240234
2026-02-03;-7.75;-40.25;45.35067749023438
2026-02-03;-7.75;-39.75;9.222956657409668
2026-02-03;-7.75;-39.25;0.0
2026-02-03;-7.75;-38.75;0.0
2026-02-03;-7.75;-38.25;0.0
2026-02-03;-7.75;-37.75;0.0
2026-02-03;-7.75;-37.25;0.0
2026-02-03;-7.25;-41.25;158.9603271484375
2026-02-03;-7.25;-40.75;139.5578765869141
2026-02-03;-7.25;-40.25;67.94648742675781
2026-02-03;-7.25;-39.75;16.68784523010254
2026-02-03;-7.25;-39.25;0.0
2026-02-03;-7.25;-38.75;0.0
2026-02-03;-7.25;-38.25;0.0
2026-02-03;-7.25;-37.75;0.0
2026-02-03;-7.25;-37.25;0.0
2026-02-03;-6.75;-41.25;52.49691390991211
2026-02-03;-6.75;-40.75;65.34585571289062
2026-02-03;-6.75;-40.25;39.32024383544922
2026-02-03;-6.75;-39.75;2.714911699295044
2026-02-03;-6.75;-39.25;0.0
2026-02-03;-6.75;-38.75;0.0
2026-02-03;-6.75;-38.25;0.0
2026-02-03;-6.75;-37.75;0.0
2026-02-03;-6.75;-37.25;0.0
2026-02-03;-6.25;-41.25;8.605809211730957
2026-02-03;-6.25;-40.75;14.22192859649658
2026-02-03;-6.25;-40.25;6.076209545135498
2026-02-03;-6.25;-39.75;0.0
2026-02-03;-6.25;-39.25;0.0
2026-02-03;-6.25;-38.75;0.0
2026-02-03;-6.25;-38.25;0.0
2026-02-03;-6.25;-37.75;0.0
2026-02-03;-6.25;-37.25;0.0
2026-02-03;-5.75;-41.25;1.098864316940308
2026-02-03;-5.75;-40.75;0.34543576836586
2026-02-03;-5.75;-40.25;0.0
2026-02-03;-5.75;-39.75;0.0
2026-02-03;-5.75;-39.25;0.0
2026-02-03;-5.75;-38.75;0.0
2026-02-03;-5.75;-38.25;0.0
2026-02-03;-5.75;-37.75;0.0
2026-02-03;-5.75;-37.25;0.0
2026-02-03;-5.25;-41.25;0.0
2026-02-03;-5.25;-40.75;0.0
2026-02-03;-5.25;-40.25;0.0
2026-02-03;-5.25;-39.75;0.0
2026-02-03;-5.25;-39.25;0.0
2026-02-03;-5.25;-38.75;0.0
2026-02-03;-5.25;-38.25;0.0
2026-02-03;-5.25;-37.75;0.0
2026-02-03;-5.25;-37.25;0.0
2026-02-03;-4.75;-41.25;0.0
2026-02-03;-4.75;-40.75;0.0
2026-02-03;-4.75;-40.25;0.0
2026-02-03;-4.75;-39.75;0.0
2026-02-03;-4.75;-39.25;0.0
2026-02-03;-4.75;-38.75;0.0
2026-02-03;-4.75;-38.25;0.0
2026-02-03;-4.75;-37.75;0.0
2026-02-03;-4.75;-37.25;0.0
2026-02-03;-4.25;-41.25;0.0
2026-02-03;-4.25;-40.75;0.0
2026-02-03;-4.25;-40.25;0.0
2026-02-03;-4.25;-39.75;0.0
2026-02-03;-4.25;-39.25;0.0
2026-02-03;-4.25;-38.75;0.0
2026-02-03;-4.25;-38.25;0.0
2026-02-03;-4.25;-37.75;0.0
2026-02-03;-4.25;-37.25;
2026-02-03;-3.75;-41.25;0.0
2026-02-03;-3.75;-40.75;0.0
2026-02-03;-3.75;-40.25;0.0
2026-02-03;-3.75;-39.75;0.0
2026-02-03;-3.75;-39.25;0.0
2026-02-03;-3.75;-38.75;0.0
2026-02-03;-3.75;-38.25;0.0
2026-02-03;-3.75;-37.75;
2026-02-03;-3.75;-37.25;
2026-02-03;-3.25;-41.25;0.0
2026-02-03;-3.25;-40.75;0.0
2026-02-03;-3.25;-40.25;0.0
2026-02-03;-3.25;-39.75;0.0
2026-02-03;-3.25;-39.25;0.0
2026-02-03;-3.25;-38.75;0.0
2026-02-03;-3.25;-38.25;
2026-02-03;-3.25;-37.75;
2026-02-03;-3.25;-37.25;
2026-02-03;-2.75;-41.25;0.0
2026-02-03;-2.75;-40.75;0.0
2026-02-03;-2.75;-40.25;0.0
2026-02-03;-2.75;-39.75;0.0
2026-02-03;-2.75;-39.25;
2026-02-03;-2.75;-38.75;
2026-02-03;-2.75;-38.25;
2026-02-03;-2.75;-37.75;
2026-02-03;-2.75;-37.25;
2026-02-04;-7.75;-41.25;4.63620662689209
2026-02-04;-7.75;-40.75;0.909509539604187
2026-02-04;-7.75;-40.25;1.220577836036682
2026-02-04;-7.75;-39.75;35.05579376220703
2026-02-04;-7.75;-39.25;95.46135711669922
2026-02-04;-7.75;-38.75;56.41246795654297
2026-02-04;-7.75;-38.25;5.687207221984863
2026-02-04;-7.75;-37.75;5.194028377532959
2026-02-04;-7.75;-37.25;3.568875789642334
2026-02-04;-7.25;-41.25;1.091884732246399
2026-02-04;-7.25;-40.75;0.299415647983551
2026-02-04;-7.25;-40.25;3.18440318107605
2026-02-04;-7.25;-39.75;59.08031845092773
2026-02-04;-7.25;-39.25;151.955810546875
2026-02-04;-7.25;-38.75;54.91327285766602
2026-02-04;-7.25;-38.25;5.930055618286133
2026-02-04;-7.25;-37.75;16.13900566101074
2026-02-04;-7.25;-37.25;1.602350234985352
2026-02-04;-6.75;-41.25;0.0
2026-02-04;-6.75;-40.75;0.0
2026-02-04;-6.75;-40.25;0.2779395580291748
2026-02-04;-6.75;-39.75;6.92248010635376
2026-02-04;-6.75;-39.25;17.29019927978516
2026-02-04;-6.75;-38.75;3.090324878692627
2026-02-04;-6.75;-38.25;5.621897220611572
2026-02-04;-6.75;-37.75;10.28045272827148
2026-02-04;-6.75;-37.25;0.3802874982357025
2026-02-04;-6.25;-41.25;0.0
2026-02-04;-6.25;-40.75;0.0
2026-02-04;-6.25;-40.25;0.0
2026-02-04;-6.25;-39.75;0.0
2026-02-04;-6.25;-39.25;0.0
2026-02-04;-6.25;-38.75;0.2331236600875854
2026-02-04;-6.25;-38.25;2.559495687484741
2026-02-04;-6.25;-37.75;0.9207911491394043
2026-02-04;-6.25;-37.25;0.0
2026-02-04;-5.75;-41.25;0.0
2026-02-04;-5.75;-40.75;0.0
2026-02-04;-5.75;-40.25;0.0
2026-02-04;-5.75;-39.75;0.0
2026-02-04;-5.75;-39.25;0.0
2026-02-04;-5.75;-38.75;7.495922088623047
2026-02-04;-5.75;-38.25;14.84025478363037
2026-02-04;-5.75;-37.75;4.435516834259033
2026-02-04;-5.75;-37.25;0.0
2026-02-04;-5.25;-41.25;0.0
2026-02-04;-5.25;-40.75;0.0
2026-02-04;-5.25;-40.25;0.0
2026-02-04;-5.25;-39.75;0.0
2026-02-04;-5.25;-39.25;0.0
2026-02-04;-5.25;-38.75;7.462433815002441
2026-02-04;-5.25;-38.25;6.446048259735107
2026-02-04;-5.25;-37.75;0.7658758759498596
2026-02-04;-5.25;-37.25;0.0
2026-02-04;-4.75;-41.25;0.0
2026-02-04;-4.75;-40.75;0.0
2026-02-04;-4.75;-40.25;0.0
2026-02-04;-4.75;-39.75;0.0
2026-02-04;-4.75;-39.25;0.0
2026-02-04;-4.75;-38.75;0.2779736816883087
2026-02-04;-4.75;-38.25;0.0
2026-02-04;-4.75;-37.75;0.0
2026-02-04;-4.75;-37.25;0.0
2026-02-04;-4.25;-41.25;0.0
2026-02-04;-4.25;-40.75;0.0
2026-02-04;-4.25;-40.25;0.0
2026-02-04;-4.25;-39.75;0.0
2026-02-04;-4.25;-39.25;0.0
2026-02-04;-4.25;-38.75;0.0
2026-02-04;-4.25;-38.25;0.0
2026-02-04;-4.25;-37.75;0.0
2026-02-04;-4.25;-37.25;
2026-02-04;-3.75;-41.25;0.2656629085540771
2026-02-04;-3.75;-40.75;0.0
2026-02-04;-3.75;-40.25;0.0
2026-02-04;-3.75;-39.75;0.0
2026-02-04;-3.75;-39.25;0.0
2026-02-04;-3.75;-38.75;0.0
2026-02-04;-3.75;-38.25;0.0
2026-02-04;-3.75;-37.75;
2026-02-04;-3.75;-37.25;
2026-02-04;-3.25;-41.25;0.0
2026-02-04;-3.25;-40.75;0.0
2026-02-04;-3.25;-40.25;0.0
2026-02-04;-3.25;-39.75;0.0
2026-02-04;-3.25;-39.25;0.0
2026-02-04;-3.25;-38.75;0.0
2026-02-04;-3.25;-38.25;
2026-02-04;-3.25;-37.75;
2026-02-04;-3.25;-37.25;
2026-02-04;-2.75;-41.25;0.0
2026-02-04;-2.75;-40.75;0.0
2026-02-04;-2.75;-40.25;0.0
2026-02-04;-2.75;-39.75;0.0
2026-02-04;-2.75;-39.25;
2026-02-04;-2.75;-38.75;
2026-02-04;-2.75;-38.25;
2026-02-04;-2.75;-37.75;
2026-02-04;-2.75;-37.25;
2026-02-05;-7.75;-41.25;11.72844314575195
2026-02-05;-7.75;-40.75;1.061126589775085
2026-02-05;-7.75;-40.25;0.0
2026-02-05;-7.75;-39.75;1.852968096733093
2026-02-05;-7.75;-39.25;5.007265090942383
2026-02-05;-7.75;-38.75;3.026022911071777
2026-02-05;-7.75;-38.25;1.538345694541931
2026-02-05;-7.75;-37.75;19.71288299560547
2026-02-05;-7.75;-37.25;14.8357629776001
2026-02-05;-7.25;-41.25;58.95285797119141
2026-02-05;-7.25;-40.75;19.27519989013672
2026-02-05;-7.25;-40.25;19.10200119018555
2026-02-05;-7.25;-39.75;25.34896850585938
2026-02-05;-7.25;-39.25;6.580644607543945
2026-02-05;-7.25;-38.75;1.996748089790344
2026-02-05;-7.25;-38.25;17.01618957519531
2026-02-05;-7.25;-37.75;135.7506103515625
2026-02-05;-7.25;-37.25;322.1199340820312
2026-02-05;-6.75;-41.25;83.28135681152344
2026-02-05;-6.75;-40.75;58.6648063659668
2026-02-05;-6.75;-40.25;51.63613891601562
2026-02-05;-6.75;-39.75;54.61825561523438
2026-02-05;-6.75;-39.25;43.14424514770508
2026-02-05;-6.75;-38.75;16.32782745361328
2026-02-05;-6.75;-38.25;26.95384407043457
2026-02-05;-6.75;-37.75;80.39054870605469
2026-02-05;-6.75;-37.25;192.6862335205078
2026-02-05;-6.25;-41.25;62.79588317871094
2026-02-05;-6.25;-40.75;52.98954010009766
2026-02-05;-6.25;-40.25;49.44073867797852
2026-02-05;-6.25;-39.75;46.70368576049805
2026-02-05;-6.25;-39.25;45.69654846191406
2026-02-05;-6.25;-38.75;40.64271926879883
2026-02-05;-6.25;-38.25;33.51802062988281
2026-02-05;-6.25;-37.75;37.37167358398438
2026-02-05;-6.25;-37.25;16.95652770996094
2026-02-05;-5.75;-41.25;19.49001693725586
2026-02-05;-5.75;-40.75;9.882264137268066
2026-02-05;-5.75;-40.25;22.06055450439453
2026-02-05;-5.75;-39.75;23.24799919128418
2026-02-05;-5.75;-39.25;14.59667015075684
2026-02-05;-5.75;-38.75;40.69766998291016
2026-02-05;-5.75;-38.25;59.39424896240234
2026-02-05;-5.75;-37.75;23.51406288146973
2026-02-05;-5.75;-37.25;6.767479419708252
2026-02-05;-5.25;-41.25;0.3704444169998169
2026-02-05;-5.25;-40.75;0.0
2026-02-05;-5.25;-40.25;9.957684516906738
2026-02-05;-5.25;-39.75;24.62766075134277
2026-02-05;-5.25;-39.25;34.26465606689453
2026-02-05;-5.25;-38.75;82.43965148925781
2026-02-05;-5.25;-38.25;66.04933166503906
2026-02-05;-5.25;-37.75;48.40457916259766
2026-02-05;-5.25;-37.25;43.15420913696289
2026-02-05;-4.75;-41.25;7.531847476959229
2026-02-05;-4.75;-40.75;0.5071411728858948
2026-02-05;-4.75;-40.25;2.868839502334595
2026-02-05;-4.75;-39.75;21.88400077819824
2026-02-05;-4.75;-39.25;50.50070190429688
2026-02-05;-4.75;-38.75;97.33493041992188
2026-02-05;-4.75;-38.25;142.5490875244141
2026-02-05;-4.75;-37.75;252.8601989746094
2026-02-05;-4.75;-37.25;178.9513244628906
2026-02-05;-4.25;-41.25;53.5847053527832
2026-02-05;-4.25;-40.75;7.024173259735107
2026-02-05;-4.25;-40.25;1.627469062805176
2026-02-05;-4.25;-39.75;61.88513946533203
2026-02-05;-4.25;-39.25;267.2656860351562
2026-02-05;-4.25;-38.75;185.3361053466797
2026-02-05;-4.25;-38.25;171.8506317138672
2026-02-05;-4.25;-37.75;263.5892639160156
2026-02-05;-4.25;-37.25;
2026-02-05;-3.75;-41.25;53.35110855102539
2026-02-05;-3.75;-40.75;11.21330547332764
2026-02-05;-3.75;-40.25;0.6263315081596375
2026-02-05;-3.75;-39.75;134.9993286132812
2026-02-05;-3.75;-39.25;406.0543823242188
2026-02-05;-3.75;-38.75;216.8776397705078
2026-02-05;-3.75;-38.25;148.0996704101562
2026-02-05;-3.75;-37.75;
2026-02-05;-3.75;-37.25;
2026-02-05;-3.25;-41.25;3.042862415313721
2026-02-05;-3.25;-40.75;0.5667818188667297
2026-02-05;-3.25;-40.25;3.128685712814331
2026-02-05;-3.25;-39.75;99.86458587646484
2026-02-05;-3.25;-39.25;289.6803894042969
2026-02-05;-3.25;-38.75;252.6147003173828
2026-02-05;-3.25;-38.25;
2026-02-05;-3.25;-37.75;
2026-02-05;-3.25;-37.25;
2026-02-05;-2.75;-41.25;0.0
2026-02-05;-2.75;-40.75;1.610792756080627
2026-02-05;-2.75;-40.25;5.674097061157227
2026-02-05;-2.75;-39.75;46.70800399780273
2026-02-05;-2.75;-39.25;
2026-02-05;-2.75;-38.75;
2026-02-05;-2.75;-38.25;
2026-02-05;-2.75;-37.75;
2026-02-05;-2.75;-37.25;
2026-02-06;-7.75;-41.25;3.126991748809814
2026-02-06;-7.75;-40.75;2.139756679534912
2026-02-06;-7.75;-40.25;0.867338240146637
2026-02-06;-7.75;-39.75;16.92728424072266
2026-02-06;-7.75;-39.25;53.00801086425781
2026-02-06;-7.75;-38.75;39.99411773681641
2026-02-06;-7.75;-38.25;7.293996334075928
2026-02-06;-7.75;-37.75;5.403465270996094
2026-02-06;-7.75;-37.25;4.316331386566162
2026-02-06;-7.25;-41.25;1.611510515213013
2026-02-06;-7.25;-40.75;0.9341799020767212
2026-02-06;-7.25;-40.25;0.0
2026-02-06;-7.25;-39.75;1.417536616325378
2026-02-06;-7.25;-39.25;4.217959403991699
2026-02-06;-7.25;-38.75;1.605151653289795
2026-02-06;-7.25;-38.25;1.953287959098816
2026-02-06;-7.25;-37.75;37.64305114746094
2026-02-06;-7.25;-37.25;74.58129119873047
2026-02-06;-6.75;-41.25;2.843359470367432
2026-02-06;-6.75;-40.75;1.454076051712036
2026-02-06;-6.75;-40.25;0.0
2026-02-06;-6.75;-39.75;0.0
2026-02-06;-6.75;-39.25;0.0
2026-02-06;-6.75;-38.75;0.0
2026-02-06;-6.75;-38.25;1.322237372398376
2026-02-06;-6.75;-37.75;17.10012817382812
2026-02-06;-6.75;-37.25;45.45183944702148
2026-02-06;-6.25;-41.25;3.110451698303223
2026-02-06;-6.25;-40.75;1.482397317886353
2026-02-06;-6.25;-40.25;0.0
2026-02-06;-6.25;-39.75;0.0
2026-02-06;-6.25;-39.25;0.0
2026-02-06;-6.25;-38.75;0.5541059970855713
2026-02-06;-6.25;-38.25;0.2186525166034698
2026-02-06;-6.25;-37.75;0.7728683352470398
2026-02-06;-6.25;-37.25;9.311936378479004
2026-02-06;-5.75;-41.25;1.050714492797852
2026-02-06;-5.75;-40.75;0.0
2026-02-06;-5.75;-40.25;0.0
2026-02-06;-5.75;-39.75;0.0
2026-02-06;-5.75;-39.25;0.0
2026-02-06;-5.75;-38.75;2.572958469390869
2026-02-06;-5.75;-38.25;5.938671112060547
2026-02-06;-5.75;-37.75;22.91168403625488
2026-02-06;-5.75;-37.25;90.92169952392578
2026-02-06;-5.25;-41.25;0.2831117212772369
2026-02-06;-5.25;-40.75;0.0
2026-02-06;-5.25;-40.25;0.0
2026-02-06;-5.25;-39.75;0.0
2026-02-06;-5.25;-39.25;0.0
2026-02-06;-5.25;-38.75;10.29988956451416
2026-02-06;-5.25;-38.25;17.74919700622559
2026-02-06;-5.25;-37.75;31.86940574645996
2026-02-06;-5.25;-37.25;120.9150085449219
2026-02-06;-4.75;-41.25;1.557993054389954
2026-02-06;-4.75;-40.75;1.779197454452515
2026-02-06;-4.75;-40.25;4.163628578186035
2026-02-06;-4.75;-39.75;1.605873823165894
2026-02-06;-4.75;-39.25;2.721594572067261
2026-02-06;-4.75;-38.75;26.94912528991699
2026-02-06;-4.75;-38.25;27.57513999938965
2026-02-06;-4.75;-37.75;9.27212905883789
2026-02-06;-4.75;-37.25;66.9236831665039
2026-02-06;-4.25;-41.25;15.92638206481934
2026-02-06;-4.25;-40.75;3.036512851715088
2026-02-06;-4.25;-40.25;6.66850471496582
2026-02-06;-4.25;-39.75;5.752545833587646
2026-02-06;-4.25;-39.25;23.81576156616211
2026-02-06;-4.25;-38.75;90.28279113769531
2026-02-06;-4.25;-38.25;81.05330657958984
2026-02-06;-4.25;-37.75;39.02152252197266
2026-02-06;-4.25;-37.25;
2026-02-06;-3.75;-41.25;35.89206695556641
2026-02-06;-3.75;-40.75;13.84323692321777
2026-02-06;-3.75;-40.25;6.603893756866455
2026-02-06;-3.75;-39.75;5.90826416015625
2026-02-06;-3.75;-39.25;17.83386421203613
2026-02-06;-3.75;-38.75;124.5334548950195
2026-02-06;-3.75;-38.25;144.4191284179688
2026-02-06;-3.75;-37.75;
2026-02-06;-3.75;-37.25;
2026-02-06;-3.25;-41.25;46.61321258544922
2026-02-06;-3.25;-40.75;29.87451362609863
2026-02-06;-3.25;-40.25;5.633820533752441
2026-02-06;-3.25;-39.75;5.675825595855713
2026-02-06;-3.25;-39.25;28.94217491149902
2026-02-06;-3.25;-38.75;98.04607391357422
2026-02-06;-3.25;-38.25;
2026-02-06;-3.25;-37.75;
2026-02-06;-3.25;-37.25;
2026-02-06;-2.75;-41.25;44.92661285400391
2026-02-06;-2.75;-40.75;32.62757873535156
2026-02-06;-2.75;-40.25;10.46132183074951
2026-02-06;-2.75;-39.75;9.318115234375
2026-02-06;-2.75;-39.25;
2026-02-06;-2.75;-38.75;
2026-02-06;-2.75;-38.25;
2026-02-06;-2.75;-37.75;
2026-02-06;-2.75;-37.25;
2026-02-07;-7.75;-41.25;0.0
2026-02-07;-7.75;-40.75;0.0
2026-02-07;-7.75;-40.25;0.0
2026-02-07;-7.75;-39.75;0.0
2026-02-07;-7.75;-39.25;0.0
2026-02-07;-7.75;-38.75;0.0
2026-02-07;-7.75;-38.25;1.411571025848389
2026-02-07;-7.75;-37.75;5.927600383758545
2026-02-07;-7.75;-37.25;1.752495646476746
2026-02-07;-7.25;-41.25;0.0
2026-02-07;-7.25;-40.75;0.0
2026-02-07;-7.25;-40.25;0.0
2026-02-07;-7.25;-39.75;0.0
2026-02-07;-7.25;-39.25;0.0
2026-02-07;-7.25;-38.75;0.0
2026-02-07;-7.25;-38.25;12.22818470001221
2026-02-07;-7.25;-37.75;40.35674667358398
2026-02-07;-7.25;-37.25;37.94588470458984
2026-02-07;-6.75;-41.25;0.0
2026-02-07;-6.75;-40.75;0.0
2026-02-07;-6.75;-40.25;0.0
2026-02-07;-6.75;-39.75;0.0
2026-02-07;-6.75;-39.25;0.0
2026-02-07;-6.75;-38.75;0.0
2026-02-07;-6.75;-38.25;11.3850679397583
2026-02-07;-6.75;-37.75;19.81011199951172
2026-02-07;-6.75;-37.25;24.41318511962891
2026-02-07;-6.25;-41.25;5.031797409057617
2026-02-07;-6.25;-40.75;1.90219247341156
2026-02-07;-6.25;-40.25;1.20997166633606
2026-02-07;-6.25;-39.75;2.136063814163208
2026-02-07;-6.25;-39.25;3.107511281967163
2026-02-07;-6.25;-38.75;0.0
2026-02-07;-6.25;-38.25;1.785750508308411
2026-02-07;-6.25;-37.75;1.574200749397278
2026-02-07;-6.25;-37.25;0.9653337597846985
2026-02-07;-5.75;-41.25;21.28290176391602
2026-02-07;-5.75;-40.75;13.24458408355713
2026-02-07;-5.75;-40.25;29.90239715576172
2026-02-07;-5.75;-39.75;43.90135955810547
2026-02-07;-5.75;-39.25;35.83941268920898
2026-02-07;-5.75;-38.75;9.632495880126953
2026-02-07;-5.75;-38.25;7.313272476196289
2026-02-07;-5.75;-37.75;9.6522798538208
2026-02-07;-5.75;-37.25;3.046708822250366
2026-02-07;-5.25;-41.25;22.15735816955566
2026-02-07;-5.25;-40.75;11.22798633575439
2026-02-07;-5.25;-40.25;46.02926635742188
2026-02-07;-5.25;-39.75;91.67160034179688
2026-02-07;-5.25;-39.25;95.97164916992188
2026-02-07;-5.25;-38.75;43.92639541625977
2026-02-07;-5.25;-38.25;27.12125205993652
2026-02-07;-5.25;-37.75;25.35508155822754
2026-02-07;-5.25;-37.25;8.075337409973145
2026-02-07;-4.75;-41.25;10.33871650695801
2026-02-07;-4.75;-40.75;4.34796667098999
2026-02-07;-4.75;-40.25;9.508556365966797
2026-02-07;-4.75;-39.75;75.05559539794922
2026-02-07;-4.75;-39.25;101.7047271728516
2026-02-07;-4.75;-38.75;57.02257537841797
2026-02-07;-4.75;-38.25;33.32189559936523
2026-02-07;-4.75;-37.75;17.46509742736816
2026-02-07;-4.75;-37.25;11.20267200469971
2026-02-07;-4.25;-41.25;0.521855354309082
2026-02-07;-4.25;-40.75;0.7444922924041748
2026-02-07;-4.25;-40.25;0.0
2026-02-07;-4.25;-39.75;9.762764930725098
2026-02-07;-4.25;-39.25;34.63480758666992
2026-02-07;-4.25;-38.75;21.50182342529297
2026-02-07;-4.25;-38.25;17.36328315734863
2026-02-07;-4.25;-37.75;14.26436328887939
2026-02-07;-4.25;-37.25;
2026-02-07;-3.75;-41.25;0.0
2026-02-07;-3.75;-40.75;1.751295924186707
2026-02-07;-3.75;-40.25;12.43368053436279
2026-02-07;-3.75;-39.75;17.55810737609863
2026-02-07;-3.75;-39.25;14.89188766479492
2026-02-07;-3.75;-38.75;7.810561656951904
2026-02-07;-3.75;-38.25;7.338329792022705
2026-02-07;-3.75;-37.75;
2026-02-07;-3.75;-37.25;
2026-02-07;-3.25;-41.25;0.0
2026-02-07;-3.25;-40.75;5.072563171386719
2026-02-07;-3.25;-40.25;23.15220069885254
2026-02-07;-3.25;-39.75;19.61748695373535
2026-02-07;-3.25;-39.25;14.83213901519775
2026-02-07;-3.25;-38.75;9.404375076293945
2026-02-07;-3.25;-38.25;
2026-02-07;-3.25;-37.75;
2026-02-07;-3.25;-37.25;
2026-02-07;-2.75;-41.25;0.0
2026-02-07;-2.75;-40.75;3.58661937713623
2026-02-07;-2.75;-40.25;13.54755020141602
2026-02-07;-2.75;-39.75;16.42326354980469
2026-02-07;-2.75;-39.25;
2026-02-07;-2.75;-38.75;
2026-02-07;-2.75;-38.25;
2026-02-07;-2.75;-37.75;
2026-02-07;-2.75;-37.25;
2026-02-08;-7.75;-41.25;13.63696765899658
2026-02-08;-7.75;-40.75;6.094665050506592
2026-02-08;-7.75;-40.25;2.19501781463623
2026-02-08;-7.75;-39.75;6.578553676605225
2026-02-08;-7.75;-39.25;12.95957851409912
2026-02-08;-7.75;-38.75;9.918865203857422
2026-02-08;-7.75;-38.25;10.23958396911621
2026-02-08;-7.75;-37.75;32.25848007202148
2026-02-08;-7.75;-37.25;11.53275680541992
2026-02-08;-7.25;-41.25;25.87700462341309
2026-02-08;-7.25;-40.75;11.16205406188965
2026-02-08;-7.25;-40.25;9.86445140838623
2026-02-08;-7.25;-39.75;18.57709693908691
2026-02-08;-7.25;-39.25;20.35307312011719
2026-02-08;-7.25;-38.75;40.30111694335938
2026-02-08;-7.25;-38.25;63.78464508056641
2026-02-08;-7.25;-37.75;119.5952835083008
2026-02-08;-7.25;-37.25;58.42767715454102
2026-02-08;-6.75;-41.25;35.79872512817383
2026-02-08;-6.75;-40.75;29.06384468078613
2026-02-08;-6.75;-40.25;27.86306381225586
2026-02-08;-6.75;-39.75;30.6090259552002
2026-02-08;-6.75;-39.25;48.06042861938477
2026-02-08;-6.75;-38.75;99.14064025878906
2026-02-08;-6.75;-38.25;152.2751922607422
2026-02-08;-6.75;-37.75;91.87638092041016
2026-02-08;-6.75;-37.25;83.05227661132812
2026-02-08;-6.25;-41.25;43.08648300170898
2026-02-08;-6.25;-40.75;33.11133193969727
2026-02-08;-6.25;-40.25;35.2357292175293
2026-02-08;-6.25;-39.75;38.40791702270508
2026-02-08;-6.25;-39.25;50.15087127685547
2026-02-08;-6.25;-38.75;71.70588684082031
2026-02-08;-6.25;-38.25;73.3428726196289
2026-02-08;-6.25;-37.75;55.82859420776367
2026-02-08;-6.25;-37.25;81.12649536132812
2026-02-08;-5.75;-41.25;55.04498672485352
2026-02-08;-5.75;-40.75;27.65487289428711
2026-02-08;-5.75;-40.25;64.2170181274414
2026-02-08;-5.75;-39.75;91.64710998535156
2026-02-08;-5.75;-39.25;94.71833801269531
2026-02-08;-5.75;-38.75;49.05300903320312
2026-02-08;-5.75;-38.25;47.3066520690918
2026-02-08;-5.75;-37.75;68.04930877685547
2026-02-08;-5.75;-37.25;149.9269409179688
2026-02-08;-5.25;-41.25;39.50392913818359
2026-02-08;-5.25;-40.75;17.24643516540527
2026-02-08;-5.25;-40.25;67.11994934082031
2026-02-08;-5.25;-39.75;126.3963317871094
2026-02-08;-5.25;-39.25;135.3044128417969
2026-02-08;-5.25;-38.75;94.69879913330078
2026-02-08;-5.25;-38.25;60.96277618408203
2026-02-08;-5.25;-37.75;62.57700729370117
2026-02-08;-5.25;-37.25;208.5724945068359
2026-02-08;-4.75;-41.25;22.5270881652832
2026-02-08;-4.75;-40.75;15.27523803710938
2026-02-08;-4.75;-40.25;33.36190032958984
2026-02-08;-4.75;-39.75;79.93833923339844
2026-02-08;-4.75;-39.25;127.5580444335938
2026-02-08;-4.75;-38.75;97.38180541992188
2026-02-08;-4.75;-38.25;85.26776885986328
2026-02-08;-4.75;-37.75;127.6856155395508
2026-02-08;-4.75;-37.25;156.9709625244141
2026-02-08;-4.25;-41.25;7.160276889801025
2026-02-08;-4.25;-40.75;12.41366767883301
2026-02-08;-4.25;-40.25;28.91103935241699
2026-02-08;-4.25;-39.75;24.71452713012695
2026-02-08;-4.25;-39.25;54.35911560058594
2026-02-08;-4.25;-38.75;86.0659408569336
2026-02-08;-4.25;-38.25;103.8673934936523
2026-02-08;-4.25;-37.75;134.8965911865234
2026-02-08;-4.25;-37.25;
2026-02-08;-3.75;-41.25;3.068410158157349
2026-02-08;-3.75;-40.75;8.074883460998535
2026-02-08;-3.75;-40.25;15.63123893737793
2026-02-08;-3.75;-39.75;22.89868927001953
2026-02-08;-3.75;-39.25;37.20993804931641
2026-02-08;-3.75;-38.75;80.53901672363281
2026-02-08;-3.75;-38.25;100.4651718139648
2026-02-08;-3.75;-37.75;
2026-02-08;-3.75;-37.25;
2026-02-08;-3.25;-41.25;2.934024810791016
2026-02-08;-3.25;-40.75;7.892090797424316
2026-02-08;-3.25;-40.25;15.34100532531738
2026-02-08;-3.25;-39.75;19.1529426574707
2026-02-08;-3.25;-39.25;37.03293609619141
2026-02-08;-3.25;-38.75;69.48453521728516
2026-02-08;-3.25;-38.25;
2026-02-08;-3.25;-37.75;
2026-02-08;-3.25;-37.25;
2026-02-08;-2.75;-41.25;0.4690892696380615
2026-02-08;-2.75;-40.75;5.515604496002197
2026-02-08;-2.75;-40.25;12.49006748199463
2026-02-08;-2.75;-39.75;15.61391067504883
2026-02-08;-2.75;-39.25;
2026-02-08;-2.75;-38.75;
2026-02-08;-2.75;-38.25;
2026-02-08;-2.75;-37.75;
2026-02-08;-2.75;-37.25;
2026-02-09;-7.75;-41.25;12.87100410461426
2026-02-09;-7.75;-40.75;4.286876201629639
2026-02-09;-7.75;-40.25;5.99066162109375
2026-02-09;-7.75;-39.75;58.74617767333984
2026-02-09;-7.75;-39.25;173.9052581787109
2026-02-09;-7.75;-38.75;129.9843597412109
2026-02-09;-7.75;-38.25;24.81142425537109
2026-02-09;-7.75;-37.75;77.25834655761719
2026-02-09;-7.75;-37.25;134.1975250244141
2026-02-09;-7.25;-41.25;93.63143920898438
2026-02-09;-7.25;-40.75;48.99863815307617
2026-02-09;-7.25;-40.25;74.11359405517578
2026-02-09;-7.25;-39.75;136.1797637939453
2026-02-09;-7.25;-39.25;129.7492370605469
2026-02-09;-7.25;-38.75;109.7090759277344
2026-02-09;-7.25;-38.25;37.4748420715332
2026-02-09;-7.25;-37.75;108.7951736450195
2026-02-09;-7.25;-37.25;104.4184112548828
2026-02-09;-6.75;-41.25;193.0637817382812
2026-02-09;-6.75;-40.75;191.8844604492188
2026-02-09;-6.75;-40.25;210.0923767089844
2026-02-09;-6.75;-39.75;226.6863403320312
2026-02-09;-6.75;-39.25;284.0451354980469
2026-02-09;-6.75;-38.75;302.6216430664062
2026-02-09;-6.75;-38.25;78.9985122680664
2026-02-09;-6.75;-37.75;147.8459777832031
2026-02-09;-6.75;-37.25;121.9198150634766
2026-02-09;-6.25;-41.25;191.0772705078125
2026-02-09;-6.25;-40.75;198.7142639160156
2026-02-09;-6.25;-40.25;229.6080322265625
2026-02-09;-6.25;-39.75;240.3076171875
2026-02-09;-6.25;-39.25;321.4585876464844
2026-02-09;-6.25;-38.75;374.652587890625
2026-02-09;-6.25;-38.25;169.9870147705078
2026-02-09;-6.25;-37.75;195.6479644775391
2026-02-09;-6.25;-37.25;135.8813171386719
2026-02-09;-5.75;-41.25;98.5265884399414
2026-02-09;-5.75;-40.75;71.80823516845703
2026-02-09;-5.75;-40.25;206.2344512939453
2026-02-09;-5.75;-39.75;263.6407165527344
2026-02-09;-5.75;-39.25;273.6560363769531
2026-02-09;-5.75;-38.75;155.1587677001953
2026-02-09;-5.75;-38.25;137.1209869384766
2026-02-09;-5.75;-37.75;134.2768249511719
2026-02-09;-5.75;-37.25;56.46599578857422
2026-02-09;-5.25;-41.25;43.0554084777832
2026-02-09;-5.25;-40.75;37.91744613647461
2026-02-09;-5.25;-40.25;156.5526123046875
2026-02-09;-5.25;-39.75;231.9724884033203
2026-02-09;-5.25;-39.25;208.1833648681641
2026-02-09;-5.25;-38.75;139.1379547119141
2026-02-09;-5.25;-38.25;117.3299789428711
2026-02-09;-5.25;-37.75;66.21635437011719
2026-02-09;-5.25;-37.25;98.64569091796875
2026-02-09;-4.75;-41.25;30.24777412414551
2026-02-09;-4.75;-40.75;42.96383285522461
2026-02-09;-4.75;-40.25;142.4310150146484
2026-02-09;-4.75;-39.75;204.6782073974609
2026-02-09;-4.75;-39.25;190.3944854736328
2026-02-09;-4.75;-38.75;110.6260147094727
2026-02-09;-4.75;-38.25;74.84578704833984
2026-02-09;-4.75;-37.75;72.02954864501953
2026-02-09;-4.75;-37.25;103.2614212036133
2026-02-09;-4.25;-41.25;53.31951141357422
2026-02-09;-4.25;-40.75;37.69742584228516
2026-02-09;-4.25;-40.25;169.7440795898438
2026-02-09;-4.25;-39.75;203.715087890625
2026-02-09;-4.25;-39.25;193.1065673828125
2026-02-09;-4.25;-38.75;95.69828796386719
2026-02-09;-4.25;-38.25;64.9614028930664
2026-02-09;-4.25;-37.75;70.42015075683594
2026-02-09;-4.25;-37.25;
2026-02-09;-3.75;-41.25;120.7468566894531
2026-02-09;-3.75;-40.75;89.23975372314453
2026-02-09;-3.75;-40.25;168.1461486816406
2026-02-09;-3.75;-39.75;189.1100006103516
2026-02-09;-3.75;-39.25;201.0691986083984
2026-02-09;-3.75;-38.75;94.4049301147461
2026-02-09;-3.75;-38.25;53.81156158447266
2026-02-09;-3.75;-37.75;
2026-02-09;-3.75;-37.25;
2026-02-09;-3.25;-41.25;175.4025726318359
2026-02-09;-3.25;-40.75;121.7858200073242
2026-02-09;-3.25;-40.25;141.9743499755859
2026-02-09;-3.25;-39.75;167.1953430175781
2026-02-09;-3.25;-39.25;173.6351013183594
2026-02-09;-3.25;-38.75;114.7240753173828
2026-02-09;-3.25;-38.25;
2026-02-09;-3.25;-37.75;
2026-02-09;-3.25;-37.25;
2026-02-09;-2.75;-41.25;197.4055633544922
2026-02-09;-2.75;-40.75;163.2937469482422
2026-02-09;-2.75;-40.25;151.1424865722656
2026-02-09;-2.75;-39.75;157.6476593017578
2026-02-09;-2.75;-39.25;
2026-02-09;-2.75;-38.75;
2026-02-09;-2.75;-38.25;
2026-02-09;-2.75;-37.75;
2026-02-09;-2.75;-37.25;
2026-02-10;-7.75;-41.25;0.0
2026-02-10;-7.75;-40.75;0.0
2026-02-10;-7.75;-40.25;0.0
2026-02-10;-7.75;-39.75;0.3075783550739288
2026-02-10;-7.75;-39.25;0.3436352610588074
2026-02-10;-7.75;-38.75;0.0
2026-02-10;-7.75;-38.25;0.0
2026-02-10;-7.75;-37.75;0.3173377215862274
2026-02-10;-7.75;-37.25;0.0
2026-02-10;-7.25;-41.25;0.0
2026-02-10;-7.25;-40.75;0.0
2026-02-10;-7.25;-40.25;0.0
2026-02-10;-7.25;-39.75;0.0
2026-02-10;-7.25;-39.25;0.0
2026-02-10;-7.25;-38.75;0.4873744547367096
2026-02-10;-7.25;-38.25;0.0
2026-02-10;-7.25;-37.75;0.0
2026-02-10;-7.25;-37.25;1.287393569946289
2026-02-10;-6.75;-41.25;0.0
2026-02-10;-6.75;-40.75;0.0
2026-02-10;-6.75;-40.25;0.0
2026-02-10;-6.75;-39.75;0.0
2026-02-10;-6.75;-39.25;0.0
2026-02-10;-6.75;-38.75;0.0
2026-02-10;-6.75;-38.25;0.0
2026-02-10;-6.75;-37.75;2.477164506912231
2026-02-10;-6.75;-37.25;23.89726638793945
2026-02-10;-6.25;-41.25;0.0
2026-02-10;-6.25;-40.75;0.0
2026-02-10;-6.25;-40.25;0.0
2026-02-10;-6.25;-39.75;0.0
2026-02-10;-6.25;-39.25;0.0
2026-02-10;-6.25;-38.75;0.0
2026-02-10;-6.25;-38.25;0.3730201125144958
2026-02-10;-6.25;-37.75;18.20247650146484
2026-02-10;-6.25;-37.25;51.54821014404297
2026-02-10;-5.75;-41.25;0.4705199301242828
2026-02-10;-5.75;-40.75;1.363507628440857
2026-02-10;-5.75;-40.25;0.264635294675827
2026-02-10;-5.75;-39.75;0.0
2026-02-10;-5.75;-39.25;0.0
2026-02-10;-5.75;-38.75;0.0
2026-02-10;-5.75;-38.25;0.0
2026-02-10;-5.75;-37.75;19.24758911132812
2026-02-10;-5.75;-37.25;45.32998275756836
2026-02-10;-5.25;-41.25;1.211503505706787
2026-02-10;-5.25;-40.75;1.629468202590942
2026-02-10;-5.25;-40.25;0.6752028465270996
2026-02-10;-5.25;-39.75;0.0
2026-02-10;-5.25;-39.25;0.0
2026-02-10;-5.25;-38.75;0.0
2026-02-10;-5.25;-38.25;1.207823634147644
2026-02-10;-5.25;-37.75;2.697264671325684
2026-02-10;-5.25;-37.25;7.002179145812988
2026-02-10;-4.75;-41.25;0.9079527854919434
2026-02-10;-4.75;-40.75;0.435417115688324
2026-02-10;-4.75;-40.25;1.209167957305908
2026-02-10;-4.75;-39.75;0.6874368786811829
2026-02-10;-4.75;-39.25;0.0
2026-02-10;-4.75;-38.75;0.0
2026-02-10;-4.75;-38.25;1.500465154647827
2026-02-10;-4.75;-37.75;1.975503444671631
2026-02-10;-4.75;-37.25;1.716949105262756
2026-02-10;-4.25;-41.25;0.0
2026-02-10;-4.25;-40.75;0.0
2026-02-10;-4.25;-40.25;1.509948968887329
2026-02-10;-4.25;-39.75;1.909536242485046
2026-02-10;-4.25;-39.25;1.368785858154297
2026-02-10;-4.25;-38.75;0.0
2026-02-10;-4.25;-38.25;0.5510692000389099
2026-02-10;-4.25;-37.75;1.636531710624695
2026-02-10;-4.25;-37.25;
2026-02-10;-3.75;-41.25;0.3062951564788818
2026-02-10;-3.75;-40.75;0.3732571601867676
2026-02-10;-3.75;-40.25;1.118696093559265
2026-02-10;-3.75;-39.75;1.207686305046082
2026-02-10;-3.75;-39.25;1.797261476516724
2026-02-10;-3.75;-38.75;0.2682018876075745
2026-02-10;-3.75;-38.25;0.0
2026-02-10;-3.75;-37.75;
2026-02-10;-3.75;-37.25;
2026-02-10;-3.25;-41.25;1.771286845207214
2026-02-10;-3.25;-40.75;0.3852359652519226
2026-02-10;-3.25;-40.25;0.749584436416626
2026-02-10;-3.25;-39.75;1.23908519744873
2026-02-10;-3.25;-39.25;1.522709608078003
2026-02-10;-3.25;-38.75;0.4209724962711334
2026-02-10;-3.25;-38.25;
2026-02-10;-3.25;-37.75;
2026-02-10;-3.25;-37.25;
2026-02-10;-2.75;-41.25;1.920903086662292
2026-02-10;-2.75;-40.75;1.487018823623657
2026-02-10;-2.75;-40.25;1.480028748512268
2026-02-10;-2.75;-39.75;1.578942894935608
2026-02-10;-2.75;-39.25;
2026-02-10;-2.75;-38.75;
2026-02-10;-2.75;-38.25;
2026-02-10;-2.75;-37.75;
2026-02-10;-2.75;-37.25;
2026-02-11;-7.75;-41.25;0.0
2026-02-11;-7.75;-40.75;0.0
2026-02-11;-7.75;-40.25;0.0
2026-02-11;-7.75;-39.75;0.7389035224914551
2026-02-11;-7.75;-39.25;0.7706459164619446
2026-02-11;-7.75;-38.75;0.2970435917377472
2026-02-11;-7.75;-38.25;0.0
2026-02-11;-7.75;-37.75;0.0
2026-02-11;-7.75;-37.25;0.0
2026-02-11;-7.25;-41.25;0.0
2026-02-11;-7.25;-40.75;0.0
2026-02-11;-7.25;-40.25;0.0
2026-02-11;-7.25;-39.75;0.0
2026-02-11;-7.25;-39.25;0.4617239832878113
2026-02-11;-7.25;-38.75;2.448991298675537
2026-02-11;-7.25;-38.25;0.0
2026-02-11;-7.25;-37.75;0.0
2026-02-11;-7.25;-37.25;0.0
2026-02-11;-6.75;-41.25;0.9012682437896729
2026-02-11;-6.75;-40.75;0.2559729218482971
2026-02-11;-6.75;-40.25;0.8488736748695374
2026-02-11;-6.75;-39.75;0.8079272508621216
2026-02-11;-6.75;-39.25;0.2915797233581543
2026-02-11;-6.75;-38.75;0.9258445501327515
2026-02-11;-6.75;-38.25;0.0
2026-02-11;-6.75;-37.75;0.0
2026-02-11;-6.75;-37.25;0.0
2026-02-11;-6.25;-41.25;0.0
2026-02-11;-6.25;-40.75;0.2601059377193451
2026-02-11;-6.25;-40.25;0.8590433597564697
2026-02-11;-6.25;-39.75;0.7036861181259155
2026-02-11;-6.25;-39.25;0.0
2026-02-11;-6.25;-38.75;0.0
2026-02-11;-6.25;-38.25;0.0
2026-02-11;-6.25;-37.75;0.0
2026-02-11;-6.25;-37.25;0.0
2026-02-11;-5.75;-41.25;0.0
2026-02-11;-5.75;-40.75;0.0
2026-02-11;-5.75;-40.25;0.0
2026-02-11;-5.75;-39.75;0.0
2026-02-11;-5.75;-39.25;0.0
2026-02-11;-5.75;-38.75;0.0
2026-02-11;-5.75;-38.25;0.0
2026-02-11;-5.75;-37.75;0.2896188795566559
2026-02-11;-5.75;-37.25;1.129176735877991
2026-02-11;-5.25;-41.25;0.0
2026-02-11;-5.25;-40.75;0.0
2026-02-11;-5.25;-40.25;0.0
2026-02-11;-5.25;-39.75;0.0
2026-02-11;-5.25;-39.25;0.0
2026-02-11;-5.25;-38.75;0.0
2026-02-11;-5.25;-38.25;0.0
2026-02-11;-5.25;-37.75;0.0
2026-02-11;-5.25;-37.25;0.0
2026-02-11;-4.75;-41.25;0.0
2026-02-11;-4.75;-40.75;0.0
2026-02-11;-4.75;-40.25;0.0
2026-02-11;-4.75;-39.75;0.0
2026-02-11;-4.75;-39.25;0.0
2026-02-11;-4.75;-38.75;0.0
2026-02-11;-4.75;-38.25;0.0
2026-02-11;-4.75;-37.75;0.0
2026-02-11;-4.75;-37.25;0.0
2026-02-11;-4.25;-41.25;0.0
2026-02-11;-4.25;-40.75;0.0
2026-02-11;-4.25;-40.25;0.0
2026-02-11;-4.25;-39.75;0.0
2026-02-11;-4.25;-39.25;0.0
2026-02-11;-4.25;-38.75;0.0
2026-02-11;-4.25;-38.25;0.0
2026-02-11;-4.25;-37.75;0.0
2026-02-11;-4.25;-37.25;
2026-02-11;-3.75;-41.25;0.0
2026-02-11;-3.75;-40.75;0.0
2026-02-11;-3.75;-40.25;0.0
2026-02-11;-3.75;-39.75;0.0
2026-02-11;-3.75;-39.25;0.0
2026-02-11;-3.75;-38.75;0.0
2026-02-11;-3.75;-38.25;0.0
2026-02-11;-3.75;-37.75;
2026-02-11;-3.75;-37.25;
2026-02-11;-3.25;-41.25;0.0
2026-02-11;-3.25;-40.75;0.0
2026-02-11;-3.25;-40.25;0.0
2026-02-11;-3.25;-39.75;0.0
2026-02-11;-3.25;-39.25;0.0
2026-02-11;-3.25;-38.75;0.0
2026-02-11;-3.25;-38.25;
2026-02-11;-3.25;-37.75;
2026-02-11;-3.25;-37.25;
2026-02-11;-2.75;-41.25;0.0
2026-02-11;-2.75;-40.75;0.0
2026-02-11;-2.75;-40.25;0.0
2026-02-11;-2.75;-39.75;0.0
2026-02-11;-2.75;-39.25;
2026-02-11;-2.75;-38.75;
2026-02-11;-2.75;-38.25;
2026-02-11;-2.75;-37.75;
2026-02-11;-2.75;-37.25;
2026-02-12;-7.75;-41.25;0.0
2026-02-12;-7.75;-40.75;0.3148306608200073
2026-02-12;-7.75;-40.25;1.641117691993713
2026-02-12;-7.75;-39.75;4.238822460174561
2026-02-12;-7.75;-39.25;2.766044855117798
2026-02-12;-7.75;-38.75;3.346123933792114
2026-02-12;-7.75;-38.25;0.6404247879981995
2026-02-12;-7.75;-37.75;0.0
2026-02-12;-7.75;-37.25;0.0
2026-02-12;-7.25;-41.25;0.5613368153572083
2026-02-12;-7.25;-40.75;34.23870086669922
2026-02-12;-7.25;-40.25;114.2480621337891
2026-02-12;-7.25;-39.75;130.5527954101562
2026-02-12;-7.25;-39.25;40.09214782714844
2026-02-12;-7.25;-38.75;22.56549072265625
2026-02-12;-7.25;-38.25;19.92101287841797
2026-02-12;-7.25;-37.75;4.365632057189941
2026-02-12;-7.25;-37.25;0.0
2026-02-12;-6.75;-41.25;4.386331558227539
2026-02-12;-6.75;-40.75;149.1127319335938
2026-02-12;-6.75;-40.25;333.3115844726562
2026-02-12;-6.75;-39.75;340.7664794921875
2026-02-12;-6.75;-39.25;225.9048156738281
2026-02-12;-6.75;-38.75;97.52388000488281
2026-02-12;-6.75;-38.25;68.81614685058594
2026-02-12;-6.75;-37.75;4.156558513641357
2026-02-12;-6.75;-37.25;0.2941743433475494
2026-02-12;-6.25;-41.25;4.740623474121094
2026-02-12;-6.25;-40.75;145.4855346679688
2026-02-12;-6.25;-40.25;352.62890625
2026-02-12;-6.25;-39.75;340.8409729003906
2026-02-12;-6.25;-39.25;267.5455932617188
2026-02-12;-6.25;-38.75;110.7345123291016
2026-02-12;-6.25;-38.25;39.46939849853516
2026-02-12;-6.25;-37.75;1.246841311454773
2026-02-12;-6.25;-37.25;0.2881083488464355
2026-02-12;-5.75;-41.25;1.422380089759827
2026-02-12;-5.75;-40.75;28.21245956420898
2026-02-12;-5.75;-40.25;156.8244476318359
2026-02-12;-5.75;-39.75;150.3118133544922
2026-02-12;-5.75;-39.25;95.94425201416016
2026-02-12;-5.75;-38.75;18.50518226623535
2026-02-12;-5.75;-38.25;3.090397596359253
2026-02-12;-5.75;-37.75;0.2711573541164398
2026-02-12;-5.75;-37.25;0.0
2026-02-12;-5.25;-41.25;0.3355212807655334
2026-02-12;-5.25;-40.75;1.318558931350708
2026-02-12;-5.25;-40.25;30.9280891418457
2026-02-12;-5.25;-39.75;53.72389602661133
2026-02-12;-5.25;-39.25;48.68118286132812
2026-02-12;-5.25;-38.75;15.21891021728516
2026-02-12;-5.25;-38.25;0.6809334754943848
2026-02-12;-5.25;-37.75;0.0
2026-02-12;-5.25;-37.25;0.0
2026-02-12;-4.75;-41.25;0.0
2026-02-12;-4.75;-40.75;3.870291709899902
2026-02-12;-4.75;-40.25;16.34762763977051
2026-02-12;-4.75;-39.75;31.72990417480469
2026-02-12;-4.75;-39.25;43.73128509521484
2026-02-12;-4.75;-38.75;14.74516582489014
2026-02-12;-4.75;-38.25;0.2542571425437927
2026-02-12;-4.75;-37.75;0.0
2026-02-12;-4.75;-37.25;0.0
2026-02-12;-4.25;-41.25;3.411495923995972
2026-02-12;-4.25;-40.75;4.643658638000488
2026-02-12;-4.25;-40.25;16.64835166931152
2026-02-12;-4.25;-39.75;20.75728416442871
2026-02-12;-4.25;-39.25;65.82009887695312
2026-02-12;-4.25;-38.75;59.1544189453125
2026-02-12;-4.25;-38.25;31.28747940063477
2026-02-12;-4.25;-37.75;10.71321392059326
2026-02-12;-4.25;-37.25;
2026-02-12;-3.75;-41.25;5.951255798339844
2026-02-12;-3.75;-40.75;9.981468200683594
2026-02-12;-3.75;-40.25;30.11908149719238
2026-02-12;-3.75;-39.75;49.51417922973633
2026-02-12;-3.75;-39.25;87.15211486816406
2026-02-12;-3.75;-38.75;76.60938262939453
2026-02-12;-3.75;-38.25;62.84460067749023
2026-02-12;-3.75;-37.75;
2026-02-12;-3.75;-37.25;
2026-02-12;-3.25;-41.25;2.314253330230713
2026-02-12;-3.25;-40.75;13.6266450881958
2026-02-12;-3.25;-40.25;70.0773696899414
2026-02-12;-3.25;-39.75;88.02925109863281
2026-02-12;-3.25;-39.25;86.95500183105469
2026-02-12;-3.25;-38.75;80.50479125976562
2026-02-12;-3.25;-38.25;
2026-02-12;-3.25;-37.75;
2026-02-12;-3.25;-37.25;
2026-02-12;-2.75;-41.25;1.414293885231018
2026-02-12;-2.75;-40.75;30.14539527893066
2026-02-12;-2.75;-40.25;98.748291015625
2026-02-12;-2.75;-39.75;113.3594207763672
2026-02-12;-2.75;-39.25;
2026-02-12;-2.75;-38.75;
2026-02-12;-2.75;-38.25;
2026-02-12;-2.75;-37.75;
2026-02-12;-2.75;-37.25;
2026-02-13;-7.75;-41.25;6.614326477050781
2026-02-13;-7.75;-40.75;0.7027420997619629
2026-02-13;-7.75;-40.25;2.39014196395874
2026-02-13;-7.75;-39.75;40.20625686645508
2026-02-13;-7.75;-39.25;101.8679733276367
2026-02-13;-7.75;-38.75;66.78507995605469
2026-02-13;-7.75;-38.25;3.895559072494507
2026-02-13;-7.75;-37.75;0.0
2026-02-13;-7.75;-37.25;0.0
2026-02-13;-7.25;-41.25;49.65219497680664
2026-02-13;-7.25;-40.75;27.63548469543457
2026-02-13;-7.25;-40.25;46.94917297363281
2026-02-13;-7.25;-39.75;138.9070434570312
2026-02-13;-7.25;-39.25;273.0162963867188
2026-02-13;-7.25;-38.75;193.0071258544922
2026-02-13;-7.25;-38.25;20.22141265869141
2026-02-13;-7.25;-37.75;1.867654919624329
2026-02-13;-7.25;-37.25;0.3731941282749176
2026-02-13;-6.75;-41.25;110.0147705078125
2026-02-13;-6.75;-40.75;107.7396697998047
2026-02-13;-6.75;-40.25;103.2100830078125
2026-02-13;-6.75;-39.75;118.3021774291992
2026-02-13;-6.75;-39.25;127.9068832397461
2026-02-13;-6.75;-38.75;109.2202072143555
2026-02-13;-6.75;-38.25;33.97707748413086
2026-02-13;-6.75;-37.75;1.971778392791748
2026-02-13;-6.75;-37.25;14.10037994384766
2026-02-13;-6.25;-41.25;106.971321105957
2026-02-13;-6.25;-40.75;108.296272277832
2026-02-13;-6.25;-40.25;98.21273040771484
2026-02-13;-6.25;-39.75;90.5163803100586
2026-02-13;-6.25;-39.25;44.08605575561523
2026-02-13;-6.25;-38.75;31.50572395324707
2026-02-13;-6.25;-38.25;28.08736801147461
2026-02-13;-6.25;-37.75;2.724282741546631
2026-02-13;-6.25;-37.25;15.20783233642578
2026-02-13;-5.75;-41.25;36.98857116699219
2026-02-13;-5.75;-40.75;25.49470520019531
2026-02-13;-5.75;-40.25;40.79094696044922
2026-02-13;-5.75;-39.75;28.95314979553223
2026-02-13;-5.75;-39.25;13.67756938934326
2026-02-13;-5.75;-38.75;29.80572319030762
2026-02-13;-5.75;-38.25;22.48334884643555
2026-02-13;-5.75;-37.75;3.53074312210083
2026-02-13;-5.75;-37.25;0.52674800157547
2026-02-13;-5.25;-41.25;2.639947891235352
2026-02-13;-5.25;-40.75;8.595576286315918
2026-02-13;-5.25;-40.25;16.89930725097656
2026-02-13;-5.25;-39.75;3.916960716247559
2026-02-13;-5.25;-39.25;1.223157405853271
2026-02-13;-5.25;-38.75;6.29902982711792
2026-02-13;-5.25;-38.25;3.595892667770386
2026-02-13;-5.25;-37.75;0.5313888192176819
2026-02-13;-5.25;-37.25;0.2423558682203293
2026-02-13;-4.75;-41.25;41.76959228515625
2026-02-13;-4.75;-40.75;35.30288696289062
2026-02-13;-4.75;-40.25;75.86211395263672
2026-02-13;-4.75;-39.75;45.31905364990234
2026-02-13;-4.75;-39.25;1.915432333946228
2026-02-13;-4.75;-38.75;0.6525419354438782
2026-02-13;-4.75;-38.25;3.233875274658203
2026-02-13;-4.75;-37.75;8.321640968322754
2026-02-13;-4.75;-37.25;4.948130130767822
2026-02-13;-4.25;-41.25;207.3355712890625
2026-02-13;-4.25;-40.75;72.34024810791016
2026-02-13;-4.25;-40.25;113.3425369262695
2026-02-13;-4.25;-39.75;104.4665298461914
2026-02-13;-4.25;-39.25;10.79898452758789
2026-02-13;-4.25;-38.75;0.0
2026-02-13;-4.25;-38.25;2.045701265335083
2026-02-13;-4.25;-37.75;8.53319263458252
2026-02-13;-4.25;-37.25;
2026-02-13;-3.75;-41.25;247.3244323730469
2026-02-13;-3.75;-40.75;120.8585433959961
2026-02-13;-3.75;-40.25;171.009033203125
2026-02-13;-3.75;-39.75;88.61251068115234
2026-02-13;-3.75;-39.25;8.378555297851562
2026-02-13;-3.75;-38.75;0.0
2026-02-13;-3.75;-38.25;0.0
2026-02-13;-3.75;-37.75;
2026-02-13;-3.75;-37.25;
2026-02-13;-3.25;-41.25;99.24333190917969
2026-02-13;-3.25;-40.75;69.75946807861328
2026-02-13;-3.25;-40.25;53.21612930297852
2026-02-13;-3.25;-39.75;44.37804412841797
2026-02-13;-3.25;-39.25;17.51667022705078
2026-02-13;-3.25;-38.75;1.738075017929077
2026-02-13;-3.25;-38.25;
2026-02-13;-3.25;-37.75;
2026-02-13;-3.25;-37.25;
2026-02-13;-2.75;-41.25;35.90385055541992
2026-02-13;-2.75;-40.75;56.58347702026367
2026-02-13;-2.75;-40.25;31.85562896728516
2026-02-13;-2.75;-39.75;22.76371765136719
2026-02-13;-2.75;-39.25;
2026-02-13;-2.75;-38.75;
2026-02-13;-2.75;-38.25;
2026-02-13;-2.75;-37.75;
2026-02-13;-2.75;-37.25;
2026-02-14;-7.75;-41.25;2.973163366317749
2026-02-14;-7.75;-40.75;0.293870747089386
2026-02-14;-7.75;-40.25;0.9483689665794373
2026-02-14;-7.75;-39.75;19.15525245666504
2026-02-14;-7.75;-39.25;59.32600402832031
2026-02-14;-7.75;-38.75;43.64453887939453
2026-02-14;-7.75;-38.25;6.126711845397949
2026-02-14;-7.75;-37.75;21.29556083679199
2026-02-14;-7.75;-37.25;36.12667465209961
2026-02-14;-7.25;-41.25;15.89221000671387
2026-02-14;-7.25;-40.75;20.60473823547363
2026-02-14;-7.25;-40.25;49.94475555419922
2026-02-14;-7.25;-39.75;68.62574768066406
2026-02-14;-7.25;-39.25;50.34981536865234
2026-02-14;-7.25;-38.75;31.14605712890625
2026-02-14;-7.25;-38.25;3.420279741287231
2026-02-14;-7.25;-37.75;1.803469896316528
2026-02-14;-7.25;-37.25;9.852014541625977
2026-02-14;-6.75;-41.25;24.58892822265625
2026-02-14;-6.75;-40.75;78.9727554321289
2026-02-14;-6.75;-40.25;143.8704986572266
2026-02-14;-6.75;-39.75;141.7542724609375
2026-02-14;-6.75;-39.25;83.87554168701172
2026-02-14;-6.75;-38.75;41.9757194519043
2026-02-14;-6.75;-38.25;16.32792854309082
2026-02-14;-6.75;-37.75;8.206703186035156
2026-02-14;-6.75;-37.25;53.04490280151367
2026-02-14;-6.25;-41.25;37.2916374206543
2026-02-14;-6.25;-40.75;81.44393920898438
2026-02-14;-6.25;-40.25;148.7182159423828
2026-02-14;-6.25;-39.75;142.8619384765625
2026-02-14;-6.25;-39.25;84.7956314086914
2026-02-14;-6.25;-38.75;29.78181648254395
2026-02-14;-6.25;-38.25;10.99047946929932
2026-02-14;-6.25;-37.75;17.86178016662598
2026-02-14;-6.25;-37.25;100.2341918945312
2026-02-14;-5.75;-41.25;76.36216735839844
2026-02-14;-5.75;-40.75;42.46313858032227
2026-02-14;-5.75;-40.25;77.84626007080078
2026-02-14;-5.75;-39.75;72.89911651611328
2026-02-14;-5.75;-39.25;49.49335098266602
2026-02-14;-5.75;-38.75;7.003157138824463
2026-02-14;-5.75;-38.25;0.3087884187698364
2026-02-14;-5.75;-37.75;23.73846244812012
2026-02-14;-5.75;-37.25;62.2978401184082
2026-02-14;-5.25;-41.25;66.76439666748047
2026-02-14;-5.25;-40.75;15.10972118377686
2026-02-14;-5.25;-40.25;15.84396934509277
2026-02-14;-5.25;-39.75;23.6624641418457
2026-02-14;-5.25;-39.25;11.98442077636719
2026-02-14;-5.25;-38.75;1.894741177558899
2026-02-14;-5.25;-38.25;1.013531565666199
2026-02-14;-5.25;-37.75;1.484544277191162
2026-02-14;-5.25;-37.25;20.55760765075684
2026-02-14;-4.75;-41.25;25.0805835723877
2026-02-14;-4.75;-40.75;1.583570003509521
2026-02-14;-4.75;-40.25;3.171317577362061
2026-02-14;-4.75;-39.75;5.0614333152771
2026-02-14;-4.75;-39.25;1.985539555549622
2026-02-14;-4.75;-38.75;0.0
2026-02-14;-4.75;-38.25;0.0
2026-02-14;-4.75;-37.75;0.0
2026-02-14;-4.75;-37.25;7.251276969909668
2026-02-14;-4.25;-41.25;1.221990823745728
2026-02-14;-4.25;-40.75;1.956673383712769
2026-02-14;-4.25;-40.25;4.292323589324951
2026-02-14;-4.25;-39.75;2.956363677978516
2026-02-14;-4.25;-39.25;0.0
2026-02-14;-4.25;-38.75;0.2228842079639435
2026-02-14;-4.25;-38.25;0.3193545639514923
2026-02-14;-4.25;-37.75;0.0
2026-02-14;-4.25;-37.25;
2026-02-14;-3.75;-41.25;1.333728909492493
2026-02-14;-3.75;-40.75;6.208654403686523
2026-02-14;-3.75;-40.25;9.534870147705078
2026-02-14;-3.75;-39.75;4.585191249847412
2026-02-14;-3.75;-39.25;0.2769719064235687
2026-02-14;-3.75;-38.75;0.5549851655960083
2026-02-14;-3.75;-38.25;0.8112044930458069
2026-02-14;-3.75;-37.75;
2026-02-14;-3.75;-37.25;
2026-02-14;-3.25;-41.25;0.8436108231544495
2026-02-14;-3.25;-40.75;4.634081840515137
2026-02-14;-3.25;-40.25;15.05594730377197
2026-02-14;-3.25;-39.75;14.68501472473145
2026-02-14;-3.25;-39.25;5.014309883117676
2026-02-14;-3.25;-38.75;1.292322039604187
2026-02-14;-3.25;-38.25;
2026-02-14;-3.25;-37.75;
2026-02-14;-3.25;-37.25;
2026-02-14;-2.75;-41.25;0.5501686930656433
2026-02-14;-2.75;-40.75;7.178085327148438
2026-02-14;-2.75;-40.25;21.47241020202637
2026-02-14;-2.75;-39.75;22.59315299987793
2026-02-14;-2.75;-39.25;
2026-02-14;-2.75;-38.75;
2026-02-14;-2.75;-38.25;
2026-02-14;-2.75;-37.75;
2026-02-14;-2.75;-37.25;
2026-02-15;-7.75;-41.25;1.518376111984253
2026-02-15;-7.75;-40.75;0.0
2026-02-15;-7.75;-40.25;0.6624556183815002
2026-02-15;-7.75;-39.75;9.282893180847168
2026-02-15;-7.75;-39.25;23.49703216552734
2026-02-15;-7.75;-38.75;18.083251953125
2026-02-15;-7.75;-38.25;5.669562339782715
2026-02-15;-7.75;-37.75;41.91082000732422
2026-02-15;-7.75;-37.25;58.48529052734375
2026-02-15;-7.25;-41.25;3.9791100025177
2026-02-15;-7.25;-40.75;16.69722366333008
2026-02-15;-7.25;-40.25;45.61941146850586
2026-02-15;-7.25;-39.75;81.99121856689453
2026-02-15;-7.25;-39.25;81.0145492553711
2026-02-15;-7.25;-38.75;97.35286712646484
2026-02-15;-7.25;-38.25;66.28935241699219
2026-02-15;-7.25;-37.75;79.79792785644531
2026-02-15;-7.25;-37.25;57.7769775390625
2026-02-15;-6.75;-41.25;12.37743186950684
2026-02-15;-6.75;-40.75;81.01343536376953
2026-02-15;-6.75;-40.25;131.0124053955078
2026-02-15;-6.75;-39.75;139.5133056640625
2026-02-15;-6.75;-39.25;170.705810546875
2026-02-15;-6.75;-38.75;213.6848907470703
2026-02-15;-6.75;-38.25;216.1623687744141
2026-02-15;-6.75;-37.75;116.2088623046875
2026-02-15;-6.75;-37.25;46.66661834716797
2026-02-15;-6.25;-41.25;67.36048889160156
2026-02-15;-6.25;-40.75;131.0841827392578
2026-02-15;-6.25;-40.25;149.5092315673828
2026-02-15;-6.25;-39.75;159.0023498535156
2026-02-15;-6.25;-39.25;223.1419982910156
2026-02-15;-6.25;-38.75;226.6237335205078
2026-02-15;-6.25;-38.25;168.3561859130859
2026-02-15;-6.25;-37.75;76.98905944824219
2026-02-15;-6.25;-37.25;59.11854934692383
2026-02-15;-5.75;-41.25;129.8992614746094
2026-02-15;-5.75;-40.75;166.5888519287109
2026-02-15;-5.75;-40.25;183.1727600097656
2026-02-15;-5.75;-39.75;201.4052886962891
2026-02-15;-5.75;-39.25;200.8411407470703
2026-02-15;-5.75;-38.75;116.5176391601562
2026-02-15;-5.75;-38.25;79.31584167480469
2026-02-15;-5.75;-37.75;95.92692565917969
2026-02-15;-5.75;-37.25;65.10108947753906
2026-02-15;-5.25;-41.25;163.1709594726562
2026-02-15;-5.25;-40.75;182.7353820800781
2026-02-15;-5.25;-40.25;188.2257080078125
2026-02-15;-5.25;-39.75;229.8514251708984
2026-02-15;-5.25;-39.25;238.0782470703125
2026-02-15;-5.25;-38.75;95.16716766357422
2026-02-15;-5.25;-38.25;87.57327270507812
2026-02-15;-5.25;-37.75;120.1849060058594
2026-02-15;-5.25;-37.25;46.40050506591797
2026-02-15;-4.75;-41.25;235.0941619873047
2026-02-15;-4.75;-40.75;209.3184661865234
2026-02-15;-4.75;-40.25;109.6033554077148
2026-02-15;-4.75;-39.75;144.8745727539062
2026-02-15;-4.75;-39.25;212.0871887207031
2026-02-15;-4.75;-38.75;90.01237487792969
2026-02-15;-4.75;-38.25;57.4476318359375
2026-02-15;-4.75;-37.75;36.5602912902832
2026-02-15;-4.75;-37.25;25.01643371582031
2026-02-15;-4.25;-41.25;389.7747497558594
2026-02-15;-4.25;-40.75;216.0960998535156
2026-02-15;-4.25;-40.25;71.38773345947266
2026-02-15;-4.25;-39.75;44.57936859130859
2026-02-15;-4.25;-39.25;48.71096038818359
2026-02-15;-4.25;-38.75;41.2590446472168
2026-02-15;-4.25;-38.25;40.14714431762695
2026-02-15;-4.25;-37.75;22.5301399230957
2026-02-15;-4.25;-37.25;
2026-02-15;-3.75;-41.25;358.6318664550781
2026-02-15;-3.75;-40.75;281.8714599609375
2026-02-15;-3.75;-40.25;134.5126037597656
2026-02-15;-3.75;-39.75;56.78702163696289
2026-02-15;-3.75;-39.25;13.87394046783447
2026-02-15;-3.75;-38.75;30.00140571594238
2026-02-15;-3.75;-38.25;36.33308029174805
2026-02-15;-3.75;-37.75;
2026-02-15;-3.75;-37.25;
2026-02-15;-3.25;-41.25;73.91027069091797
2026-02-15;-3.25;-40.75;208.2233734130859
2026-02-15;-3.25;-40.25;104.4310836791992
2026-02-15;-3.25;-39.75;69.87013244628906
2026-02-15;-3.25;-39.25;32.97864151000977
2026-02-15;-3.25;-38.75;27.59588241577148
2026-02-15;-3.25;-38.25;
2026-02-15;-3.25;-37.75;
2026-02-15;-3.25;-37.25;
2026-02-15;-2.75;-41.25;34.83319854736328
2026-02-15;-2.75;-40.75;90.02530670166016
2026-02-15;-2.75;-40.25;111.6867294311523
2026-02-15;-2.75;-39.75;88.84806060791016
2026-02-15;-2.75;-39.25;
2026-02-15;-2.75;-38.75;
2026-02-15;-2.75;-38.25;
2026-02-15;-2.75;-37.75;
2026-02-15;-2.75;-37.25;
2026-02-16;-7.75;-41.25;43.31103134155273
2026-02-16;-7.75;-40.75;30.17216300964355
2026-02-16;-7.75;-40.25;7.747547149658203
2026-02-16;-7.75;-39.75;25.46911811828613
2026-02-16;-7.75;-39.25;52.43694305419922
2026-02-16;-7.75;-38.75;29.60608100891113
2026-02-16;-7.75;-38.25;2.402617692947388
2026-02-16;-7.75;-37.75;2.83137583732605
2026-02-16;-7.75;-37.25;1.039975047111511
2026-02-16;-7.25;-41.25;52.62105941772461
2026-02-16;-7.25;-40.75;68.60088348388672
2026-02-16;-7.25;-40.25;129.5157470703125
2026-02-16;-7.25;-39.75;188.8761901855469
2026-02-16;-7.25;-39.25;173.5437927246094
2026-02-16;-7.25;-38.75;98.82222747802734
2026-02-16;-7.25;-38.25;22.52124404907227
2026-02-16;-7.25;-37.75;20.54548645019531
2026-02-16;-7.25;-37.25;24.16109657287598
2026-02-16;-6.75;-41.25;82.87223815917969
2026-02-16;-6.75;-40.75;191.2830963134766
2026-02-16;-6.75;-40.25;314.3542175292969
2026-02-16;-6.75;-39.75;332.0053405761719
2026-02-16;-6.75;-39.25;273.2535095214844
2026-02-16;-6.75;-38.75;189.9320068359375
2026-02-16;-6.75;-38.25;76.4982681274414
2026-02-16;-6.75;-37.75;29.47370338439941
2026-02-16;-6.75;-37.25;59.40818023681641
2026-02-16;-6.25;-41.25;81.0688247680664
2026-02-16;-6.25;-40.75;184.7413330078125
2026-02-16;-6.25;-40.25;321.3429260253906
2026-02-16;-6.25;-39.75;306.0106811523438
2026-02-16;-6.25;-39.25;216.8205413818359
2026-02-16;-6.25;-38.75;194.1756286621094
2026-02-16;-6.25;-38.25;91.81792449951172
2026-02-16;-6.25;-37.75;46.52993774414062
2026-02-16;-6.25;-37.25;58.19931793212891
2026-02-16;-5.75;-41.25;28.55107307434082
2026-02-16;-5.75;-40.75;42.72969055175781
2026-02-16;-5.75;-40.25;177.1384887695312
2026-02-16;-5.75;-39.75;180.6226348876953
2026-02-16;-5.75;-39.25;140.3979797363281
2026-02-16;-5.75;-38.75;75.65693664550781
2026-02-16;-5.75;-38.25;43.51494216918945
2026-02-16;-5.75;-37.75;22.98733711242676
2026-02-16;-5.75;-37.25;7.570491790771484
2026-02-16;-5.25;-41.25;1.986972689628601
2026-02-16;-5.25;-40.75;2.607126712799072
2026-02-16;-5.25;-40.25;46.04089736938477
2026-02-16;-5.25;-39.75;81.01554870605469
2026-02-16;-5.25;-39.25;59.39498519897461
2026-02-16;-5.25;-38.75;27.9830493927002
2026-02-16;-5.25;-38.25;9.20790958404541
2026-02-16;-5.25;-37.75;12.8207426071167
2026-02-16;-5.25;-37.25;1.400937795639038
2026-02-16;-4.75;-41.25;2.571909189224243
2026-02-16;-4.75;-40.75;0.4292309880256653
2026-02-16;-4.75;-40.25;5.238520622253418
2026-02-16;-4.75;-39.75;29.45418930053711
2026-02-16;-4.75;-39.25;34.12795257568359
2026-02-16;-4.75;-38.75;12.68294334411621
2026-02-16;-4.75;-38.25;7.020111083984375
2026-02-16;-4.75;-37.75;11.73021221160889
2026-02-16;-4.75;-37.25;3.601667165756226
2026-02-16;-4.25;-41.25;10.60585117340088
2026-02-16;-4.25;-40.75;0.3863452076911926
2026-02-16;-4.25;-40.25;3.843740463256836
2026-02-16;-4.25;-39.75;10.18491649627686
2026-02-16;-4.25;-39.25;7.713454246520996
2026-02-16;-4.25;-38.75;1.352527141571045
2026-02-16;-4.25;-38.25;3.110009670257568
2026-02-16;-4.25;-37.75;6.774729251861572
2026-02-16;-4.25;-37.25;
2026-02-16;-3.75;-41.25;13.61478137969971
2026-02-16;-3.75;-40.75;0.8675630688667297
2026-02-16;-3.75;-40.25;0.4326793253421783
2026-02-16;-3.75;-39.75;2.854913711547852
2026-02-16;-3.75;-39.25;2.092213153839111
2026-02-16;-3.75;-38.75;0.324926495552063
2026-02-16;-3.75;-38.25;0.5472145080566406
2026-02-16;-3.75;-37.75;
2026-02-16;-3.75;-37.25;
2026-02-16;-3.25;-41.25;1.418659090995789
2026-02-16;-3.25;-40.75;0.0
2026-02-16;-3.25;-40.25;0.0
2026-02-16;-3.25;-39.75;0.2999203205108643
2026-02-16;-3.25;-39.25;1.401687264442444
2026-02-16;-3.25;-38.75;0.4073004424571991
2026-02-16;-3.25;-38.25;
2026-02-16;-3.25;-37.75;
2026-02-16;-3.25;-37.25;
2026-02-16;-2.75;-41.25;0.0
2026-02-16;-2.75;-40.75;0.0
2026-02-16;-2.75;-40.25;0.0
2026-02-16;-2.75;-39.75;0.0
2026-02-16;-2.75;-39.25;
2026-02-16;-2.75;-38.75;
2026-02-16;-2.75;-38.25;
2026-02-16;-2.75;-37.75;
2026-02-16;-2.75;-37.25;
2026-02-17;-7.75;-41.25;0.0
2026-02-17;-7.75;-40.75;0.0
2026-02-17;-7.75;-40.25;0.215040311217308
2026-02-17;-7.75;-39.75;0.8265304565429688
2026-02-17;-7.75;-39.25;0.9990492463111877
2026-02-17;-7.75;-38.75;0.3993905186653137
2026-02-17;-7.75;-38.25;0.0
2026-02-17;-7.75;-37.75;0.0
2026-02-17;-7.75;-37.25;0.0
2026-02-17;-7.25;-41.25;3.636314153671265
2026-02-17;-7.25;-40.75;3.58088755607605
2026-02-17;-7.25;-40.25;10.20924758911133
2026-02-17;-7.25;-39.75;10.1427640914917
2026-02-17;-7.25;-39.25;3.372055053710938
2026-02-17;-7.25;-38.75;1.240192770957947
2026-02-17;-7.25;-38.25;0.2662784457206726
2026-02-17;-7.25;-37.75;0.0
2026-02-17;-7.25;-37.25;0.0
2026-02-17;-6.75;-41.25;3.18341064453125
2026-02-17;-6.75;-40.75;14.94131374359131
2026-02-17;-6.75;-40.25;27.76976585388184
2026-02-17;-6.75;-39.75;27.39705848693848
2026-02-17;-6.75;-39.25;8.933805465698242
2026-02-17;-6.75;-38.75;2.310909032821655
2026-02-17;-6.75;-38.25;1.33148980140686
2026-02-17;-6.75;-37.75;0.0
2026-02-17;-6.75;-37.25;0.0
2026-02-17;-6.25;-41.25;4.585772037506104
2026-02-17;-6.25;-40.75;14.8796911239624
2026-02-17;-6.25;-40.25;29.23250389099121
2026-02-17;-6.25;-39.75;26.78428649902344
2026-02-17;-6.25;-39.25;8.209024429321289
2026-02-17;-6.25;-38.75;1.429652690887451
2026-02-17;-6.25;-38.25;0.3484780192375183
2026-02-17;-6.25;-37.75;0.0
2026-02-17;-6.25;-37.25;0.0
2026-02-17;-5.75;-41.25;5.861052989959717
2026-02-17;-5.75;-40.75;3.937258005142212
2026-02-17;-5.75;-40.25;15.14854335784912
2026-02-17;-5.75;-39.75;12.84099388122559
2026-02-17;-5.75;-39.25;7.570235252380371
2026-02-17;-5.75;-38.75;0.0
2026-02-17;-5.75;-38.25;0.0
2026-02-17;-5.75;-37.75;0.7250373363494873
2026-02-17;-5.75;-37.25;1.036451697349548
2026-02-17;-5.25;-41.25;2.618894815444946
2026-02-17;-5.25;-40.75;0.0
2026-02-17;-5.25;-40.25;1.80441153049469
2026-02-17;-5.25;-39.75;2.464951038360596
2026-02-17;-5.25;-39.25;0.995806097984314
2026-02-17;-5.25;-38.75;0.0
2026-02-17;-5.25;-38.25;0.4313087165355682
2026-02-17;-5.25;-37.75;3.330233335494995
2026-02-17;-5.25;-37.25;1.224121689796448
2026-02-17;-4.75;-41.25;0.0
2026-02-17;-4.75;-40.75;0.0
2026-02-17;-4.75;-40.25;0.0
2026-02-17;-4.75;-39.75;0.0
2026-02-17;-4.75;-39.25;0.0
2026-02-17;-4.75;-38.75;0.0
2026-02-17;-4.75;-38.25;0.3454489409923553
2026-02-17;-4.75;-37.75;0.4306473433971405
2026-02-17;-4.75;-37.25;0.0
2026-02-17;-4.25;-41.25;1.90384578704834
2026-02-17;-4.25;-40.75;0.0
2026-02-17;-4.25;-40.25;0.0
2026-02-17;-4.25;-39.75;0.0
2026-02-17;-4.25;-39.25;0.0
2026-02-17;-4.25;-38.75;2.683961391448975
2026-02-17;-4.25;-38.25;2.118502855300903
2026-02-17;-4.25;-37.75;0.0
2026-02-17;-4.25;-37.25;
2026-02-17;-3.75;-41.25;2.58089804649353
2026-02-17;-3.75;-40.75;0.0
2026-02-17;-3.75;-40.25;0.0
2026-02-17;-3.75;-39.75;0.0
2026-02-17;-3.75;-39.25;0.0
2026-02-17;-3.75;-38.75;3.659281730651855
2026-02-17;-3.75;-38.25;4.95337963104248
2026-02-17;-3.75;-37.75;
2026-02-17;-3.75;-37.25;
2026-02-17;-3.25;-41.25;0.0
2026-02-17;-3.25;-40.75;0.0
2026-02-17;-3.25;-40.25;0.0
2026-02-17;-3.25;-39.75;0.0
2026-02-17;-3.25;-39.25;0.0
2026-02-17;-3.25;-38.75;2.406484127044678
2026-02-17;-3.25;-38.25;
2026-02-17;-3.25;-37.75;
2026-02-17;-3.25;-37.25;
2026-02-17;-2.75;-41.25;0.0
2026-02-17;-2.75;-40.75;0.0
2026-02-17;-2.75;-40.25;0.0
2026-02-17;-2.75;-39.75;0.0
2026-02-17;-2.75;-39.25;
2026-02-17;-2.75;-38.75;
2026-02-17;-2.75;-38.25;
2026-02-17;-2.75;-37.75;
2026-02-17;-2.75;-37.25;
2026-02-18;-7.75;-41.25;0.0
2026-02-18;-7.75;-40.75;0.0
2026-02-18;-7.75;-40.25;1.392221331596375
2026-02-18;-7.75;-39.75;11.52468681335449
2026-02-18;-7.75;-39.25;24.64639282226562
2026-02-18;-7.75;-38.75;14.62689590454102
2026-02-18;-7.75;-38.25;2.269497871398926
2026-02-18;-7.75;-37.75;26.01410293579102
2026-02-18;-7.75;-37.25;57.05860900878906
2026-02-18;-7.25;-41.25;0.3792314827442169
2026-02-18;-7.25;-40.75;10.38584232330322
2026-02-18;-7.25;-40.25;36.89349365234375
2026-02-18;-7.25;-39.75;61.08718872070312
2026-02-18;-7.25;-39.25;70.03596496582031
2026-02-18;-7.25;-38.75;38.88412857055664
2026-02-18;-7.25;-38.25;13.11862945556641
2026-02-18;-7.25;-37.75;4.166828155517578
2026-02-18;-7.25;-37.25;11.72774124145508
2026-02-18;-6.75;-41.25;3.861435413360596
2026-02-18;-6.75;-40.75;42.45103073120117
2026-02-18;-6.75;-40.25;89.43450164794922
2026-02-18;-6.75;-39.75;94.79637145996094
2026-02-18;-6.75;-39.25;75.67733764648438
2026-02-18;-6.75;-38.75;63.31061935424805
2026-02-18;-6.75;-38.25;44.56823348999023
2026-02-18;-6.75;-37.75;8.765823364257812
2026-02-18;-6.75;-37.25;0.0
2026-02-18;-6.25;-41.25;20.13681030273438
2026-02-18;-6.25;-40.75;45.51721572875977
2026-02-18;-6.25;-40.25;90.67233276367188
2026-02-18;-6.25;-39.75;87.12875366210938
2026-02-18;-6.25;-39.25;75.60888671875
2026-02-18;-6.25;-38.75;156.1613616943359
2026-02-18;-6.25;-38.25;142.1117095947266
2026-02-18;-6.25;-37.75;10.24472522735596
2026-02-18;-6.25;-37.25;2.102885007858276
2026-02-18;-5.75;-41.25;61.09157943725586
2026-02-18;-5.75;-40.75;29.32377815246582
2026-02-18;-5.75;-40.25;64.63275146484375
2026-02-18;-5.75;-39.75;77.26738739013672
2026-02-18;-5.75;-39.25;80.80650329589844
2026-02-18;-5.75;-38.75;214.2276916503906
2026-02-18;-5.75;-38.25;160.8888397216797
2026-02-18;-5.75;-37.75;30.02007675170898
2026-02-18;-5.75;-37.25;2.756626605987549
2026-02-18;-5.25;-41.25;54.49683380126953
2026-02-18;-5.25;-40.75;10.33321380615234
2026-02-18;-5.25;-40.25;50.47844696044922
2026-02-18;-5.25;-39.75;139.6323699951172
2026-02-18;-5.25;-39.25;188.7094421386719
2026-02-18;-5.25;-38.75;102.3094024658203
2026-02-18;-5.25;-38.25;42.95737838745117
2026-02-18;-5.25;-37.75;7.027165412902832
2026-02-18;-5.25;-37.25;0.0
2026-02-18;-4.75;-41.25;29.22879981994629
2026-02-18;-4.75;-40.75;0.5551561117172241
2026-02-18;-4.75;-40.25;10.7436990737915
2026-02-18;-4.75;-39.75;104.3920516967773
2026-02-18;-4.75;-39.25;194.3028411865234
2026-02-18;-4.75;-38.75;96.91597747802734
2026-02-18;-4.75;-38.25;35.16850662231445
2026-02-18;-4.75;-37.75;2.585608005523682
2026-02-18;-4.75;-37.25;0.0
2026-02-18;-4.25;-41.25;58.73855972290039
2026-02-18;-4.25;-40.75;26.6385498046875
2026-02-18;-4.25;-40.25;21.04822731018066
2026-02-18;-4.25;-39.75;39.0109977722168
2026-02-18;-4.25;-39.25;124.429328918457
2026-02-18;-4.25;-38.75;242.2836456298828
2026-02-18;-4.25;-38.25;182.3933715820312
2026-02-18;-4.25;-37.75;66.01545715332031
2026-02-18;-4.25;-37.25;
2026-02-18;-3.75;-41.25;128.5661926269531
2026-02-18;-3.75;-40.75;203.550537109375
2026-02-18;-3.75;-40.25;233.8546600341797
2026-02-18;-3.75;-39.75;135.9205627441406
2026-02-18;-3.75;-39.25;106.8064270019531
2026-02-18;-3.75;-38.75;307.2090759277344
2026-02-18;-3.75;-38.25;339.4359436035156
2026-02-18;-3.75;-37.75;
2026-02-18;-3.75;-37.25;
2026-02-18;-3.25;-41.25;235.8859710693359
2026-02-18;-3.25;-40.75;244.4735107421875
2026-02-18;-3.25;-40.25;207.0356903076172
2026-02-18;-3.25;-39.75;153.9587249755859
2026-02-18;-3.25;-39.25;148.1886291503906
2026-02-18;-3.25;-38.75;263.1516723632812
2026-02-18;-3.25;-38.25;
2026-02-18;-3.25;-37.75;
2026-02-18;-3.25;-37.25;
2026-02-18;-2.75;-41.25;312.0884704589844
2026-02-18;-2.75;-40.75;233.6557922363281
2026-02-18;-2.75;-40.25;153.3191680908203
2026-02-18;-2.75;-39.75;127.8920516967773
2026-02-18;-2.75;-39.25;
2026-02-18;-2.75;-38.75;
2026-02-18;-2.75;-38.25;
2026-02-18;-2.75;-37.75;
2026-02-18;-2.75;-37.25;
2026-02-19;-7.75;-41.25;1.510847926139832
2026-02-19;-7.75;-40.75;0.0
2026-02-19;-7.75;-40.25;0.490485817193985
2026-02-19;-7.75;-39.75;19.94393730163574
2026-02-19;-7.75;-39.25;63.81168746948242
2026-02-19;-7.75;-38.75;48.80125427246094
2026-02-19;-7.75;-38.25;8.506989479064941
2026-02-19;-7.75;-37.75;9.215232849121094
2026-02-19;-7.75;-37.25;6.123306274414062
2026-02-19;-7.25;-41.25;4.260305404663086
2026-02-19;-7.25;-40.75;6.165103912353516
2026-02-19;-7.25;-40.25;22.4283275604248
2026-02-19;-7.25;-39.75;38.19843292236328
2026-02-19;-7.25;-39.25;29.9860897064209
2026-02-19;-7.25;-38.75;36.12613296508789
2026-02-19;-7.25;-38.25;52.8528938293457
2026-02-19;-7.25;-37.75;46.54429626464844
2026-02-19;-7.25;-37.25;40.26122665405273
2026-02-19;-6.75;-41.25;8.177023887634277
2026-02-19;-6.75;-40.75;27.44804000854492
2026-02-19;-6.75;-40.25;62.03316116333008
2026-02-19;-6.75;-39.75;64.99524688720703
2026-02-19;-6.75;-39.25;90.78934478759766
2026-02-19;-6.75;-38.75;168.4557495117188
2026-02-19;-6.75;-38.25;193.1078948974609
2026-02-19;-6.75;-37.75;75.50596618652344
2026-02-19;-6.75;-37.25;31.46747589111328
2026-02-19;-6.25;-41.25;7.803394317626953
2026-02-19;-6.25;-40.75;26.52806091308594
2026-02-19;-6.25;-40.25;67.40412902832031
2026-02-19;-6.25;-39.75;76.92557525634766
2026-02-19;-6.25;-39.25;152.6406555175781
2026-02-19;-6.25;-38.75;242.9196014404297
2026-02-19;-6.25;-38.25;172.9451446533203
2026-02-19;-6.25;-37.75;46.6622200012207
2026-02-19;-6.25;-37.25;2.966691493988037
2026-02-19;-5.75;-41.25;3.98967170715332
2026-02-19;-5.75;-40.75;4.733808517456055
2026-02-19;-5.75;-40.25;43.05083084106445
2026-02-19;-5.75;-39.75;56.96692276000977
2026-02-19;-5.75;-39.25;78.28466033935547
2026-02-19;-5.75;-38.75;124.6301574707031
2026-02-19;-5.75;-38.25;81.28129577636719
2026-02-19;-5.75;-37.75;15.06428050994873
2026-02-19;-5.75;-37.25;0.0
2026-02-19;-5.25;-41.25;1.966978430747986
2026-02-19;-5.25;-40.75;0.0
2026-02-19;-5.25;-40.25;12.12939071655273
2026-02-19;-5.25;-39.75;20.11178016662598
2026-02-19;-5.25;-39.25;14.72784042358398
2026-02-19;-5.25;-38.75;21.00209426879883
2026-02-19;-5.25;-38.25;10.64550971984863
2026-02-19;-5.25;-37.75;15.45752811431885
2026-02-19;-5.25;-37.25;7.956143856048584
2026-02-19;-4.75;-41.25;0.776113748550415
2026-02-19;-4.75;-40.75;0.0
2026-02-19;-4.75;-40.25;0.4938612878322601
2026-02-19;-4.75;-39.75;2.568459510803223
2026-02-19;-4.75;-39.25;4.354183197021484
2026-02-19;-4.75;-38.75;3.497437715530396
2026-02-19;-4.75;-38.25;30.89178657531738
2026-02-19;-4.75;-37.75;100.3295440673828
2026-02-19;-4.75;-37.25;75.8758544921875
2026-02-19;-4.25;-41.25;8.528966903686523
2026-02-19;-4.25;-40.75;0.3491989374160767
2026-02-19;-4.25;-40.25;0.7751803994178772
2026-02-19;-4.25;-39.75;0.7898834943771362
2026-02-19;-4.25;-39.25;18.16262245178223
2026-02-19;-4.25;-38.75;41.40365219116211
2026-02-19;-4.25;-38.25;63.87206268310547
2026-02-19;-4.25;-37.75;105.4049224853516
2026-02-19;-4.25;-37.25;
2026-02-19;-3.75;-41.25;42.90805053710938
2026-02-19;-3.75;-40.75;9.12950611114502
2026-02-19;-3.75;-40.25;12.04429626464844
2026-02-19;-3.75;-39.75;10.95048522949219
2026-02-19;-3.75;-39.25;24.02466201782227
2026-02-19;-3.75;-38.75;48.7844352722168
2026-02-19;-3.75;-38.25;62.97414779663086
2026-02-19;-3.75;-37.75;
2026-02-19;-3.75;-37.25;
2026-02-19;-3.25;-41.25;144.7038726806641
2026-02-19;-3.25;-40.75;56.11972808837891
2026-02-19;-3.25;-40.25;6.823596477508545
2026-02-19;-3.25;-39.75;9.22464656829834
2026-02-19;-3.25;-39.25;22.80568504333496
2026-02-19;-3.25;-38.75;42.67019653320312
2026-02-19;-3.25;-38.25;
2026-02-19;-3.25;-37.75;
2026-02-19;-3.25;-37.25;
2026-02-19;-2.75;-41.25;158.99560546875
2026-02-19;-2.75;-40.75;95.96490478515625
2026-02-19;-2.75;-40.25;18.01481246948242
2026-02-19;-2.75;-39.75;6.098353862762451
2026-02-19;-2.75;-39.25;
2026-02-19;-2.75;-38.75;
2026-02-19;-2.75;-38.25;
2026-02-19;-2.75;-37.75;
2026-02-19;-2.75;-37.25;
2026-02-20;-7.75;-41.25;16.73068809509277
2026-02-20;-7.75;-40.75;8.902941703796387
2026-02-20;-7.75;-40.25;3.098160743713379
2026-02-20;-7.75;-39.75;5.960248470306396
2026-02-20;-7.75;-39.25;6.377639770507812
2026-02-20;-7.75;-38.75;4.963379383087158
2026-02-20;-7.75;-38.25;0.4588760733604431
2026-02-20;-7.75;-37.75;0.2067667841911316
2026-02-20;-7.75;-37.25;0.0
2026-02-20;-7.25;-41.25;78.346435546875
2026-02-20;-7.25;-40.75;27.37677955627441
2026-02-20;-7.25;-40.25;0.0
2026-02-20;-7.25;-39.75;1.205708742141724
2026-02-20;-7.25;-39.25;6.625026226043701
2026-02-20;-7.25;-38.75;17.16932487487793
2026-02-20;-7.25;-38.25;6.921716213226318
2026-02-20;-7.25;-37.75;1.552528977394104
2026-02-20;-7.25;-37.25;4.255495548248291
2026-02-20;-6.75;-41.25;198.5342102050781
2026-02-20;-6.75;-40.75;115.0644683837891
2026-02-20;-6.75;-40.25;0.0
2026-02-20;-6.75;-39.75;0.0
2026-02-20;-6.75;-39.25;6.676352500915527
2026-02-20;-6.75;-38.75;21.6713752746582
2026-02-20;-6.75;-38.25;22.64277458190918
2026-02-20;-6.75;-37.75;1.78905463218689
2026-02-20;-6.75;-37.25;3.605982065200806
2026-02-20;-6.25;-41.25;208.9047088623047
2026-02-20;-6.25;-40.75;130.147705078125
2026-02-20;-6.25;-40.25;0.7737536430358887
2026-02-20;-6.25;-39.75;1.508999466896057
2026-02-20;-6.25;-39.25;3.2761549949646
2026-02-20;-6.25;-38.75;2.457894086837769
2026-02-20;-6.25;-38.25;7.993001461029053
2026-02-20;-6.25;-37.75;2.405332088470459
2026-02-20;-6.25;-37.25;0.951910138130188
2026-02-20;-5.75;-41.25;74.50457763671875
2026-02-20;-5.75;-40.75;32.37683486938477
2026-02-20;-5.75;-40.25;12.31836605072021
2026-02-20;-5.75;-39.75;18.79167175292969
2026-02-20;-5.75;-39.25;22.26376152038574
2026-02-20;-5.75;-38.75;3.980170726776123
2026-02-20;-5.75;-38.25;0.5821871161460876
2026-02-20;-5.75;-37.75;1.474567055702209
2026-02-20;-5.75;-37.25;10.26794052124023
2026-02-20;-5.25;-41.25;1.632241010665894
2026-02-20;-5.25;-40.75;0.4312354326248169
2026-02-20;-5.25;-40.25;8.81393051147461
2026-02-20;-5.25;-39.75;15.21120071411133
2026-02-20;-5.25;-39.25;8.02290153503418
2026-02-20;-5.25;-38.75;1.328086495399475
2026-02-20;-5.25;-38.25;0.3747960925102234
2026-02-20;-5.25;-37.75;1.594456672668457
2026-02-20;-5.25;-37.25;27.80023765563965
2026-02-20;-4.75;-41.25;0.9560710787773132
2026-02-20;-4.75;-40.75;0.0
2026-02-20;-4.75;-40.25;0.0
2026-02-20;-4.75;-39.75;2.021607398986816
2026-02-20;-4.75;-39.25;1.336111783981323
2026-02-20;-4.75;-38.75;0.0
2026-02-20;-4.75;-38.25;1.136412143707275
2026-02-20;-4.75;-37.75;1.185629606246948
2026-02-20;-4.75;-37.25;9.499119758605957
2026-02-20;-4.25;-41.25;1.613123536109924
2026-02-20;-4.25;-40.75;0.0
2026-02-20;-4.25;-40.25;0.0
2026-02-20;-4.25;-39.75;0.0
2026-02-20;-4.25;-39.25;0.0
2026-02-20;-4.25;-38.75;0.0
2026-02-20;-4.25;-38.25;0.4651354849338531
2026-02-20;-4.25;-37.75;1.291957497596741
2026-02-20;-4.25;-37.25;
2026-02-20;-3.75;-41.25;1.282137155532837
2026-02-20;-3.75;-40.75;0.0
2026-02-20;-3.75;-40.25;0.0
2026-02-20;-3.75;-39.75;0.0
2026-02-20;-3.75;-39.25;0.0
2026-02-20;-3.75;-38.75;0.0
2026-02-20;-3.75;-38.25;0.0
2026-02-20;-3.75;-37.75;
2026-02-20;-3.75;-37.25;
2026-02-20;-3.25;-41.25;1.846604585647583
2026-02-20;-3.25;-40.75;1.048147320747375
2026-02-20;-3.25;-40.25;0.790802001953125
2026-02-20;-3.25;-39.75;0.6649202704429626
2026-02-20;-3.25;-39.25;0.0
2026-02-20;-3.25;-38.75;0.0
2026-02-20;-3.25;-38.25;
2026-02-20;-3.25;-37.75;
2026-02-20;-3.25;-37.25;
2026-02-20;-2.75;-41.25;2.044097423553467
2026-02-20;-2.75;-40.75;1.722038269042969
2026-02-20;-2.75;-40.25;1.506469368934631
2026-02-20;-2.75;-39.75;1.368288040161133
2026-02-20;-2.75;-39.25;
2026-02-20;-2.75;-38.75;
2026-02-20;-2.75;-38.25;
2026-02-20;-2.75;-37.75;
2026-02-20;-2.75;-37.25;
2026-02-21;-7.75;-41.25;11.20825004577637
2026-02-21;-7.75;-40.75;2.218774080276489
2026-02-21;-7.75;-40.25;0.6272274255752563
2026-02-21;-7.75;-39.75;5.222990036010742
2026-02-21;-7.75;-39.25;18.29623985290527
2026-02-21;-7.75;-38.75;11.60656070709229
2026-02-21;-7.75;-38.25;0.5119019150733948
2026-02-21;-7.75;-37.75;1.286968350410461
2026-02-21;-7.75;-37.25;2.233700513839722
2026-02-21;-7.25;-41.25;9.355884552001953
2026-02-21;-7.25;-40.75;1.455802440643311
2026-02-21;-7.25;-40.25;0.0
2026-02-21;-7.25;-39.75;0.0
2026-02-21;-7.25;-39.25;0.0
2026-02-21;-7.25;-38.75;0.7024408578872681
2026-02-21;-7.25;-38.25;0.3998728692531586
2026-02-21;-7.25;-37.75;2.188857078552246
2026-02-21;-7.25;-37.25;0.0
2026-02-21;-6.75;-41.25;14.37691307067871
2026-02-21;-6.75;-40.75;2.354248285293579
2026-02-21;-6.75;-40.25;0.0
2026-02-21;-6.75;-39.75;0.0
2026-02-21;-6.75;-39.25;0.2701044380664825
2026-02-21;-6.75;-38.75;0.9222355484962463
2026-02-21;-6.75;-38.25;0.9946742653846741
2026-02-21;-6.75;-37.75;1.948202252388
2026-02-21;-6.75;-37.25;0.0
2026-02-21;-6.25;-41.25;9.989246368408203
2026-02-21;-6.25;-40.75;0.748132050037384
2026-02-21;-6.25;-40.25;0.8239001631736755
2026-02-21;-6.25;-39.75;1.275104522705078
2026-02-21;-6.25;-39.25;1.01569652557373
2026-02-21;-6.25;-38.75;0.0
2026-02-21;-6.25;-38.25;0.0
2026-02-21;-6.25;-37.75;0.0
2026-02-21;-6.25;-37.25;0.0
2026-02-21;-5.75;-41.25;1.793673634529114
2026-02-21;-5.75;-40.75;0.8762068152427673
2026-02-21;-5.75;-40.25;19.63851547241211
2026-02-21;-5.75;-39.75;30.35169410705566
2026-02-21;-5.75;-39.25;25.70384407043457
2026-02-21;-5.75;-38.75;4.673268795013428
2026-02-21;-5.75;-38.25;0.0
2026-02-21;-5.75;-37.75;0.0
2026-02-21;-5.75;-37.25;0.0
2026-02-21;-5.25;-41.25;0.0
2026-02-21;-5.25;-40.75;0.223795160651207
2026-02-21;-5.25;-40.25;27.99848747253418
2026-02-21;-5.25;-39.75;62.95429611206055
2026-02-21;-5.25;-39.25;70.13687896728516
2026-02-21;-5.25;-38.75;16.64140319824219
2026-02-21;-5.25;-38.25;0.0
2026-02-21;-5.25;-37.75;0.0
2026-02-21;-5.25;-37.25;0.0
2026-02-21;-4.75;-41.25;0.0
2026-02-21;-4.75;-40.75;0.0
2026-02-21;-4.75;-40.25;5.905194759368896
2026-02-21;-4.75;-39.75;44.58990097045898
2026-02-21;-4.75;-39.25;72.3493881225586
2026-02-21;-4.75;-38.75;17.33056449890137
2026-02-21;-4.75;-38.25;0.0
2026-02-21;-4.75;-37.75;0.0
2026-02-21;-4.75;-37.25;0.0
2026-02-21;-4.25;-41.25;0.0
2026-02-21;-4.25;-40.75;3.523255348205566
2026-02-21;-4.25;-40.25;4.203314781188965
2026-02-21;-4.25;-39.75;7.739914417266846
2026-02-21;-4.25;-39.25;14.79523658752441
2026-02-21;-4.25;-38.75;1.440857529640198
2026-02-21;-4.25;-38.25;0.0
2026-02-21;-4.25;-37.75;0.0
2026-02-21;-4.25;-37.25;
2026-02-21;-3.75;-41.25;14.04923915863037
2026-02-21;-3.75;-40.75;45.37070846557617
2026-02-21;-3.75;-40.25;19.28534317016602
2026-02-21;-3.75;-39.75;9.142821311950684
2026-02-21;-3.75;-39.25;0.3466464281082153
2026-02-21;-3.75;-38.75;0.0
2026-02-21;-3.75;-38.25;0.0
2026-02-21;-3.75;-37.75;
2026-02-21;-3.75;-37.25;
2026-02-21;-3.25;-41.25;29.21007347106934
2026-02-21;-3.25;-40.75;59.93676376342773
2026-02-21;-3.25;-40.25;32.08604431152344
2026-02-21;-3.25;-39.75;15.15045166015625
2026-02-21;-3.25;-39.25;0.8203086853027344
2026-02-21;-3.25;-38.75;0.0
2026-02-21;-3.25;-38.25;
2026-02-21;-3.25;-37.75;
2026-02-21;-3.25;-37.25;
2026-02-21;-2.75;-41.25;14.77241802215576
2026-02-21;-2.75;-40.75;35.87537384033203
2026-02-21;-2.75;-40.25;35.65823745727539
2026-02-21;-2.75;-39.75;19.84380912780762
2026-02-21;-2.75;-39.25;
2026-02-21;-2.75;-38.75;
2026-02-21;-2.75;-38.25;
2026-02-21;-2.75;-37.75;
2026-02-21;-2.75;-37.25;
2026-02-22;-7.75;-41.25;15.34201622009277
2026-02-22;-7.75;-40.75;11.40860939025879
2026-02-22;-7.75;-40.25;1.954861760139465
2026-02-22;-7.75;-39.75;12.25637054443359
2026-02-22;-7.75;-39.25;30.35837554931641
2026-02-22;-7.75;-38.75;15.81804466247559
2026-02-22;-7.75;-38.25;6.698113918304443
2026-02-22;-7.75;-37.75;25.94045066833496
2026-02-22;-7.75;-37.25;25.21347427368164
2026-02-22;-7.25;-41.25;6.971854686737061
2026-02-22;-7.25;-40.75;6.635049819946289
2026-02-22;-7.25;-40.25;2.43494987487793
2026-02-22;-7.25;-39.75;29.22103309631348
2026-02-22;-7.25;-39.25;75.58934783935547
2026-02-22;-7.25;-38.75;29.77880668640137
2026-02-22;-7.25;-38.25;0.0
2026-02-22;-7.25;-37.75;3.070733547210693
2026-02-22;-7.25;-37.25;9.807991981506348
2026-02-22;-6.75;-41.25;0.5891199707984924
2026-02-22;-6.75;-40.75;0.4687837660312653
2026-02-22;-6.75;-40.25;0.0
2026-02-22;-6.75;-39.75;3.779722690582275
2026-02-22;-6.75;-39.25;12.00370025634766
2026-02-22;-6.75;-38.75;5.124975681304932
2026-02-22;-6.75;-38.25;0.0
2026-02-22;-6.75;-37.75;1.101848483085632
2026-02-22;-6.75;-37.25;0.0
2026-02-22;-6.25;-41.25;0.0
2026-02-22;-6.25;-40.75;0.0
2026-02-22;-6.25;-40.25;0.0
2026-02-22;-6.25;-39.75;0.0
2026-02-22;-6.25;-39.25;0.0
2026-02-22;-6.25;-38.75;0.0
2026-02-22;-6.25;-38.25;0.0
2026-02-22;-6.25;-37.75;0.0
2026-02-22;-6.25;-37.25;0.0
2026-02-22;-5.75;-41.25;0.0
2026-02-22;-5.75;-40.75;0.0
2026-02-22;-5.75;-40.25;6.462121963500977
2026-02-22;-5.75;-39.75;11.76574897766113
2026-02-22;-5.75;-39.25;12.22646427154541
2026-02-22;-5.75;-38.75;3.084828615188599
2026-02-22;-5.75;-38.25;0.7007562518119812
2026-02-22;-5.75;-37.75;0.0
2026-02-22;-5.75;-37.25;0.0
2026-02-22;-5.25;-41.25;0.0
2026-02-22;-5.25;-40.75;0.0
2026-02-22;-5.25;-40.25;7.863735198974609
2026-02-22;-5.25;-39.75;17.92907333374023
2026-02-22;-5.25;-39.25;19.77093696594238
2026-02-22;-5.25;-38.75;19.49003410339355
2026-02-22;-5.25;-38.25;7.204262256622314
2026-02-22;-5.25;-37.75;0.0
2026-02-22;-5.25;-37.25;0.0
2026-02-22;-4.75;-41.25;2.617931127548218
2026-02-22;-4.75;-40.75;0.0
2026-02-22;-4.75;-40.25;1.209457635879517
2026-02-22;-4.75;-39.75;9.647173881530762
2026-02-22;-4.75;-39.25;19.44173049926758
2026-02-22;-4.75;-38.75;22.63127708435059
2026-02-22;-4.75;-38.25;9.782425880432129
2026-02-22;-4.75;-37.75;0.0
2026-02-22;-4.75;-37.25;0.0
2026-02-22;-4.25;-41.25;18.05721664428711
2026-02-22;-4.25;-40.75;5.115644931793213
2026-02-22;-4.25;-40.25;2.484757423400879
2026-02-22;-4.25;-39.75;2.100900650024414
2026-02-22;-4.25;-39.25;5.087751865386963
2026-02-22;-4.25;-38.75;8.266845703125
2026-02-22;-4.25;-38.25;4.554468631744385
2026-02-22;-4.25;-37.75;0.0
2026-02-22;-4.25;-37.25;
2026-02-22;-3.75;-41.25;17.73486328125
2026-02-22;-3.75;-40.75;9.672311782836914
2026-02-22;-3.75;-40.25;9.544866561889648
2026-02-22;-3.75;-39.75;3.298806667327881
2026-02-22;-3.75;-39.25;2.081112861633301
2026-02-22;-3.75;-38.75;2.975222110748291
2026-02-22;-3.75;-38.25;3.351359367370605
2026-02-22;-3.75;-37.75;
2026-02-22;-3.75;-37.25;
2026-02-22;-3.25;-41.25;0.7633886337280273
2026-02-22;-3.25;-40.75;0.0
2026-02-22;-3.25;-40.25;0.0
2026-02-22;-3.25;-39.75;0.5338136553764343
2026-02-22;-3.25;-39.25;1.884549260139465
2026-02-22;-3.25;-38.75;2.473840951919556
2026-02-22;-3.25;-38.25;
2026-02-22;-3.25;-37.75;
2026-02-22;-3.25;-37.25;
2026-02-22;-2.75;-41.25;0.0
2026-02-22;-2.75;-40.75;0.0
2026-02-22;-2.75;-40.25;0.0
2026-02-22;-2.75;-39.75;0.0
2026-02-22;-2.75;-39.25;
2026-02-22;-2.75;-38.75;
2026-02-22;-2.75;-38.25;
2026-02-22;-2.75;-37.75;
2026-02-22;-2.75;-37.25;
2026-02-23;-7.75;-41.25;9.01377010345459
2026-02-23;-7.75;-40.75;15.60640525817871
2026-02-23;-7.75;-40.25;23.42722702026367
2026-02-23;-7.75;-39.75;45.49645233154297
2026-02-23;-7.75;-39.25;95.26419830322266
2026-02-23;-7.75;-38.75;72.65480041503906
2026-02-23;-7.75;-38.25;11.34808349609375
2026-02-23;-7.75;-37.75;13.63207912445068
2026-02-23;-7.75;-37.25;22.71074485778809
2026-02-23;-7.25;-41.25;6.42682933807373
2026-02-23;-7.25;-40.75;15.18788528442383
2026-02-23;-7.25;-40.25;18.77054786682129
2026-02-23;-7.25;-39.75;14.34152126312256
2026-02-23;-7.25;-39.25;10.5587272644043
2026-02-23;-7.25;-38.75;3.065507173538208
2026-02-23;-7.25;-38.25;0.0
2026-02-23;-7.25;-37.75;16.6439380645752
2026-02-23;-7.25;-37.25;71.37540435791016
2026-02-23;-6.75;-41.25;3.455045223236084
2026-02-23;-6.75;-40.75;4.36472225189209
2026-02-23;-6.75;-40.25;0.541958212852478
2026-02-23;-6.75;-39.75;0.0
2026-02-23;-6.75;-39.25;0.2385337650775909
2026-02-23;-6.75;-38.75;0.0
2026-02-23;-6.75;-38.25;0.0
2026-02-23;-6.75;-37.75;3.160545110702515
2026-02-23;-6.75;-37.25;31.03553009033203
2026-02-23;-6.25;-41.25;2.975376129150391
2026-02-23;-6.25;-40.75;1.524808645248413
2026-02-23;-6.25;-40.25;0.0
2026-02-23;-6.25;-39.75;0.0
2026-02-23;-6.25;-39.25;0.0
2026-02-23;-6.25;-38.75;0.0
2026-02-23;-6.25;-38.25;0.0
2026-02-23;-6.25;-37.75;0.0
2026-02-23;-6.25;-37.25;0.0
2026-02-23;-5.75;-41.25;0.5517892241477966
2026-02-23;-5.75;-40.75;0.0
2026-02-23;-5.75;-40.25;1.700763344764709
2026-02-23;-5.75;-39.75;3.519384622573853
2026-02-23;-5.75;-39.25;4.266969203948975
2026-02-23;-5.75;-38.75;0.0
2026-02-23;-5.75;-38.25;0.0
2026-02-23;-5.75;-37.75;0.0
2026-02-23;-5.75;-37.25;0.0
2026-02-23;-5.25;-41.25;0.0
2026-02-23;-5.25;-40.75;0.0
2026-02-23;-5.25;-40.25;1.06917679309845
2026-02-23;-5.25;-39.75;1.349283814430237
2026-02-23;-5.25;-39.25;0.699670672416687
2026-02-23;-5.25;-38.75;0.0
2026-02-23;-5.25;-38.25;0.0
2026-02-23;-5.25;-37.75;0.0
2026-02-23;-5.25;-37.25;7.743853092193604
2026-02-23;-4.75;-41.25;0.0
2026-02-23;-4.75;-40.75;0.0
2026-02-23;-4.75;-40.25;2.337746381759644
2026-02-23;-4.75;-39.75;0.25629061460495
2026-02-23;-4.75;-39.25;0.578213632106781
2026-02-23;-4.75;-38.75;0.5882418751716614
2026-02-23;-4.75;-38.25;0.7784826159477234
2026-02-23;-4.75;-37.75;2.84722638130188
2026-02-23;-4.75;-37.25;6.876426696777344
2026-02-23;-4.25;-41.25;0.7320178747177124
2026-02-23;-4.25;-40.75;2.304759979248047
2026-02-23;-4.25;-40.25;5.180551052093506
2026-02-23;-4.25;-39.75;6.817206859588623
2026-02-23;-4.25;-39.25;23.24283599853516
2026-02-23;-4.25;-38.75;24.05432510375977
2026-02-23;-4.25;-38.25;15.10399436950684
2026-02-23;-4.25;-37.75;7.347689151763916
2026-02-23;-4.25;-37.25;
2026-02-23;-3.75;-41.25;25.82165336608887
2026-02-23;-3.75;-40.75;10.54961776733398
2026-02-23;-3.75;-40.25;9.164422988891602
2026-02-23;-3.75;-39.75;15.59828090667725
2026-02-23;-3.75;-39.25;34.80299758911133
2026-02-23;-3.75;-38.75;32.20328140258789
2026-02-23;-3.75;-38.25;27.39547348022461
2026-02-23;-3.75;-37.75;
2026-02-23;-3.75;-37.25;
2026-02-23;-3.25;-41.25;107.3717498779297
2026-02-23;-3.25;-40.75;52.94224548339844
2026-02-23;-3.25;-40.25;2.610110521316528
2026-02-23;-3.25;-39.75;10.08364772796631
2026-02-23;-3.25;-39.25;27.10700416564941
2026-02-23;-3.25;-38.75;32.20828628540039
2026-02-23;-3.25;-38.25;
2026-02-23;-3.25;-37.75;
2026-02-23;-3.25;-37.25;
2026-02-23;-2.75;-41.25;64.29974365234375
2026-02-23;-2.75;-40.75;65.795166015625
2026-02-23;-2.75;-40.25;7.493921279907227
2026-02-23;-2.75;-39.75;3.275575160980225
2026-02-23;-2.75;-39.25;
2026-02-23;-2.75;-38.75;
2026-02-23;-2.75;-38.25;
2026-02-23;-2.75;-37.75;
2026-02-23;-2.75;-37.25;
2026-02-24;-7.75;-41.25;401.2481689453125
2026-02-24;-7.75;-40.75;295.8068237304688
2026-02-24;-7.75;-40.25;78.65450286865234
2026-02-24;-7.75;-39.75;51.88069534301758
2026-02-24;-7.75;-39.25;17.05233192443848
2026-02-24;-7.75;-38.75;7.895467758178711
2026-02-24;-7.75;-38.25;1.004018306732178
2026-02-24;-7.75;-37.75;0.3769986629486084
2026-02-24;-7.75;-37.25;0.0
2026-02-24;-7.25;-41.25;222.2076873779297
2026-02-24;-7.25;-40.75;199.6926574707031
2026-02-24;-7.25;-40.25;54.21421051025391
2026-02-24;-7.25;-39.75;34.76177978515625
2026-02-24;-7.25;-39.25;28.79930686950684
2026-02-24;-7.25;-38.75;41.78859710693359
2026-02-24;-7.25;-38.25;28.61941528320312
2026-02-24;-7.25;-37.75;10.17339515686035
2026-02-24;-7.25;-37.25;1.295625686645508
2026-02-24;-6.75;-41.25;30.9523754119873
2026-02-24;-6.75;-40.75;32.89702224731445
2026-02-24;-6.75;-40.25;18.6650562286377
2026-02-24;-6.75;-39.75;16.96088027954102
2026-02-24;-6.75;-39.25;37.23964691162109
2026-02-24;-6.75;-38.75;101.1391830444336
2026-02-24;-6.75;-38.25;103.9736480712891
2026-02-24;-6.75;-37.75;27.57674598693848
2026-02-24;-6.75;-37.25;34.47579956054688
2026-02-24;-6.25;-41.25;5.840655326843262
2026-02-24;-6.25;-40.75;5.655292510986328
2026-02-24;-6.25;-40.25;13.452223777771
2026-02-24;-6.25;-39.75;17.95572090148926
2026-02-24;-6.25;-39.25;45.6396369934082
2026-02-24;-6.25;-38.75;92.84820556640625
2026-02-24;-6.25;-38.25;65.50090789794922
2026-02-24;-6.25;-37.75;24.26210403442383
2026-02-24;-6.25;-37.25;56.87161636352539
2026-02-24;-5.75;-41.25;5.669224262237549
2026-02-24;-5.75;-40.75;1.897159457206726
2026-02-24;-5.75;-40.25;22.06975173950195
2026-02-24;-5.75;-39.75;39.18497085571289
2026-02-24;-5.75;-39.25;45.17480087280273
2026-02-24;-5.75;-38.75;20.16803932189941
2026-02-24;-5.75;-38.25;29.93969917297363
2026-02-24;-5.75;-37.75;8.911386489868164
2026-02-24;-5.75;-37.25;63.82342910766602
2026-02-24;-5.25;-41.25;3.579277992248535
2026-02-24;-5.25;-40.75;0.0
2026-02-24;-5.25;-40.25;24.59436225891113
2026-02-24;-5.25;-39.75;55.43766021728516
2026-02-24;-5.25;-39.25;59.55804824829102
2026-02-24;-5.25;-38.75;70.96464538574219
2026-02-24;-5.25;-38.25;116.8993377685547
2026-02-24;-5.25;-37.75;52.43087005615234
2026-02-24;-5.25;-37.25;97.7792739868164
2026-02-24;-4.75;-41.25;0.2813610732555389
2026-02-24;-4.75;-40.75;0.0
2026-02-24;-4.75;-40.25;5.830538749694824
2026-02-24;-4.75;-39.75;32.65253067016602
2026-02-24;-4.75;-39.25;60.63655090332031
2026-02-24;-4.75;-38.75;90.71656799316406
2026-02-24;-4.75;-38.25;82.6557388305664
2026-02-24;-4.75;-37.75;22.13978576660156
2026-02-24;-4.75;-37.25;61.5167121887207
2026-02-24;-4.25;-41.25;1.170089840888977
2026-02-24;-4.25;-40.75;6.641610145568848
2026-02-24;-4.25;-40.25;7.379696846008301
2026-02-24;-4.25;-39.75;19.0140266418457
2026-02-24;-4.25;-39.25;63.98851776123047
2026-02-24;-4.25;-38.75;50.49851608276367
2026-02-24;-4.25;-38.25;37.95727920532227
2026-02-24;-4.25;-37.75;15.46773529052734
2026-02-24;-4.25;-37.25;
2026-02-24;-3.75;-41.25;29.11195182800293
2026-02-24;-3.75;-40.75;53.29159545898438
2026-02-24;-3.75;-40.25;54.51082992553711
2026-02-24;-3.75;-39.75;54.5606575012207
2026-02-24;-3.75;-39.25;84.66655731201172
2026-02-24;-3.75;-38.75;42.72956466674805
2026-02-24;-3.75;-38.25;24.37371253967285
2026-02-24;-3.75;-37.75;
2026-02-24;-3.75;-37.25;
2026-02-24;-3.25;-41.25;98.3191146850586
2026-02-24;-3.25;-40.75;81.22200012207031
2026-02-24;-3.25;-40.25;72.08131408691406
2026-02-24;-3.25;-39.75;82.15059661865234
2026-02-24;-3.25;-39.25;79.14652252197266
2026-02-24;-3.25;-38.75;52.87846755981445
2026-02-24;-3.25;-38.25;
2026-02-24;-3.25;-37.75;
2026-02-24;-3.25;-37.25;
2026-02-24;-2.75;-41.25;105.5728759765625
2026-02-24;-2.75;-40.75;97.17754364013672
2026-02-24;-2.75;-40.25;98.35587310791016
2026-02-24;-2.75;-39.75;98.43862915039062
2026-02-24;-2.75;-39.25;
2026-02-24;-2.75;-38.75;
2026-02-24;-2.75;-38.25;
2026-02-24;-2.75;-37.75;
2026-02-24;-2.75;-37.25;
2026-02-25;-7.75;-41.25;215.121826171875
2026-02-25;-7.75;-40.75;152.3853302001953
2026-02-25;-7.75;-40.25;18.24777412414551
2026-02-25;-7.75;-39.75;10.81709766387939
2026-02-25;-7.75;-39.25;40.06455612182617
2026-02-25;-7.75;-38.75;35.3105354309082
2026-02-25;-7.75;-38.25;7.058402061462402
2026-02-25;-7.75;-37.75;7.323400020599365
2026-02-25;-7.75;-37.25;0.2252427488565445
2026-02-25;-7.25;-41.25;121.567024230957
2026-02-25;-7.25;-40.75;97.78912353515625
2026-02-25;-7.25;-40.25;7.071326732635498
2026-02-25;-7.25;-39.75;40.49005508422852
2026-02-25;-7.25;-39.25;107.2509841918945
2026-02-25;-7.25;-38.75;104.0851135253906
2026-02-25;-7.25;-38.25;12.1592321395874
2026-02-25;-7.25;-37.75;6.805958271026611
2026-02-25;-7.25;-37.25;0.9126573801040649
2026-02-25;-6.75;-41.25;36.82418060302734
2026-02-25;-6.75;-40.75;27.81774139404297
2026-02-25;-6.75;-40.25;8.144279479980469
2026-02-25;-6.75;-39.75;17.40213584899902
2026-02-25;-6.75;-39.25;48.5104866027832
2026-02-25;-6.75;-38.75;62.67850494384766
2026-02-25;-6.75;-38.25;24.27415466308594
2026-02-25;-6.75;-37.75;20.47497749328613
2026-02-25;-6.75;-37.25;16.4761791229248
2026-02-25;-6.25;-41.25;28.32398223876953
2026-02-25;-6.25;-40.75;19.93211936950684
2026-02-25;-6.25;-40.25;8.044276237487793
2026-02-25;-6.25;-39.75;8.825835227966309
2026-02-25;-6.25;-39.25;15.49693393707275
2026-02-25;-6.25;-38.75;11.25155830383301
2026-02-25;-6.25;-38.25;11.33963680267334
2026-02-25;-6.25;-37.75;8.153942108154297
2026-02-25;-6.25;-37.25;14.09914302825928
2026-02-25;-5.75;-41.25;10.31373310089111
2026-02-25;-5.75;-40.75;4.481398105621338
2026-02-25;-5.75;-40.25;4.317048072814941
2026-02-25;-5.75;-39.75;6.069202899932861
2026-02-25;-5.75;-39.25;6.367824077606201
2026-02-25;-5.75;-38.75;2.861061334609985
2026-02-25;-5.75;-38.25;1.257182955741882
2026-02-25;-5.75;-37.75;0.0
2026-02-25;-5.75;-37.25;0.0
2026-02-25;-5.25;-41.25;0.4664126336574554
2026-02-25;-5.25;-40.75;0.9841634631156921
2026-02-25;-5.25;-40.25;3.874161958694458
2026-02-25;-5.25;-39.75;1.073381781578064
2026-02-25;-5.25;-39.25;0.529754102230072
2026-02-25;-5.25;-38.75;3.803860187530518
2026-02-25;-5.25;-38.25;4.561694145202637
2026-02-25;-5.25;-37.75;3.077960252761841
2026-02-25;-5.25;-37.25;21.74321365356445
2026-02-25;-4.75;-41.25;0.0
2026-02-25;-4.75;-40.75;5.191612243652344
2026-02-25;-4.75;-40.25;19.0120735168457
2026-02-25;-4.75;-39.75;8.2872896194458
2026-02-25;-4.75;-39.25;1.729588031768799
2026-02-25;-4.75;-38.75;5.766555786132812
2026-02-25;-4.75;-38.25;7.098912715911865
2026-02-25;-4.75;-37.75;6.341349601745605
2026-02-25;-4.75;-37.25;55.07363128662109
2026-02-25;-4.25;-41.25;1.380687832832336
2026-02-25;-4.25;-40.75;9.239511489868164
2026-02-25;-4.25;-40.25;29.33996963500977
2026-02-25;-4.25;-39.75;30.14018630981445
2026-02-25;-4.25;-39.25;49.26985549926758
2026-02-25;-4.25;-38.75;18.82634544372559
2026-02-25;-4.25;-38.25;4.780549049377441
2026-02-25;-4.25;-37.75;4.706510066986084
2026-02-25;-4.25;-37.25;
2026-02-25;-3.75;-41.25;9.306694984436035
2026-02-25;-3.75;-40.75;38.53942489624023
2026-02-25;-3.75;-40.25;100.9413909912109
2026-02-25;-3.75;-39.75;67.45828247070312
2026-02-25;-3.75;-39.25;78.4911117553711
2026-02-25;-3.75;-38.75;26.15226745605469
2026-02-25;-3.75;-38.25;5.075384140014648
2026-02-25;-3.75;-37.75;
2026-02-25;-3.75;-37.25;
2026-02-25;-3.25;-41.25;15.78465175628662
2026-02-25;-3.25;-40.75;20.66512107849121
2026-02-25;-3.25;-40.25;36.29594039916992
2026-02-25;-3.25;-39.75;52.75580978393555
2026-02-25;-3.25;-39.25;63.98255157470703
2026-02-25;-3.25;-38.75;36.8497200012207
2026-02-25;-3.25;-38.25;
2026-02-25;-3.25;-37.75;
2026-02-25;-3.25;-37.25;
2026-02-25;-2.75;-41.25;21.39251136779785
2026-02-25;-2.75;-40.75;21.66876029968262
2026-02-25;-2.75;-40.25;32.30702209472656
2026-02-25;-2.75;-39.75;38.97353744506836
2026-02-25;-2.75;-39.25;
2026-02-25;-2.75;-38.75;
2026-02-25;-2.75;-38.25;
2026-02-25;-2.75;-37.75;
2026-02-25;-2.75;-37.25;
2026-02-26;-7.75;-41.25;5.828210353851318
2026-02-26;-7.75;-40.75;8.646041870117188
2026-02-26;-7.75;-40.25;18.74046325683594
2026-02-26;-7.75;-39.75;26.19509506225586
2026-02-26;-7.75;-39.25;18.24900817871094
2026-02-26;-7.75;-38.75;13.95730590820312
2026-02-26;-7.75;-38.25;30.87758255004883
2026-02-26;-7.75;-37.75;99.9896011352539
2026-02-26;-7.75;-37.25;74.62199401855469
2026-02-26;-7.25;-41.25;0.0
2026-02-26;-7.25;-40.75;10.08938694000244
2026-02-26;-7.25;-40.25;23.06842994689941
2026-02-26;-7.25;-39.75;21.62784004211426
2026-02-26;-7.25;-39.25;6.013014793395996
2026-02-26;-7.25;-38.75;4.993646621704102
2026-02-26;-7.25;-38.25;0.0
2026-02-26;-7.25;-37.75;4.430103778839111
2026-02-26;-7.25;-37.25;10.99912643432617
2026-02-26;-6.75;-41.25;0.0
2026-02-26;-6.75;-40.75;11.31466484069824
2026-02-26;-6.75;-40.25;29.37865257263184
2026-02-26;-6.75;-39.75;28.59085273742676
2026-02-26;-6.75;-39.25;21.77868843078613
2026-02-26;-6.75;-38.75;4.072790145874023
2026-02-26;-6.75;-38.25;1.462522625923157
2026-02-26;-6.75;-37.75;9.344047546386719
2026-02-26;-6.75;-37.25;5.222625732421875
2026-02-26;-6.25;-41.25;0.0
2026-02-26;-6.25;-40.75;9.602681159973145
2026-02-26;-6.25;-40.25;27.88939476013184
2026-02-26;-6.25;-39.75;27.00516128540039
2026-02-26;-6.25;-39.25;14.3981409072876
2026-02-26;-6.25;-38.75;0.3907411694526672
2026-02-26;-6.25;-38.25;2.743852138519287
2026-02-26;-6.25;-37.75;3.480347633361816
2026-02-26;-6.25;-37.25;0.0
2026-02-26;-5.75;-41.25;0.0
2026-02-26;-5.75;-40.75;0.9941039681434631
2026-02-26;-5.75;-40.25;10.4345588684082
2026-02-26;-5.75;-39.75;9.398422241210938
2026-02-26;-5.75;-39.25;3.625582695007324
2026-02-26;-5.75;-38.75;7.900989055633545
2026-02-26;-5.75;-38.25;11.34452342987061
2026-02-26;-5.75;-37.75;0.5489953756332397
2026-02-26;-5.75;-37.25;0.0
2026-02-26;-5.25;-41.25;0.0
2026-02-26;-5.25;-40.75;0.0
2026-02-26;-5.25;-40.25;0.2863551676273346
2026-02-26;-5.25;-39.75;0.4570372402667999
2026-02-26;-5.25;-39.25;0.4944775700569153
2026-02-26;-5.25;-38.75;8.885148048400879
2026-02-26;-5.25;-38.25;6.914630889892578
2026-02-26;-5.25;-37.75;0.8275917768478394
2026-02-26;-5.25;-37.25;0.0
2026-02-26;-4.75;-41.25;0.0
2026-02-26;-4.75;-40.75;0.0
2026-02-26;-4.75;-40.25;0.0
2026-02-26;-4.75;-39.75;0.0
2026-02-26;-4.75;-39.25;0.0
2026-02-26;-4.75;-38.75;2.879621267318726
2026-02-26;-4.75;-38.25;1.998966574668884
2026-02-26;-4.75;-37.75;0.0
2026-02-26;-4.75;-37.25;0.0
2026-02-26;-4.25;-41.25;0.0
2026-02-26;-4.25;-40.75;0.0
2026-02-26;-4.25;-40.25;0.0
2026-02-26;-4.25;-39.75;0.0
2026-02-26;-4.25;-39.25;0.0
2026-02-26;-4.25;-38.75;0.2834320068359375
2026-02-26;-4.25;-38.25;0.0
2026-02-26;-4.25;-37.75;0.0
2026-02-26;-4.25;-37.25;
2026-02-26;-3.75;-41.25;0.7438236474990845
2026-02-26;-3.75;-40.75;0.0
2026-02-26;-3.75;-40.25;0.3058565258979797
2026-02-26;-3.75;-39.75;0.0
2026-02-26;-3.75;-39.25;0.0
2026-02-26;-3.75;-38.75;0.0
2026-02-26;-3.75;-38.25;0.0
2026-02-26;-3.75;-37.75;
2026-02-26;-3.75;-37.25;
2026-02-26;-3.25;-41.25;7.070156097412109
2026-02-26;-3.25;-40.75;2.238603830337524
2026-02-26;-3.25;-40.25;0.0
2026-02-26;-3.25;-39.75;0.0
2026-02-26;-3.25;-39.25;0.0
2026-02-26;-3.25;-38.75;0.0
2026-02-26;-3.25;-38.25;
2026-02-26;-3.25;-37.75;
2026-02-26;-3.25;-37.25;
2026-02-26;-2.75;-41.25;0.2212981581687927
2026-02-26;-2.75;-40.75;2.48765230178833
2026-02-26;-2.75;-40.25;0.0
2026-02-26;-2.75;-39.75;0.0
2026-02-26;-2.75;-39.25;
2026-02-26;-2.75;-38.75;
2026-02-26;-2.75;-38.25;
2026-02-26;-2.75;-37.75;
2026-02-26;-2.75;-37.25;
2026-02-27;-7.75;-41.25;36.59581756591797
2026-02-27;-7.75;-40.75;23.99187660217285
2026-02-27;-7.75;-40.25;6.546235084533691
2026-02-27;-7.75;-39.75;113.274055480957
2026-02-27;-7.75;-39.25;344.5643310546875
2026-02-27;-7.75;-38.75;246.2407073974609
2026-02-27;-7.75;-38.25;36.27682113647461
2026-02-27;-7.75;-37.75;34.81230926513672
2026-02-27;-7.75;-37.25;51.10721588134766
2026-02-27;-7.25;-41.25;23.52908706665039
2026-02-27;-7.25;-40.75;31.91986656188965
2026-02-27;-7.25;-40.25;65.61132049560547
2026-02-27;-7.25;-39.75;208.2340545654297
2026-02-27;-7.25;-39.25;391.8021545410156
2026-02-27;-7.25;-38.75;310.6330871582031
2026-02-27;-7.25;-38.25;66.49981689453125
2026-02-27;-7.25;-37.75;43.81660079956055
2026-02-27;-7.25;-37.25;122.6738662719727
2026-02-27;-6.75;-41.25;15.45209312438965
2026-02-27;-6.75;-40.75;71.11395263671875
2026-02-27;-6.75;-40.25;145.6468658447266
2026-02-27;-6.75;-39.75;177.5814666748047
2026-02-27;-6.75;-39.25;277.1312561035156
2026-02-27;-6.75;-38.75;385.9269104003906
2026-02-27;-6.75;-38.25;216.7608337402344
2026-02-27;-6.75;-37.75;62.28457641601562
2026-02-27;-6.75;-37.25;84.76014709472656
2026-02-27;-6.25;-41.25;12.78879928588867
2026-02-27;-6.25;-40.75;67.55077362060547
2026-02-27;-6.25;-40.25;142.3481903076172
2026-02-27;-6.25;-39.75;137.6779937744141
2026-02-27;-6.25;-39.25;128.5162048339844
2026-02-27;-6.25;-38.75;225.7646179199219
2026-02-27;-6.25;-38.25;122.9744415283203
2026-02-27;-6.25;-37.75;43.50445556640625
2026-02-27;-6.25;-37.25;15.8124475479126
2026-02-27;-5.75;-41.25;4.136880874633789
2026-02-27;-5.75;-40.75;15.5097770690918
2026-02-27;-5.75;-40.25;70.7758560180664
2026-02-27;-5.75;-39.75;62.83500671386719
2026-02-27;-5.75;-39.25;40.07874298095703
2026-02-27;-5.75;-38.75;24.05545997619629
2026-02-27;-5.75;-38.25;28.62808227539062
2026-02-27;-5.75;-37.75;37.43981552124023
2026-02-27;-5.75;-37.25;3.020270347595215
2026-02-27;-5.25;-41.25;1.140970587730408
2026-02-27;-5.25;-40.75;0.9210583567619324
2026-02-27;-5.25;-40.25;3.489497900009155
2026-02-27;-5.25;-39.75;4.506302833557129
2026-02-27;-5.25;-39.25;11.82392883300781
2026-02-27;-5.25;-38.75;84.58035278320312
2026-02-27;-5.25;-38.25;91.03273010253906
2026-02-27;-5.25;-37.75;63.58242416381836
2026-02-27;-5.25;-37.25;9.93730354309082
2026-02-27;-4.75;-41.25;2.579100131988525
2026-02-27;-4.75;-40.75;0.8102807998657227
2026-02-27;-4.75;-40.25;7.587262630462646
2026-02-27;-4.75;-39.75;9.162496566772461
2026-02-27;-4.75;-39.25;21.5116024017334
2026-02-27;-4.75;-38.75;98.9593276977539
2026-02-27;-4.75;-38.25;90.08631896972656
2026-02-27;-4.75;-37.75;28.45866775512695
2026-02-27;-4.75;-37.25;12.80539417266846
2026-02-27;-4.25;-41.25;13.29905033111572
2026-02-27;-4.25;-40.75;8.422182083129883
2026-02-27;-4.25;-40.25;15.62667751312256
2026-02-27;-4.25;-39.75;20.20862770080566
2026-02-27;-4.25;-39.25;7.234283447265625
2026-02-27;-4.25;-38.75;31.96407890319824
2026-02-27;-4.25;-38.25;39.14670181274414
2026-02-27;-4.25;-37.75;21.64033126831055
2026-02-27;-4.25;-37.25;
2026-02-27;-3.75;-41.25;21.0590934753418
2026-02-27;-3.75;-40.75;35.32123565673828
2026-02-27;-3.75;-40.25;84.5992202758789
2026-02-27;-3.75;-39.75;33.24503707885742
2026-02-27;-3.75;-39.25;2.268889427185059
2026-02-27;-3.75;-38.75;1.432387828826904
2026-02-27;-3.75;-38.25;6.534083366394043
2026-02-27;-3.75;-37.75;
2026-02-27;-3.75;-37.25;
2026-02-27;-3.25;-41.25;22.32439041137695
2026-02-27;-3.25;-40.75;12.07582664489746
2026-02-27;-3.25;-40.25;18.76733207702637
2026-02-27;-3.25;-39.75;17.4332275390625
2026-02-27;-3.25;-39.25;1.535435438156128
2026-02-27;-3.25;-38.75;0.0
2026-02-27;-3.25;-38.25;
2026-02-27;-3.25;-37.75;
2026-02-27;-3.25;-37.25;
2026-02-27;-2.75;-41.25;27.40618133544922
2026-02-27;-2.75;-40.75;16.23699760437012
2026-02-27;-2.75;-40.25;4.892138481140137
2026-02-27;-2.75;-39.75;6.535318851470947
2026-02-27;-2.75;-39.25;
2026-02-27;-2.75;-38.75;
2026-02-27;-2.75;-38.25;
2026-02-27;-2.75;-37.75;
2026-02-27;-2.75;-37.25;
2026-02-28;-7.75;-41.25;121.9176635742188
2026-02-28;-7.75;-40.75;58.11879730224609
2026-02-28;-7.75;-40.25;11.30749320983887
2026-02-28;-7.75;-39.75;28.96676826477051
2026-02-28;-7.75;-39.25;57.37157821655273
2026-02-28;-7.75;-38.75;35.76432800292969
2026-02-28;-7.75;-38.25;7.401286602020264
2026-02-28;-7.75;-37.75;34.06241607666016
2026-02-28;-7.75;-37.25;48.12813949584961
2026-02-28;-7.25;-41.25;194.0216827392578
2026-02-28;-7.25;-40.75;71.14134216308594
2026-02-28;-7.25;-40.25;32.20827102661133
2026-02-28;-7.25;-39.75;87.81755828857422
2026-02-28;-7.25;-39.25;146.5445709228516
2026-02-28;-7.25;-38.75;94.20106506347656
2026-02-28;-7.25;-38.25;69.02944946289062
2026-02-28;-7.25;-37.75;120.8317031860352
2026-02-28;-7.25;-37.25;361.9275207519531
2026-02-28;-6.75;-41.25;201.8383178710938
2026-02-28;-6.75;-40.75;109.5567932128906
2026-02-28;-6.75;-40.25;72.03733825683594
2026-02-28;-6.75;-39.75;84.96755981445312
2026-02-28;-6.75;-39.25;123.6937866210938
2026-02-28;-6.75;-38.75;148.7724761962891
2026-02-28;-6.75;-38.25;235.2815704345703
2026-02-28;-6.75;-37.75;60.52123641967773
2026-02-28;-6.75;-37.25;189.4740600585938
2026-02-28;-6.25;-41.25;190.1631927490234
2026-02-28;-6.25;-40.75;121.3902816772461
2026-02-28;-6.25;-40.25;74.60562896728516
2026-02-28;-6.25;-39.75;80.64168548583984
2026-02-28;-6.25;-39.25;123.945182800293
2026-02-28;-6.25;-38.75;40.51847839355469
2026-02-28;-6.25;-38.25;82.04090118408203
2026-02-28;-6.25;-37.75;19.4366512298584
2026-02-28;-6.25;-37.25;14.13415622711182
2026-02-28;-5.75;-41.25;238.7958068847656
2026-02-28;-5.75;-40.75;166.7632141113281
2026-02-28;-5.75;-40.25;63.52197647094727
2026-02-28;-5.75;-39.75;34.28473663330078
2026-02-28;-5.75;-39.25;23.33841514587402
2026-02-28;-5.75;-38.75;9.661293029785156
2026-02-28;-5.75;-38.25;7.821600914001465
2026-02-28;-5.75;-37.75;23.98938941955566
2026-02-28;-5.75;-37.25;6.480754852294922
2026-02-28;-5.25;-41.25;219.2620697021484
2026-02-28;-5.25;-40.75;143.7419586181641
2026-02-28;-5.25;-40.25;50.28558731079102
2026-02-28;-5.25;-39.75;0.8286790251731873
2026-02-28;-5.25;-39.25;0.0
2026-02-28;-5.25;-38.75;3.305568218231201
2026-02-28;-5.25;-38.25;21.13931083679199
2026-02-28;-5.25;-37.75;72.25936126708984
2026-02-28;-5.25;-37.25;33.62351608276367
2026-02-28;-4.75;-41.25;122.8519515991211
2026-02-28;-4.75;-40.75;61.66892242431641
2026-02-28;-4.75;-40.25;30.85704040527344
2026-02-28;-4.75;-39.75;8.678751945495605
2026-02-28;-4.75;-39.25;1.647740602493286
2026-02-28;-4.75;-38.75;21.45835304260254
2026-02-28;-4.75;-38.25;42.94171142578125
2026-02-28;-4.75;-37.75;68.94124603271484
2026-02-28;-4.75;-37.25;51.39595031738281
2026-02-28;-4.25;-41.25;11.72959613800049
2026-02-28;-4.25;-40.75;17.40254974365234
2026-02-28;-4.25;-40.25;32.98352432250977
2026-02-28;-4.25;-39.75;33.44311141967773
2026-02-28;-4.25;-39.25;26.64992713928223
2026-02-28;-4.25;-38.75;92.68803405761719
2026-02-28;-4.25;-38.25;106.8416519165039
2026-02-28;-4.25;-37.75;103.224967956543
2026-02-28;-4.25;-37.25;
2026-02-28;-3.75;-41.25;11.37448501586914
2026-02-28;-3.75;-40.75;32.80806350708008
2026-02-28;-3.75;-40.25;59.51116943359375
2026-02-28;-3.75;-39.75;21.82489204406738
2026-02-28;-3.75;-39.25;17.60678100585938
2026-02-28;-3.75;-38.75;125.4989013671875
2026-02-28;-3.75;-38.25;158.1901550292969
2026-02-28;-3.75;-37.75;
2026-02-28;-3.75;-37.25;
2026-02-28;-3.25;-41.25;28.71487808227539
2026-02-28;-3.25;-40.75;11.80386257171631
2026-02-28;-3.25;-40.25;1.540641784667969
2026-02-28;-3.25;-39.75;0.9659057855606079
2026-02-28;-3.25;-39.25;27.63774871826172
2026-02-28;-3.25;-38.75;100.07470703125
2026-02-28;-3.25;-38.25;
2026-02-28;-3.25;-37.75;
2026-02-28;-3.25;-37.25;
2026-02-28;-2.75;-41.25;33.78087997436523
2026-02-28;-2.75;-40.75;19.13141250610352
2026-02-28;-2.75;-40.25;0.5172428488731384
2026-02-28;-2.75;-39.75;0.0
2026-02-28;-2.75;-39.25;
2026-02-28;-2.75;-38.75;
2026-02-28;-2.75;-38.25;
2026-02-28;-2.75;-37.75;
2026-02-28;-2.75;-37.25;
2026-03-01;-7.75;-41.25;195.1951141357422
2026-03-01;-7.75;-40.75;177.1369018554688
2026-03-01;-7.75;-40.25;151.0517425537109
2026-03-01;-7.75;-39.75;96.47260284423828
2026-03-01;-7.75;-39.25;62.38570022583008
2026-03-01;-7.75;-38.75;32.17959594726562
2026-03-01;-7.75;-38.25;8.556212425231934
2026-03-01;-7.75;-37.75;28.1904354095459
2026-03-01;-7.75;-37.25;25.43086624145508
2026-03-01;-7.25;-41.25;112.1883926391602
2026-03-01;-7.25;-40.75;56.79457473754883
2026-03-01;-7.25;-40.25;29.47646141052246
2026-03-01;-7.25;-39.75;26.99273681640625
2026-03-01;-7.25;-39.25;24.68009757995605
2026-03-01;-7.25;-38.75;29.33467292785645
2026-03-01;-7.25;-38.25;28.56106185913086
2026-03-01;-7.25;-37.75;68.8712158203125
2026-03-01;-7.25;-37.25;52.14830017089844
2026-03-01;-6.75;-41.25;96.0645751953125
2026-03-01;-6.75;-40.75;41.55000686645508
2026-03-01;-6.75;-40.25;25.10064506530762
2026-03-01;-6.75;-39.75;25.99080657958984
2026-03-01;-6.75;-39.25;38.85073089599609
2026-03-01;-6.75;-38.75;68.92967224121094
2026-03-01;-6.75;-38.25;86.00642395019531
2026-03-01;-6.75;-37.75;99.51702880859375
2026-03-01;-6.75;-37.25;48.22867965698242
2026-03-01;-6.25;-41.25;150.1874389648438
2026-03-01;-6.25;-40.75;59.39581680297852
2026-03-01;-6.25;-40.25;23.60167503356934
2026-03-01;-6.25;-39.75;24.46271705627441
2026-03-01;-6.25;-39.25;47.08893585205078
2026-03-01;-6.25;-38.75;97.61766815185547
2026-03-01;-6.25;-38.25;67.474609375
2026-03-01;-6.25;-37.75;56.63523483276367
2026-03-01;-6.25;-37.25;59.06515502929688
2026-03-01;-5.75;-41.25;173.3165740966797
2026-03-01;-5.75;-40.75;77.06439208984375
2026-03-01;-5.75;-40.25;28.39032936096191
2026-03-01;-5.75;-39.75;31.37103080749512
2026-03-01;-5.75;-39.25;36.61994171142578
2026-03-01;-5.75;-38.75;14.7064208984375
2026-03-01;-5.75;-38.25;14.21175765991211
2026-03-01;-5.75;-37.75;41.19779205322266
2026-03-01;-5.75;-37.25;105.3781433105469
2026-03-01;-5.25;-41.25;119.5671768188477
2026-03-01;-5.25;-40.75;52.64268112182617
2026-03-01;-5.25;-40.25;26.1009349822998
2026-03-01;-5.25;-39.75;19.15236854553223
2026-03-01;-5.25;-39.25;11.05402565002441
2026-03-01;-5.25;-38.75;18.1081657409668
2026-03-01;-5.25;-38.25;28.96678733825684
2026-03-01;-5.25;-37.75;23.68367958068848
2026-03-01;-5.25;-37.25;70.01992797851562
2026-03-01;-4.75;-41.25;116.3592376708984
2026-03-01;-4.75;-40.75;50.77441024780273
2026-03-01;-4.75;-40.25;32.1073112487793
2026-03-01;-4.75;-39.75;27.55898857116699
2026-03-01;-4.75;-39.25;29.26677513122559
2026-03-01;-4.75;-38.75;34.93479537963867
2026-03-01;-4.75;-38.25;24.51298522949219
2026-03-01;-4.75;-37.75;11.40729999542236
2026-03-01;-4.75;-37.25;31.39169502258301
2026-03-01;-4.25;-41.25;256.9584655761719
2026-03-01;-4.25;-40.75;101.6586456298828
2026-03-01;-4.25;-40.25;45.52679824829102
2026-03-01;-4.25;-39.75;125.8990097045898
2026-03-01;-4.25;-39.25;249.3947296142578
2026-03-01;-4.25;-38.75;136.9180908203125
2026-03-01;-4.25;-38.25;56.00135040283203
2026-03-01;-4.25;-37.75;22.77707672119141
2026-03-01;-4.25;-37.25;
2026-03-01;-3.75;-41.25;242.6056976318359
2026-03-01;-3.75;-40.75;178.9855346679688
2026-03-01;-3.75;-40.25;125.3431167602539
2026-03-01;-3.75;-39.75;188.58251953125
2026-03-01;-3.75;-39.25;346.6515197753906
2026-03-01;-3.75;-38.75;174.9965362548828
2026-03-01;-3.75;-38.25;90.13036346435547
2026-03-01;-3.75;-37.75;
2026-03-01;-3.75;-37.25;
2026-03-01;-3.25;-41.25;144.0675659179688
2026-03-01;-3.25;-40.75;172.4267425537109
2026-03-01;-3.25;-40.25;79.70671844482422
2026-03-01;-3.25;-39.75;138.1239624023438
2026-03-01;-3.25;-39.25;257.3076477050781
2026-03-01;-3.25;-38.75;206.3327331542969
2026-03-01;-3.25;-38.25;
2026-03-01;-3.25;-37.75;
2026-03-01;-3.25;-37.25;
2026-03-01;-2.75;-41.25;130.1377868652344
2026-03-01;-2.75;-40.75;122.0355987548828
2026-03-01;-2.75;-40.25;82.3356704711914
2026-03-01;-2.75;-39.75;105.63623046875
2026-03-01;-2.75;-39.25;
2026-03-01;-2.75;-38.75;
2026-03-01;-2.75;-38.25;
2026-03-01;-2.75;-37.75;
2026-03-01;-2.75;-37.25;
2026-03-02;-7.75;-41.25;16.95913124084473
2026-03-02;-7.75;-40.75;14.07367515563965
2026-03-02;-7.75;-40.25;5.076301574707031
2026-03-02;-7.75;-39.75;3.574214458465576
2026-03-02;-7.75;-39.25;0.2528160810470581
2026-03-02;-7.75;-38.75;0.0
2026-03-02;-7.75;-38.25;0.3495283126831055
2026-03-02;-7.75;-37.75;38.04726791381836
2026-03-02;-7.75;-37.25;91.08657836914062
2026-03-02;-7.25;-41.25;7.923018455505371
2026-03-02;-7.25;-40.75;6.794264316558838
2026-03-02;-7.25;-40.25;0.5006623268127441
2026-03-02;-7.25;-39.75;0.0
2026-03-02;-7.25;-39.25;0.0
2026-03-02;-7.25;-38.75;0.9890211224555969
2026-03-02;-7.25;-38.25;0.0
2026-03-02;-7.25;-37.75;3.346223831176758
2026-03-02;-7.25;-37.25;68.89450073242188
2026-03-02;-6.75;-41.25;2.07330846786499
2026-03-02;-6.75;-40.75;1.316163420677185
2026-03-02;-6.75;-40.25;0.0
2026-03-02;-6.75;-39.75;0.0
2026-03-02;-6.75;-39.25;0.2294526845216751
2026-03-02;-6.75;-38.75;0.4773362576961517
2026-03-02;-6.75;-38.25;0.0
2026-03-02;-6.75;-37.75;5.412363529205322
2026-03-02;-6.75;-37.25;76.6603012084961
2026-03-02;-6.25;-41.25;1.688642740249634
2026-03-02;-6.25;-40.75;0.8094791769981384
2026-03-02;-6.25;-40.25;0.0
2026-03-02;-6.25;-39.75;0.3547800481319427
2026-03-02;-6.25;-39.25;6.55414342880249
2026-03-02;-6.25;-38.75;36.63738632202148
2026-03-02;-6.25;-38.25;45.6677360534668
2026-03-02;-6.25;-37.75;32.35422515869141
2026-03-02;-6.25;-37.25;70.13314819335938
2026-03-02;-5.75;-41.25;0.7633076906204224
2026-03-02;-5.75;-40.75;0.0
2026-03-02;-5.75;-40.25;2.371943473815918
2026-03-02;-5.75;-39.75;5.648463249206543
2026-03-02;-5.75;-39.25;18.9476490020752
2026-03-02;-5.75;-38.75;77.21327209472656
2026-03-02;-5.75;-38.25;57.32719802856445
2026-03-02;-5.75;-37.75;24.59176254272461
2026-03-02;-5.75;-37.25;23.4377498626709
2026-03-02;-5.25;-41.25;0.2688325941562653
2026-03-02;-5.25;-40.75;0.0
2026-03-02;-5.25;-40.25;1.63280200958252
2026-03-02;-5.25;-39.75;2.311380624771118
2026-03-02;-5.25;-39.25;5.632022380828857
2026-03-02;-5.25;-38.75;27.02802658081055
2026-03-02;-5.25;-38.25;15.73367023468018
2026-03-02;-5.25;-37.75;8.487948417663574
2026-03-02;-5.25;-37.25;22.45366287231445
2026-03-02;-4.75;-41.25;1.763671159744263
2026-03-02;-4.75;-40.75;4.69304370880127
2026-03-02;-4.75;-40.25;2.524108409881592
2026-03-02;-4.75;-39.75;1.798269271850586
2026-03-02;-4.75;-39.25;3.437096834182739
2026-03-02;-4.75;-38.75;18.66889762878418
2026-03-02;-4.75;-38.25;18.11026573181152
2026-03-02;-4.75;-37.75;21.21318054199219
2026-03-02;-4.75;-37.25;23.95902633666992
2026-03-02;-4.25;-41.25;4.787900447845459
2026-03-02;-4.25;-40.75;12.81492233276367
2026-03-02;-4.25;-40.25;9.247838020324707
2026-03-02;-4.25;-39.75;7.238758563995361
2026-03-02;-4.25;-39.25;3.134726524353027
2026-03-02;-4.25;-38.75;10.16482639312744
2026-03-02;-4.25;-38.25;15.07935523986816
2026-03-02;-4.25;-37.75;21.03282356262207
2026-03-02;-4.25;-37.25;
2026-03-02;-3.75;-41.25;4.249899387359619
2026-03-02;-3.75;-40.75;20.33384323120117
2026-03-02;-3.75;-40.25;38.49390411376953
2026-03-02;-3.75;-39.75;18.06510925292969
2026-03-02;-3.75;-39.25;3.574322462081909
2026-03-02;-3.75;-38.75;6.37205982208252
2026-03-02;-3.75;-38.25;9.69174861907959
2026-03-02;-3.75;-37.75;
2026-03-02;-3.75;-37.25;
2026-03-02;-3.25;-41.25;14.59172344207764
2026-03-02;-3.25;-40.75;10.76659107208252
2026-03-02;-3.25;-40.25;26.27831268310547
2026-03-02;-3.25;-39.75;24.01640319824219
2026-03-02;-3.25;-39.25;10.4832592010498
2026-03-02;-3.25;-38.75;6.428140163421631
2026-03-02;-3.25;-38.25;
2026-03-02;-3.25;-37.75;
2026-03-02;-3.25;-37.25;
2026-03-02;-2.75;-41.25;17.29595375061035
2026-03-02;-2.75;-40.75;18.41822624206543
2026-03-02;-2.75;-40.25;27.18334770202637
2026-03-02;-2.75;-39.75;27.92704772949219
2026-03-02;-2.75;-39.25;
2026-03-02;-2.75;-38.75;
2026-03-02;-2.75;-38.25;
2026-03-02;-2.75;-37.75;
2026-03-02;-2.75;-37.25;
2026-03-03;-7.75;-41.25;25.09751892089844
2026-03-03;-7.75;-40.75;24.42283821105957
2026-03-03;-7.75;-40.25;25.83262252807617
2026-03-03;-7.75;-39.75;74.58507537841797
2026-03-03;-7.75;-39.25;183.0941009521484
2026-03-03;-7.75;-38.75;122.5309143066406
2026-03-03;-7.75;-38.25;22.50192260742188
2026-03-03;-7.75;-37.75;26.4546070098877
2026-03-03;-7.75;-37.25;7.989744186401367
2026-03-03;-7.25;-41.25;99.73905181884766
2026-03-03;-7.25;-40.75;57.77317428588867
2026-03-03;-7.25;-40.25;54.79536437988281
2026-03-03;-7.25;-39.75;137.9744415283203
2026-03-03;-7.25;-39.25;227.3442993164062
2026-03-03;-7.25;-38.75;128.3739471435547
2026-03-03;-7.25;-38.25;37.67906188964844
2026-03-03;-7.25;-37.75;71.74006652832031
2026-03-03;-7.25;-37.25;8.18724536895752
2026-03-03;-6.75;-41.25;285.9085083007812
2026-03-03;-6.75;-40.75;212.9250793457031
2026-03-03;-6.75;-40.25;115.7720718383789
2026-03-03;-6.75;-39.75;135.3243255615234
2026-03-03;-6.75;-39.25;227.2046051025391
2026-03-03;-6.75;-38.75;235.0130767822266
2026-03-03;-6.75;-38.25;86.43697357177734
2026-03-03;-6.75;-37.75;119.2873382568359
2026-03-03;-6.75;-37.25;28.19665336608887
2026-03-03;-6.25;-41.25;322.7305603027344
2026-03-03;-6.25;-40.75;227.9841766357422
2026-03-03;-6.25;-40.25;113.6946792602539
2026-03-03;-6.25;-39.75;118.973503112793
2026-03-03;-6.25;-39.25;181.6818695068359
2026-03-03;-6.25;-38.75;162.9000091552734
2026-03-03;-6.25;-38.25;84.37946319580078
2026-03-03;-6.25;-37.75;77.83609008789062
2026-03-03;-6.25;-37.25;17.14546012878418
2026-03-03;-5.75;-41.25;162.5746307373047
2026-03-03;-5.75;-40.75;72.22132873535156
2026-03-03;-5.75;-40.25;47.68753051757812
2026-03-03;-5.75;-39.75;46.12293243408203
2026-03-03;-5.75;-39.25;40.64811325073242
2026-03-03;-5.75;-38.75;81.19538879394531
2026-03-03;-5.75;-38.25;95.1571044921875
2026-03-03;-5.75;-37.75;25.44278717041016
2026-03-03;-5.75;-37.25;2.63370680809021
2026-03-03;-5.25;-41.25;47.43965911865234
2026-03-03;-5.25;-40.75;19.05838394165039
2026-03-03;-5.25;-40.25;5.776152610778809
2026-03-03;-5.25;-39.75;1.853889346122742
2026-03-03;-5.25;-39.25;5.798825740814209
2026-03-03;-5.25;-38.75;60.34138488769531
2026-03-03;-5.25;-38.25;70.18711853027344
2026-03-03;-5.25;-37.75;21.8739185333252
2026-03-03;-5.25;-37.25;2.089560270309448
2026-03-03;-4.75;-41.25;34.30942916870117
2026-03-03;-4.75;-40.75;13.12939643859863
2026-03-03;-4.75;-40.25;6.301804542541504
2026-03-03;-4.75;-39.75;0.5000796318054199
2026-03-03;-4.75;-39.25;2.868833541870117
2026-03-03;-4.75;-38.75;24.22504043579102
2026-03-03;-4.75;-38.25;31.76004791259766
2026-03-03;-4.75;-37.75;18.92197036743164
2026-03-03;-4.75;-37.25;1.571647882461548
2026-03-03;-4.25;-41.25;83.45011138916016
2026-03-03;-4.25;-40.75;33.35052871704102
2026-03-03;-4.25;-40.25;17.10450744628906
2026-03-03;-4.25;-39.75;9.656083106994629
2026-03-03;-4.25;-39.25;29.50239944458008
2026-03-03;-4.25;-38.75;115.2268676757812
2026-03-03;-4.25;-38.25;119.9809188842773
2026-03-03;-4.25;-37.75;81.99940490722656
2026-03-03;-4.25;-37.25;
2026-03-03;-3.75;-41.25;96.76386260986328
2026-03-03;-3.75;-40.75;120.4797134399414
2026-03-03;-3.75;-40.25;79.95052337646484
2026-03-03;-3.75;-39.75;40.35270690917969
2026-03-03;-3.75;-39.25;31.26802825927734
2026-03-03;-3.75;-38.75;144.89111328125
2026-03-03;-3.75;-38.25;181.8994598388672
2026-03-03;-3.75;-37.75;
2026-03-03;-3.75;-37.25;
2026-03-03;-3.25;-41.25;22.86178207397461
2026-03-03;-3.25;-40.75;91.47052001953125
2026-03-03;-3.25;-40.25;74.0439453125
2026-03-03;-3.25;-39.75;55.32208633422852
2026-03-03;-3.25;-39.25;54.29813385009766
2026-03-03;-3.25;-38.75;120.1687240600586
2026-03-03;-3.25;-38.25;
2026-03-03;-3.25;-37.75;
2026-03-03;-3.25;-37.25;
2026-03-03;-2.75;-41.25;9.770828247070312
2026-03-03;-2.75;-40.75;44.81547164916992
2026-03-03;-2.75;-40.25;67.29450225830078
2026-03-03;-2.75;-39.75;61.70185470581055
2026-03-03;-2.75;-39.25;
2026-03-03;-2.75;-38.75;
2026-03-03;-2.75;-38.25;
2026-03-03;-2.75;-37.75;
2026-03-03;-2.75;-37.25;
2026-03-04;-7.75;-41.25;9.208440780639648
2026-03-04;-7.75;-40.75;78.48001098632812
2026-03-04;-7.75;-40.25;160.5759429931641
2026-03-04;-7.75;-39.75;228.5951232910156
2026-03-04;-7.75;-39.25;170.3363647460938
2026-03-04;-7.75;-38.75;132.7893524169922
2026-03-04;-7.75;-38.25;71.47294616699219
2026-03-04;-7.75;-37.75;25.48200798034668
2026-03-04;-7.75;-37.25;7.805953025817871
2026-03-04;-7.25;-41.25;14.02204513549805
2026-03-04;-7.25;-40.75;86.15210723876953
2026-03-04;-7.25;-40.25;172.3894805908203
2026-03-04;-7.25;-39.75;191.7788848876953
2026-03-04;-7.25;-39.25;138.3990631103516
2026-03-04;-7.25;-38.75;64.4926528930664
2026-03-04;-7.25;-38.25;29.91810607910156
2026-03-04;-7.25;-37.75;24.1983585357666
2026-03-04;-7.25;-37.25;24.37981033325195
2026-03-04;-6.75;-41.25;18.81915092468262
2026-03-04;-6.75;-40.75;71.45697784423828
2026-03-04;-6.75;-40.25;149.3075408935547
2026-03-04;-6.75;-39.75;160.287109375
2026-03-04;-6.75;-39.25;77.81562042236328
2026-03-04;-6.75;-38.75;27.75224685668945
2026-03-04;-6.75;-38.25;23.38558197021484
2026-03-04;-6.75;-37.75;30.68518447875977
2026-03-04;-6.75;-37.25;41.92059707641602
2026-03-04;-6.25;-41.25;9.513577461242676
2026-03-04;-6.25;-40.75;34.8740234375
2026-03-04;-6.25;-40.25;86.57630920410156
2026-03-04;-6.25;-39.75;88.13573455810547
2026-03-04;-6.25;-39.25;47.82931137084961
2026-03-04;-6.25;-38.75;27.59010696411133
2026-03-04;-6.25;-38.25;21.88457870483398
2026-03-04;-6.25;-37.75;26.90712547302246
2026-03-04;-6.25;-37.25;43.64316177368164
2026-03-04;-5.75;-41.25;9.305305480957031
2026-03-04;-5.75;-40.75;27.84030914306641
2026-03-04;-5.75;-40.25;58.02974700927734
2026-03-04;-5.75;-39.75;64.4855728149414
2026-03-04;-5.75;-39.25;55.77595138549805
2026-03-04;-5.75;-38.75;38.37461853027344
2026-03-04;-5.75;-38.25;20.33747863769531
2026-03-04;-5.75;-37.75;8.670222282409668
2026-03-04;-5.75;-37.25;20.31514167785645
2026-03-04;-5.25;-41.25;13.98227024078369
2026-03-04;-5.25;-40.75;40.63467025756836
2026-03-04;-5.25;-40.25;62.26633453369141
2026-03-04;-5.25;-39.75;65.43106842041016
2026-03-04;-5.25;-39.25;65.59589385986328
2026-03-04;-5.25;-38.75;44.85105895996094
2026-03-04;-5.25;-38.25;28.63781356811523
2026-03-04;-5.25;-37.75;15.2022123336792
2026-03-04;-5.25;-37.25;13.56476593017578
2026-03-04;-4.75;-41.25;18.89257049560547
2026-03-04;-4.75;-40.75;51.23267364501953
2026-03-04;-4.75;-40.25;64.92838287353516
2026-03-04;-4.75;-39.75;61.93636322021484
2026-03-04;-4.75;-39.25;57.52373123168945
2026-03-04;-4.75;-38.75;43.83768463134766
2026-03-04;-4.75;-38.25;34.49707794189453
2026-03-04;-4.75;-37.75;25.82087135314941
2026-03-04;-4.75;-37.25;18.73310089111328
2026-03-04;-4.25;-41.25;19.35617828369141
2026-03-04;-4.25;-40.75;55.07332611083984
2026-03-04;-4.25;-40.25;62.52981185913086
2026-03-04;-4.25;-39.75;55.46416091918945
2026-03-04;-4.25;-39.25;48.5953254699707
2026-03-04;-4.25;-38.75;41.98206329345703
2026-03-04;-4.25;-38.25;37.61578369140625
2026-03-04;-4.25;-37.75;32.39678573608398
2026-03-04;-4.25;-37.25;
2026-03-04;-3.75;-41.25;13.08279418945312
2026-03-04;-3.75;-40.75;52.17791748046875
2026-03-04;-3.75;-40.25;54.77125549316406
2026-03-04;-3.75;-39.75;48.56079864501953
2026-03-04;-3.75;-39.25;43.85890960693359
2026-03-04;-3.75;-38.75;40.67934799194336
2026-03-04;-3.75;-38.25;39.49382400512695
2026-03-04;-3.75;-37.75;
2026-03-04;-3.75;-37.25;
2026-03-04;-3.25;-41.25;4.4548659324646
2026-03-04;-3.25;-40.75;40.04673767089844
2026-03-04;-3.25;-40.25;45.00434494018555
2026-03-04;-3.25;-39.75;42.8082160949707
2026-03-04;-3.25;-39.25;41.25968170166016
2026-03-04;-3.25;-38.75;40.25930404663086
2026-03-04;-3.25;-38.25;
2026-03-04;-3.25;-37.75;
2026-03-04;-3.25;-37.25;
2026-03-04;-2.75;-41.25;2.942707300186157
2026-03-04;-2.75;-40.75;33.16756820678711
2026-03-04;-2.75;-40.25;41.4910888671875
2026-03-04;-2.75;-39.75;40.60564041137695
2026-03-04;-2.75;-39.25;
2026-03-04;-2.75;-38.75;
2026-03-04;-2.75;-38.25;
2026-03-04;-2.75;-37.75;
2026-03-04;-2.75;-37.25;
2026-03-05;-7.75;-41.25;37.62589645385742
2026-03-05;-7.75;-40.75;84.69984436035156
2026-03-05;-7.75;-40.25;151.1105041503906
2026-03-05;-7.75;-39.75;261.9141845703125
2026-03-05;-7.75;-39.25;389.1441345214844
2026-03-05;-7.75;-38.75;376.7785034179688
2026-03-05;-7.75;-38.25;165.2358856201172
2026-03-05;-7.75;-37.75;1.373925447463989
2026-03-05;-7.75;-37.25;0.0
2026-03-05;-7.25;-41.25;53.96205902099609
2026-03-05;-7.25;-40.75;93.69520568847656
2026-03-05;-7.25;-40.25;160.1846160888672
2026-03-05;-7.25;-39.75;229.76318359375
2026-03-05;-7.25;-39.25;264.6109619140625
2026-03-05;-7.25;-38.75;194.1749572753906
2026-03-05;-7.25;-38.25;59.36555099487305
2026-03-05;-7.25;-37.75;4.625603675842285
2026-03-05;-7.25;-37.25;0.0
2026-03-05;-6.75;-41.25;51.83501815795898
2026-03-05;-6.75;-40.75;81.8261489868164
2026-03-05;-6.75;-40.25;137.144775390625
2026-03-05;-6.75;-39.75;174.3453826904297
2026-03-05;-6.75;-39.25;135.7846984863281
2026-03-05;-6.75;-38.75;50.83585357666016
2026-03-05;-6.75;-38.25;22.27427101135254
2026-03-05;-6.75;-37.75;9.257908821105957
2026-03-05;-6.75;-37.25;0.0
2026-03-05;-6.25;-41.25;49.3567008972168
2026-03-05;-6.25;-40.75;61.91509246826172
2026-03-05;-6.25;-40.25;82.91908264160156
2026-03-05;-6.25;-39.75;79.21062469482422
2026-03-05;-6.25;-39.25;51.52359390258789
2026-03-05;-6.25;-38.75;33.74697494506836
2026-03-05;-6.25;-38.25;35.05020141601562
2026-03-05;-6.25;-37.75;33.34868621826172
2026-03-05;-6.25;-37.25;13.55654621124268
2026-03-05;-5.75;-41.25;46.22891616821289
2026-03-05;-5.75;-40.75;51.3870964050293
2026-03-05;-5.75;-40.25;53.38190078735352
2026-03-05;-5.75;-39.75;48.45608901977539
2026-03-05;-5.75;-39.25;41.93129730224609
2026-03-05;-5.75;-38.75;33.91843795776367
2026-03-05;-5.75;-38.25;46.8953742980957
2026-03-05;-5.75;-37.75;77.92317962646484
2026-03-05;-5.75;-37.25;46.76860809326172
2026-03-05;-5.25;-41.25;40.56740570068359
2026-03-05;-5.25;-40.75;48.16947174072266
2026-03-05;-5.25;-40.25;48.51879501342773
2026-03-05;-5.25;-39.75;46.55503845214844
2026-03-05;-5.25;-39.25;46.00893402099609
2026-03-05;-5.25;-38.75;24.68706893920898
2026-03-05;-5.25;-38.25;20.7574634552002
2026-03-05;-5.25;-37.75;52.36932373046875
2026-03-05;-5.25;-37.25;52.03356170654297
2026-03-05;-4.75;-41.25;36.61346435546875
2026-03-05;-4.75;-40.75;46.77609252929688
2026-03-05;-4.75;-40.25;47.09137725830078
2026-03-05;-4.75;-39.75;43.24131393432617
2026-03-05;-4.75;-39.25;39.08218002319336
2026-03-05;-4.75;-38.75;24.09407997131348
2026-03-05;-4.75;-38.25;17.94285583496094
2026-03-05;-4.75;-37.75;32.78635025024414
2026-03-05;-4.75;-37.25;43.96744537353516
2026-03-05;-4.25;-41.25;38.262939453125
2026-03-05;-4.25;-40.75;46.91482925415039
2026-03-05;-4.25;-40.25;47.91427993774414
2026-03-05;-4.25;-39.75;43.30231857299805
2026-03-05;-4.25;-39.25;39.00620269775391
2026-03-05;-4.25;-38.75;37.09077835083008
2026-03-05;-4.25;-38.25;35.04902267456055
2026-03-05;-4.25;-37.75;35.03555297851562
2026-03-05;-4.25;-37.25;
2026-03-05;-3.75;-41.25;59.14609527587891
2026-03-05;-3.75;-40.75;49.1002082824707
2026-03-05;-3.75;-40.25;49.73832321166992
2026-03-05;-3.75;-39.75;47.10237884521484
2026-03-05;-3.75;-39.25;45.24646377563477
2026-03-05;-3.75;-38.75;47.63739395141602
2026-03-05;-3.75;-38.25;46.35832214355469
2026-03-05;-3.75;-37.75;
2026-03-05;-3.75;-37.25;
2026-03-05;-3.25;-41.25;119.6218566894531
2026-03-05;-3.25;-40.75;61.93035125732422
2026-03-05;-3.25;-40.25;50.39133071899414
2026-03-05;-3.25;-39.75;49.84575271606445
2026-03-05;-3.25;-39.25;49.0316047668457
2026-03-05;-3.25;-38.75;48.96973037719727
2026-03-05;-3.25;-38.25;
2026-03-05;-3.25;-37.75;
2026-03-05;-3.25;-37.25;
2026-03-05;-2.75;-41.25;136.5611419677734
2026-03-05;-2.75;-40.75;68.59391021728516
2026-03-05;-2.75;-40.25;50.30491256713867
2026-03-05;-2.75;-39.75;50.21783065795898
2026-03-05;-2.75;-39.25;
2026-03-05;-2.75;-38.75;
2026-03-05;-2.75;-38.25;
2026-03-05;-2.75;-37.75;
2026-03-05;-2.75;-37.25;
2026-03-06;-7.75;-41.25;124.9514465332031
2026-03-06;-7.75;-40.75;77.09464263916016
2026-03-06;-7.75;-40.25;16.20821952819824
2026-03-06;-7.75;-39.75;2.507728338241577
2026-03-06;-7.75;-39.25;0.0
2026-03-06;-7.75;-38.75;0.0
2026-03-06;-7.75;-38.25;0.2721313536167145
2026-03-06;-7.75;-37.75;4.581657409667969
2026-03-06;-7.75;-37.25;8.313505172729492
2026-03-06;-7.25;-41.25;79.54439544677734
2026-03-06;-7.25;-40.75;54.03280258178711
2026-03-06;-7.25;-40.25;21.9814567565918
2026-03-06;-7.25;-39.75;2.688241243362427
2026-03-06;-7.25;-39.25;0.0
2026-03-06;-7.25;-38.75;0.0
2026-03-06;-7.25;-38.25;0.0
2026-03-06;-7.25;-37.75;0.7548857927322388
2026-03-06;-7.25;-37.25;2.833351373672485
2026-03-06;-6.75;-41.25;24.97173690795898
2026-03-06;-6.75;-40.75;25.81416702270508
2026-03-06;-6.75;-40.25;11.59551906585693
2026-03-06;-6.75;-39.75;0.0
2026-03-06;-6.75;-39.25;0.0
2026-03-06;-6.75;-38.75;0.0
2026-03-06;-6.75;-38.25;0.0
2026-03-06;-6.75;-37.75;0.0
2026-03-06;-6.75;-37.25;0.0
2026-03-06;-6.25;-41.25;4.163918495178223
2026-03-06;-6.25;-40.75;3.036589860916138
2026-03-06;-6.25;-40.25;0.2063317000865936
2026-03-06;-6.25;-39.75;0.0
2026-03-06;-6.25;-39.25;0.0
2026-03-06;-6.25;-38.75;0.0
2026-03-06;-6.25;-38.25;0.0
2026-03-06;-6.25;-37.75;0.0
2026-03-06;-6.25;-37.25;0.9761408567428589
2026-03-06;-5.75;-41.25;4.280009269714355
2026-03-06;-5.75;-40.75;0.3265426456928253
2026-03-06;-5.75;-40.25;0.0
2026-03-06;-5.75;-39.75;0.0
2026-03-06;-5.75;-39.25;0.0
2026-03-06;-5.75;-38.75;0.0
2026-03-06;-5.75;-38.25;0.0
2026-03-06;-5.75;-37.75;0.5966635346412659
2026-03-06;-5.75;-37.25;5.969304084777832
2026-03-06;-5.25;-41.25;11.7912769317627
2026-03-06;-5.25;-40.75;1.694788455963135
2026-03-06;-5.25;-40.25;0.0
2026-03-06;-5.25;-39.75;0.3958188593387604
2026-03-06;-5.25;-39.25;0.0
2026-03-06;-5.25;-38.75;0.0
2026-03-06;-5.25;-38.25;0.0
2026-03-06;-5.25;-37.75;1.626784443855286
2026-03-06;-5.25;-37.25;7.935574054718018
2026-03-06;-4.75;-41.25;22.10617828369141
2026-03-06;-4.75;-40.75;4.162290573120117
2026-03-06;-4.75;-40.25;1.695222616195679
2026-03-06;-4.75;-39.75;4.596442699432373
2026-03-06;-4.75;-39.25;6.621952533721924
2026-03-06;-4.75;-38.75;8.10397720336914
2026-03-06;-4.75;-38.25;6.798249244689941
2026-03-06;-4.75;-37.75;7.505125522613525
2026-03-06;-4.75;-37.25;8.72927188873291
2026-03-06;-4.25;-41.25;30.72397804260254
2026-03-06;-4.25;-40.75;6.982479095458984
2026-03-06;-4.25;-40.25;9.820043563842773
2026-03-06;-4.25;-39.75;18.3653392791748
2026-03-06;-4.25;-39.25;25.80794334411621
2026-03-06;-4.25;-38.75;34.3756217956543
2026-03-06;-4.25;-38.25;33.35968017578125
2026-03-06;-4.25;-37.75;25.78076934814453
2026-03-06;-4.25;-37.25;
2026-03-06;-3.75;-41.25;44.34477996826172
2026-03-06;-3.75;-40.75;17.19670677185059
2026-03-06;-3.75;-40.25;30.5827465057373
2026-03-06;-3.75;-39.75;39.79484558105469
2026-03-06;-3.75;-39.25;46.22775268554688
2026-03-06;-3.75;-38.75;55.41254043579102
2026-03-06;-3.75;-38.25;54.29340362548828
2026-03-06;-3.75;-37.75;
2026-03-06;-3.75;-37.25;
2026-03-06;-3.25;-41.25;72.46240997314453
2026-03-06;-3.25;-40.75;53.28908157348633
2026-03-06;-3.25;-40.25;52.32887268066406
2026-03-06;-3.25;-39.75;55.96295547485352
2026-03-06;-3.25;-39.25;57.08949661254883
2026-03-06;-3.25;-38.75;58.29647445678711
2026-03-06;-3.25;-38.25;
2026-03-06;-3.25;-37.75;
2026-03-06;-3.25;-37.25;
2026-03-06;-2.75;-41.25;82.83594512939453
2026-03-06;-2.75;-40.75;65.8517837524414
2026-03-06;-2.75;-40.25;58.39725494384766
2026-03-06;-2.75;-39.75;59.77699279785156
2026-03-06;-2.75;-39.25;
2026-03-06;-2.75;-38.75;
2026-03-06;-2.75;-38.25;
2026-03-06;-2.75;-37.75;
2026-03-06;-2.75;-37.25;
2026-03-07;-7.75;-41.25;164.3262634277344
2026-03-07;-7.75;-40.75;161.0644073486328
2026-03-07;-7.75;-40.25;110.3498992919922
2026-03-07;-7.75;-39.75;36.40360260009766
2026-03-07;-7.75;-39.25;0.354262501001358
2026-03-07;-7.75;-38.75;0.0
2026-03-07;-7.75;-38.25;0.0
2026-03-07;-7.75;-37.75;0.0
2026-03-07;-7.75;-37.25;0.0
2026-03-07;-7.25;-41.25;124.3580932617188
2026-03-07;-7.25;-40.75;143.0575714111328
2026-03-07;-7.25;-40.25;112.5878372192383
2026-03-07;-7.25;-39.75;31.83220481872559
2026-03-07;-7.25;-39.25;0.0
2026-03-07;-7.25;-38.75;0.0
2026-03-07;-7.25;-38.25;0.0
2026-03-07;-7.25;-37.75;0.0
2026-03-07;-7.25;-37.25;0.0
2026-03-07;-6.75;-41.25;74.35497283935547
2026-03-07;-6.75;-40.75;94.3564682006836
2026-03-07;-6.75;-40.25;76.66692352294922
2026-03-07;-6.75;-39.75;9.122183799743652
2026-03-07;-6.75;-39.25;0.0
2026-03-07;-6.75;-38.75;0.0
2026-03-07;-6.75;-38.25;0.0
2026-03-07;-6.75;-37.75;0.0
2026-03-07;-6.75;-37.25;0.0
2026-03-07;-6.25;-41.25;48.41822814941406
2026-03-07;-6.25;-40.75;48.92275619506836
2026-03-07;-6.25;-40.25;27.54827690124512
2026-03-07;-6.25;-39.75;1.636921882629395
2026-03-07;-6.25;-39.25;0.0
2026-03-07;-6.25;-38.75;0.0
2026-03-07;-6.25;-38.25;0.0
2026-03-07;-6.25;-37.75;0.0
2026-03-07;-6.25;-37.25;0.0
2026-03-07;-5.75;-41.25;40.69325256347656
2026-03-07;-5.75;-40.75;30.17444801330566
2026-03-07;-5.75;-40.25;10.34439563751221
2026-03-07;-5.75;-39.75;0.3454535305500031
2026-03-07;-5.75;-39.25;0.0
2026-03-07;-5.75;-38.75;0.0
2026-03-07;-5.75;-38.25;0.0
2026-03-07;-5.75;-37.75;0.0
2026-03-07;-5.75;-37.25;0.0
2026-03-07;-5.25;-41.25;35.05807113647461
2026-03-07;-5.25;-40.75;19.00343704223633
2026-03-07;-5.25;-40.25;3.634942293167114
2026-03-07;-5.25;-39.75;0.0
2026-03-07;-5.25;-39.25;0.0
2026-03-07;-5.25;-38.75;0.0
2026-03-07;-5.25;-38.25;0.0
2026-03-07;-5.25;-37.75;0.0
2026-03-07;-5.25;-37.25;0.0
2026-03-07;-4.75;-41.25;29.31335067749023
2026-03-07;-4.75;-40.75;10.05784893035889
2026-03-07;-4.75;-40.25;0.4356961250305176
2026-03-07;-4.75;-39.75;0.0
2026-03-07;-4.75;-39.25;0.0
2026-03-07;-4.75;-38.75;0.0
2026-03-07;-4.75;-38.25;0.0
2026-03-07;-4.75;-37.75;0.0
2026-03-07;-4.75;-37.25;0.0
2026-03-07;-4.25;-41.25;26.56870269775391
2026-03-07;-4.25;-40.75;6.257880210876465
2026-03-07;-4.25;-40.25;0.0
2026-03-07;-4.25;-39.75;0.0
2026-03-07;-4.25;-39.25;0.0
2026-03-07;-4.25;-38.75;0.0
2026-03-07;-4.25;-38.25;0.0
2026-03-07;-4.25;-37.75;0.0
2026-03-07;-4.25;-37.25;
2026-03-07;-3.75;-41.25;24.49481391906738
2026-03-07;-3.75;-40.75;4.570755004882812
2026-03-07;-3.75;-40.25;0.0
2026-03-07;-3.75;-39.75;0.0
2026-03-07;-3.75;-39.25;0.0
2026-03-07;-3.75;-38.75;0.0
2026-03-07;-3.75;-38.25;0.0
2026-03-07;-3.75;-37.75;
2026-03-07;-3.75;-37.25;
2026-03-07;-3.25;-41.25;15.54721736907959
2026-03-07;-3.25;-40.75;2.239672183990479
2026-03-07;-3.25;-40.25;0.0
2026-03-07;-3.25;-39.75;0.0
2026-03-07;-3.25;-39.25;0.0
2026-03-07;-3.25;-38.75;0.0
2026-03-07;-3.25;-38.25;
2026-03-07;-3.25;-37.75;
2026-03-07;-3.25;-37.25;
2026-03-07;-2.75;-41.25;11.79763698577881
2026-03-07;-2.75;-40.75;2.500641345977783
2026-03-07;-2.75;-40.25;0.0
2026-03-07;-2.75;-39.75;0.0
2026-03-07;-2.75;-39.25;
2026-03-07;-2.75;-38.75;
2026-03-07;-2.75;-38.25;
2026-03-07;-2.75;-37.75;
2026-03-07;-2.75;-37.25;
2026-03-08;-7.75;-41.25;0.0
2026-03-08;-7.75;-40.75;0.0
2026-03-08;-7.75;-40.25;0.0
2026-03-08;-7.75;-39.75;0.0
2026-03-08;-7.75;-39.25;0.0
2026-03-08;-7.75;-38.75;0.6223235726356506
2026-03-08;-7.75;-38.25;4.144399642944336
2026-03-08;-7.75;-37.75;12.17100524902344
2026-03-08;-7.75;-37.25;22.42834091186523
2026-03-08;-7.25;-41.25;0.0
2026-03-08;-7.25;-40.75;0.0
2026-03-08;-7.25;-40.25;0.0
2026-03-08;-7.25;-39.75;0.0
2026-03-08;-7.25;-39.25;0.0
2026-03-08;-7.25;-38.75;0.6767610311508179
2026-03-08;-7.25;-38.25;3.885259628295898
2026-03-08;-7.25;-37.75;18.72216606140137
2026-03-08;-7.25;-37.25;32.965576171875
2026-03-08;-6.75;-41.25;0.0
2026-03-08;-6.75;-40.75;0.0
2026-03-08;-6.75;-40.25;0.0
2026-03-08;-6.75;-39.75;0.0
2026-03-08;-6.75;-39.25;0.0
2026-03-08;-6.75;-38.75;0.6911163926124573
2026-03-08;-6.75;-38.25;3.298407077789307
2026-03-08;-6.75;-37.75;28.14022064208984
2026-03-08;-6.75;-37.25;59.39179229736328
2026-03-08;-6.25;-41.25;4.058325290679932
2026-03-08;-6.25;-40.75;0.498857319355011
2026-03-08;-6.25;-40.25;0.0
2026-03-08;-6.25;-39.75;0.0
2026-03-08;-6.25;-39.25;0.0
2026-03-08;-6.25;-38.75;2.104808568954468
2026-03-08;-6.25;-38.25;9.626059532165527
2026-03-08;-6.25;-37.75;31.46368408203125
2026-03-08;-6.25;-37.25;57.54474639892578
2026-03-08;-5.75;-41.25;24.98704147338867
2026-03-08;-5.75;-40.75;4.802521705627441
2026-03-08;-5.75;-40.25;0.0
2026-03-08;-5.75;-39.75;0.0
2026-03-08;-5.75;-39.25;0.0
2026-03-08;-5.75;-38.75;1.134899139404297
2026-03-08;-5.75;-38.25;5.617563724517822
2026-03-08;-5.75;-37.75;17.85270881652832
2026-03-08;-5.75;-37.25;20.35103797912598
2026-03-08;-5.25;-41.25;65.57083129882812
2026-03-08;-5.25;-40.75;14.84142875671387
2026-03-08;-5.25;-40.25;0.2190393656492233
2026-03-08;-5.25;-39.75;0.0
2026-03-08;-5.25;-39.25;0.0
2026-03-08;-5.25;-38.75;0.0
2026-03-08;-5.25;-38.25;0.3337918519973755
2026-03-08;-5.25;-37.75;5.696914196014404
2026-03-08;-5.25;-37.25;6.056955814361572
2026-03-08;-4.75;-41.25;107.8038024902344
2026-03-08;-4.75;-40.75;26.56087493896484
2026-03-08;-4.75;-40.25;0.0
2026-03-08;-4.75;-39.75;0.0
2026-03-08;-4.75;-39.25;0.0
2026-03-08;-4.75;-38.75;0.0
2026-03-08;-4.75;-38.25;0.0
2026-03-08;-4.75;-37.75;0.6373856067657471
2026-03-08;-4.75;-37.25;3.547117471694946
2026-03-08;-4.25;-41.25;127.9161605834961
2026-03-08;-4.25;-40.75;32.22589492797852
2026-03-08;-4.25;-40.25;0.5363554954528809
2026-03-08;-4.25;-39.75;0.2854420840740204
2026-03-08;-4.25;-39.25;1.695093512535095
2026-03-08;-4.25;-38.75;2.925792694091797
2026-03-08;-4.25;-38.25;2.949743270874023
2026-03-08;-4.25;-37.75;1.975820660591125
2026-03-08;-4.25;-37.25;
2026-03-08;-3.75;-41.25;110.6343994140625
2026-03-08;-3.75;-40.75;25.80746650695801
2026-03-08;-3.75;-40.25;1.364819288253784
2026-03-08;-3.75;-39.75;2.471515417098999
2026-03-08;-3.75;-39.25;3.7113037109375
2026-03-08;-3.75;-38.75;4.680549621582031
2026-03-08;-3.75;-38.25;4.671142578125
2026-03-08;-3.75;-37.75;
2026-03-08;-3.75;-37.25;
2026-03-08;-3.25;-41.25;34.50201034545898
2026-03-08;-3.25;-40.75;6.405292987823486
2026-03-08;-3.25;-40.25;2.748544692993164
2026-03-08;-3.25;-39.75;3.246618509292603
2026-03-08;-3.25;-39.25;4.230991840362549
2026-03-08;-3.25;-38.75;4.748416900634766
2026-03-08;-3.25;-38.25;
2026-03-08;-3.25;-37.75;
2026-03-08;-3.25;-37.25;
2026-03-08;-2.75;-41.25;2.607335805892944
2026-03-08;-2.75;-40.75;2.401361465454102
2026-03-08;-2.75;-40.25;4.621865749359131
2026-03-08;-2.75;-39.75;4.251650333404541
2026-03-08;-2.75;-39.25;
2026-03-08;-2.75;-38.75;
2026-03-08;-2.75;-38.25;
2026-03-08;-2.75;-37.75;
2026-03-08;-2.75;-37.25;
2026-03-09;-7.75;-41.25;0.0
2026-03-09;-7.75;-40.75;3.163431882858276
2026-03-09;-7.75;-40.25;18.47899436950684
2026-03-09;-7.75;-39.75;37.70734786987305
2026-03-09;-7.75;-39.25;77.12393951416016
2026-03-09;-7.75;-38.75;71.46846771240234
2026-03-09;-7.75;-38.25;25.55516242980957
2026-03-09;-7.75;-37.75;0.6118066906929016
2026-03-09;-7.75;-37.25;0.8814350962638855
2026-03-09;-7.25;-41.25;0.0
2026-03-09;-7.25;-40.75;5.011615753173828
2026-03-09;-7.25;-40.25;20.10906791687012
2026-03-09;-7.25;-39.75;35.69842910766602
2026-03-09;-7.25;-39.25;42.64946746826172
2026-03-09;-7.25;-38.75;26.93825912475586
2026-03-09;-7.25;-38.25;5.122874736785889
2026-03-09;-7.25;-37.75;1.310510516166687
2026-03-09;-7.25;-37.25;2.377025604248047
2026-03-09;-6.75;-41.25;0.0
2026-03-09;-6.75;-40.75;1.685828924179077
2026-03-09;-6.75;-40.25;14.28241729736328
2026-03-09;-6.75;-39.75;19.5328483581543
2026-03-09;-6.75;-39.25;12.97093296051025
2026-03-09;-6.75;-38.75;2.86583137512207
2026-03-09;-6.75;-38.25;0.440931499004364
2026-03-09;-6.75;-37.75;8.925578117370605
2026-03-09;-6.75;-37.25;20.43780326843262
2026-03-09;-6.25;-41.25;0.0
2026-03-09;-6.25;-40.75;0.0
2026-03-09;-6.25;-40.25;0.8489863872528076
2026-03-09;-6.25;-39.75;0.8515888452529907
2026-03-09;-6.25;-39.25;0.4476759433746338
2026-03-09;-6.25;-38.75;1.308832049369812
2026-03-09;-6.25;-38.25;3.624943256378174
2026-03-09;-6.25;-37.75;12.92531681060791
2026-03-09;-6.25;-37.25;30.11921119689941
2026-03-09;-5.75;-41.25;0.0
2026-03-09;-5.75;-40.75;0.0
2026-03-09;-5.75;-40.25;0.4518468677997589
2026-03-09;-5.75;-39.75;2.1704421043396
2026-03-09;-5.75;-39.25;3.304396390914917
2026-03-09;-5.75;-38.75;7.282558917999268
2026-03-09;-5.75;-38.25;8.115285873413086
2026-03-09;-5.75;-37.75;4.829809665679932
2026-03-09;-5.75;-37.25;10.79053497314453
2026-03-09;-5.25;-41.25;0.0
2026-03-09;-5.25;-40.75;0.0
2026-03-09;-5.25;-40.25;0.7445330619812012
2026-03-09;-5.25;-39.75;1.647565007209778
2026-03-09;-5.25;-39.25;1.598440527915955
2026-03-09;-5.25;-38.75;10.03971385955811
2026-03-09;-5.25;-38.25;15.53751754760742
2026-03-09;-5.25;-37.75;8.513192176818848
2026-03-09;-5.25;-37.25;4.486270904541016
2026-03-09;-4.75;-41.25;1.227254748344421
2026-03-09;-4.75;-40.75;0.0
2026-03-09;-4.75;-40.25;1.425338625907898
2026-03-09;-4.75;-39.75;3.817994356155396
2026-03-09;-4.75;-39.25;5.993790626525879
2026-03-09;-4.75;-38.75;11.87992858886719
2026-03-09;-4.75;-38.25;15.73068618774414
2026-03-09;-4.75;-37.75;13.21912384033203
2026-03-09;-4.75;-37.25;7.054279804229736
2026-03-09;-4.25;-41.25;1.700989007949829
2026-03-09;-4.25;-40.75;0.2234933823347092
2026-03-09;-4.25;-40.25;3.764043092727661
2026-03-09;-4.25;-39.75;8.221620559692383
2026-03-09;-4.25;-39.25;12.28530883789062
2026-03-09;-4.25;-38.75;16.04252815246582
2026-03-09;-4.25;-38.25;17.33824729919434
2026-03-09;-4.25;-37.75;16.04910469055176
2026-03-09;-4.25;-37.25;
2026-03-09;-3.75;-41.25;1.331503748893738
2026-03-09;-3.75;-40.75;1.42650043964386
2026-03-09;-3.75;-40.25;9.867486000061035
2026-03-09;-3.75;-39.75;13.86506366729736
2026-03-09;-3.75;-39.25;16.77932929992676
2026-03-09;-3.75;-38.75;19.15037155151367
2026-03-09;-3.75;-38.25;19.52361488342285
2026-03-09;-3.75;-37.75;
2026-03-09;-3.75;-37.25;
2026-03-09;-3.25;-41.25;0.0
2026-03-09;-3.25;-40.75;12.78122425079346
2026-03-09;-3.25;-40.25;16.87914848327637
2026-03-09;-3.25;-39.75;18.32730674743652
2026-03-09;-3.25;-39.25;19.10031509399414
2026-03-09;-3.25;-38.75;19.68704032897949
2026-03-09;-3.25;-38.25;
2026-03-09;-3.25;-37.75;
2026-03-09;-3.25;-37.25;
2026-03-09;-2.75;-41.25;0.0
2026-03-09;-2.75;-40.75;15.00325870513916
2026-03-09;-2.75;-40.25;18.87983322143555
2026-03-09;-2.75;-39.75;19.58206367492676
2026-03-09;-2.75;-39.25;
2026-03-09;-2.75;-38.75;
2026-03-09;-2.75;-38.25;
2026-03-09;-2.75;-37.75;
2026-03-09;-2.75;-37.25;
2026-03-10;-7.75;-41.25;386.4361572265625
2026-03-10;-7.75;-40.75;337.9166564941406
2026-03-10;-7.75;-40.25;191.1750946044922
2026-03-10;-7.75;-39.75;120.5143966674805
2026-03-10;-7.75;-39.25;58.86891937255859
2026-03-10;-7.75;-38.75;35.75236892700195
2026-03-10;-7.75;-38.25;22.23063659667969
2026-03-10;-7.75;-37.75;22.12510108947754
2026-03-10;-7.75;-37.25;20.15963172912598
2026-03-10;-7.25;-41.25;265.2125854492188
2026-03-10;-7.25;-40.75;277.5634155273438
2026-03-10;-7.25;-40.25;207.6025238037109
2026-03-10;-7.25;-39.75;118.0547027587891
2026-03-10;-7.25;-39.25;54.17082977294922
2026-03-10;-7.25;-38.75;21.72019958496094
2026-03-10;-7.25;-38.25;11.54555034637451
2026-03-10;-7.25;-37.75;3.684616088867188
2026-03-10;-7.25;-37.25;0.3716145753860474
2026-03-10;-6.75;-41.25;124.3838500976562
2026-03-10;-6.75;-40.75;167.4153594970703
2026-03-10;-6.75;-40.25;152.8715057373047
2026-03-10;-6.75;-39.75;81.07115173339844
2026-03-10;-6.75;-39.25;29.2353515625
2026-03-10;-6.75;-38.75;12.38253879547119
2026-03-10;-6.75;-38.25;10.88492870330811
2026-03-10;-6.75;-37.75;8.355259895324707
2026-03-10;-6.75;-37.25;6.389416694641113
2026-03-10;-6.25;-41.25;57.34609985351562
2026-03-10;-6.25;-40.75;68.71431732177734
2026-03-10;-6.25;-40.25;50.60214233398438
2026-03-10;-6.25;-39.75;18.13322257995605
2026-03-10;-6.25;-39.25;5.978250026702881
2026-03-10;-6.25;-38.75;9.013911247253418
2026-03-10;-6.25;-38.25;10.28634834289551
2026-03-10;-6.25;-37.75;9.909647941589355
2026-03-10;-6.25;-37.25;10.10013866424561
2026-03-10;-5.75;-41.25;46.00953674316406
2026-03-10;-5.75;-40.75;31.71272850036621
2026-03-10;-5.75;-40.25;11.24613475799561
2026-03-10;-5.75;-39.75;3.327151298522949
2026-03-10;-5.75;-39.25;3.032146692276001
2026-03-10;-5.75;-38.75;6.38185977935791
2026-03-10;-5.75;-38.25;9.235452651977539
2026-03-10;-5.75;-37.75;9.564260482788086
2026-03-10;-5.75;-37.25;6.055436611175537
2026-03-10;-5.25;-41.25;50.34592056274414
2026-03-10;-5.25;-40.75;21.43355941772461
2026-03-10;-5.25;-40.25;3.960911512374878
2026-03-10;-5.25;-39.75;1.116492390632629
2026-03-10;-5.25;-39.25;1.027991890907288
2026-03-10;-5.25;-38.75;5.667269229888916
2026-03-10;-5.25;-38.25;8.897547721862793
2026-03-10;-5.25;-37.75;8.624750137329102
2026-03-10;-5.25;-37.25;4.246721744537354
2026-03-10;-4.75;-41.25;57.38980865478516
2026-03-10;-4.75;-40.75;15.01497459411621
2026-03-10;-4.75;-40.25;1.661878228187561
2026-03-10;-4.75;-39.75;2.742406129837036
2026-03-10;-4.75;-39.25;4.208888530731201
2026-03-10;-4.75;-38.75;7.620707035064697
2026-03-10;-4.75;-38.25;9.356856346130371
2026-03-10;-4.75;-37.75;9.046975135803223
2026-03-10;-4.75;-37.25;4.698192596435547
2026-03-10;-4.25;-41.25;65.11547088623047
2026-03-10;-4.25;-40.75;12.93953990936279
2026-03-10;-4.25;-40.25;3.645622968673706
2026-03-10;-4.25;-39.75;7.216836929321289
2026-03-10;-4.25;-39.25;10.45388698577881
2026-03-10;-4.25;-38.75;13.83720779418945
2026-03-10;-4.25;-38.25;14.42506122589111
2026-03-10;-4.25;-37.75;12.74256801605225
2026-03-10;-4.25;-37.25;
2026-03-10;-3.75;-41.25;79.64401245117188
2026-03-10;-3.75;-40.75;14.77047920227051
2026-03-10;-3.75;-40.25;10.03634738922119
2026-03-10;-3.75;-39.75;13.49868106842041
2026-03-10;-3.75;-39.25;16.01812934875488
2026-03-10;-3.75;-38.75;18.80155563354492
2026-03-10;-3.75;-38.25;18.80163192749023
2026-03-10;-3.75;-37.75;
2026-03-10;-3.75;-37.25;
2026-03-10;-3.25;-41.25;113.95849609375
2026-03-10;-3.25;-40.75;30.57697105407715
2026-03-10;-3.25;-40.25;17.14815330505371
2026-03-10;-3.25;-39.75;18.42565155029297
2026-03-10;-3.25;-39.25;19.0145149230957
2026-03-10;-3.25;-38.75;19.52736663818359
2026-03-10;-3.25;-38.25;
2026-03-10;-3.25;-37.75;
2026-03-10;-3.25;-37.25;
2026-03-10;-2.75;-41.25;122.3089828491211
2026-03-10;-2.75;-40.75;40.51637649536133
2026-03-10;-2.75;-40.25;19.26775741577148
2026-03-10;-2.75;-39.75;19.78306579589844
2026-03-10;-2.75;-39.25;
2026-03-10;-2.75;-38.75;
2026-03-10;-2.75;-38.25;
2026-03-10;-2.75;-37.75;
2026-03-10;-2.75;-37.25;
2026-03-11;-7.75;-41.25;19.66726684570312
2026-03-11;-7.75;-40.75;37.490234375
2026-03-11;-7.75;-40.25;105.2057723999023
2026-03-11;-7.75;-39.75;88.85479736328125
2026-03-11;-7.75;-39.25;24.13106536865234
2026-03-11;-7.75;-38.75;8.322266578674316
2026-03-11;-7.75;-38.25;1.669760704040527
2026-03-11;-7.75;-37.75;4.172475337982178
2026-03-11;-7.75;-37.25;1.537902235984802
2026-03-11;-7.25;-41.25;94.971923828125
2026-03-11;-7.25;-40.75;67.8805160522461
2026-03-11;-7.25;-40.25;113.781120300293
2026-03-11;-7.25;-39.75;110.3005218505859
2026-03-11;-7.25;-39.25;61.80376052856445
2026-03-11;-7.25;-38.75;40.33578872680664
2026-03-11;-7.25;-38.25;16.89858245849609
2026-03-11;-7.25;-37.75;34.01907348632812
2026-03-11;-7.25;-37.25;32.26090240478516
2026-03-11;-6.75;-41.25;150.8077239990234
2026-03-11;-6.75;-40.75;123.2495040893555
2026-03-11;-6.75;-40.25;136.1034240722656
2026-03-11;-6.75;-39.75;133.3693389892578
2026-03-11;-6.75;-39.25;152.6033477783203
2026-03-11;-6.75;-38.75;76.30677032470703
2026-03-11;-6.75;-38.25;31.61064529418945
2026-03-11;-6.75;-37.75;17.82301330566406
2026-03-11;-6.75;-37.25;14.76121044158936
2026-03-11;-6.25;-41.25;118.4072418212891
2026-03-11;-6.25;-40.75;109.741569519043
2026-03-11;-6.25;-40.25;130.6275177001953
2026-03-11;-6.25;-39.75;142.2023010253906
2026-03-11;-6.25;-39.25;188.5641479492188
2026-03-11;-6.25;-38.75;47.77939987182617
2026-03-11;-6.25;-38.25;16.62906646728516
2026-03-11;-6.25;-37.75;2.359699010848999
2026-03-11;-6.25;-37.25;0.0
2026-03-11;-5.75;-41.25;40.17001342773438
2026-03-11;-5.75;-40.75;22.5719108581543
2026-03-11;-5.75;-40.25;40.66475677490234
2026-03-11;-5.75;-39.75;45.45011901855469
2026-03-11;-5.75;-39.25;32.16701889038086
2026-03-11;-5.75;-38.75;4.801735401153564
2026-03-11;-5.75;-38.25;0.3839526772499084
2026-03-11;-5.75;-37.75;0.2145233303308487
2026-03-11;-5.75;-37.25;0.0
2026-03-11;-5.25;-41.25;5.301794052124023
2026-03-11;-5.25;-40.75;4.686222076416016
2026-03-11;-5.25;-40.25;9.511879920959473
2026-03-11;-5.25;-39.75;3.116304159164429
2026-03-11;-5.25;-39.25;0.0
2026-03-11;-5.25;-38.75;0.0
2026-03-11;-5.25;-38.25;0.5461928844451904
2026-03-11;-5.25;-37.75;0.0
2026-03-11;-5.25;-37.25;0.0
2026-03-11;-4.75;-41.25;4.890670299530029
2026-03-11;-4.75;-40.75;11.78997230529785
2026-03-11;-4.75;-40.25;41.73913192749023
2026-03-11;-4.75;-39.75;26.5767822265625
2026-03-11;-4.75;-39.25;2.979974269866943
2026-03-11;-4.75;-38.75;0.0
2026-03-11;-4.75;-38.25;0.0
2026-03-11;-4.75;-37.75;0.0
2026-03-11;-4.75;-37.25;0.0
2026-03-11;-4.25;-41.25;12.38411045074463
2026-03-11;-4.25;-40.75;10.48311424255371
2026-03-11;-4.25;-40.25;50.64297485351562
2026-03-11;-4.25;-39.75;45.01084518432617
2026-03-11;-4.25;-39.25;15.37319469451904
2026-03-11;-4.25;-38.75;4.571881771087646
2026-03-11;-4.25;-38.25;1.912701368331909
2026-03-11;-4.25;-37.75;0.0
2026-03-11;-4.25;-37.25;
2026-03-11;-3.75;-41.25;28.20648002624512
2026-03-11;-3.75;-40.75;8.793689727783203
2026-03-11;-3.75;-40.25;21.00215530395508
2026-03-11;-3.75;-39.75;27.33491516113281
2026-03-11;-3.75;-39.25;11.82633113861084
2026-03-11;-3.75;-38.75;6.49578332901001
2026-03-11;-3.75;-38.25;4.663291931152344
2026-03-11;-3.75;-37.75;
2026-03-11;-3.75;-37.25;
2026-03-11;-3.25;-41.25;47.49551391601562
2026-03-11;-3.25;-40.75;23.78233909606934
2026-03-11;-3.25;-40.25;38.59545135498047
2026-03-11;-3.25;-39.75;39.81127548217773
2026-03-11;-3.25;-39.25;19.41536521911621
2026-03-11;-3.25;-38.75;8.80213451385498
2026-03-11;-3.25;-38.25;
2026-03-11;-3.25;-37.75;
2026-03-11;-3.25;-37.25;
2026-03-11;-2.75;-41.25;58.0330696105957
2026-03-11;-2.75;-40.75;46.83556365966797
2026-03-11;-2.75;-40.25;58.61575698852539
2026-03-11;-2.75;-39.75;58.16401672363281
2026-03-11;-2.75;-39.25;
2026-03-11;-2.75;-38.75;
2026-03-11;-2.75;-38.25;
2026-03-11;-2.75;-37.75;
2026-03-11;-2.75;-37.25;
2026-03-12;-7.75;-41.25;0.0
2026-03-12;-7.75;-40.75;0.0
2026-03-12;-7.75;-40.25;0.3299409449100494
2026-03-12;-7.75;-39.75;14.95081233978271
2026-03-12;-7.75;-39.25;45.54310607910156
2026-03-12;-7.75;-38.75;29.57597160339355
2026-03-12;-7.75;-38.25;1.472901225090027
2026-03-12;-7.75;-37.75;0.0
2026-03-12;-7.75;-37.25;0.0
2026-03-12;-7.25;-41.25;0.0
2026-03-12;-7.25;-40.75;0.5293349027633667
2026-03-12;-7.25;-40.25;9.248259544372559
2026-03-12;-7.25;-39.75;56.49203109741211
2026-03-12;-7.25;-39.25;126.8752288818359
2026-03-12;-7.25;-38.75;107.7450942993164
2026-03-12;-7.25;-38.25;12.00002193450928
2026-03-12;-7.25;-37.75;0.7699989676475525
2026-03-12;-7.25;-37.25;0.0
2026-03-12;-6.75;-41.25;0.0
2026-03-12;-6.75;-40.75;5.279979705810547
2026-03-12;-6.75;-40.25;21.29665565490723
2026-03-12;-6.75;-39.75;33.1054801940918
2026-03-12;-6.75;-39.25;81.09506225585938
2026-03-12;-6.75;-38.75;103.2209930419922
2026-03-12;-6.75;-38.25;29.92181205749512
2026-03-12;-6.75;-37.75;0.7450072765350342
2026-03-12;-6.75;-37.25;0.0
2026-03-12;-6.25;-41.25;0.0
2026-03-12;-6.25;-40.75;4.348032474517822
2026-03-12;-6.25;-40.25;20.09940338134766
2026-03-12;-6.25;-39.75;25.94915199279785
2026-03-12;-6.25;-39.25;69.0726089477539
2026-03-12;-6.25;-38.75;82.80250549316406
2026-03-12;-6.25;-38.25;34.81785583496094
2026-03-12;-6.25;-37.75;21.65003776550293
2026-03-12;-6.25;-37.25;0.6112505793571472
2026-03-12;-5.75;-41.25;0.0
2026-03-12;-5.75;-40.75;0.5616966485977173
2026-03-12;-5.75;-40.25;6.811602115631104
2026-03-12;-5.75;-39.75;9.357247352600098
2026-03-12;-5.75;-39.25;11.76529502868652
2026-03-12;-5.75;-38.75;5.385262489318848
2026-03-12;-5.75;-38.25;28.71210670471191
2026-03-12;-5.75;-37.75;97.99858856201172
2026-03-12;-5.75;-37.25;18.5398063659668
2026-03-12;-5.25;-41.25;0.0
2026-03-12;-5.25;-40.75;0.0
2026-03-12;-5.25;-40.25;0.0
2026-03-12;-5.25;-39.75;0.0
2026-03-12;-5.25;-39.25;0.0
2026-03-12;-5.25;-38.75;0.0
2026-03-12;-5.25;-38.25;2.572041749954224
2026-03-12;-5.25;-37.75;38.30008697509766
2026-03-12;-5.25;-37.25;11.73205661773682
2026-03-12;-4.75;-41.25;0.0
2026-03-12;-4.75;-40.75;0.0
2026-03-12;-4.75;-40.25;0.0
2026-03-12;-4.75;-39.75;0.0
2026-03-12;-4.75;-39.25;0.0
2026-03-12;-4.75;-38.75;0.0
2026-03-12;-4.75;-38.25;2.82644248008728
2026-03-12;-4.75;-37.75;13.29452133178711
2026-03-12;-4.75;-37.25;10.25578784942627
2026-03-12;-4.25;-41.25;0.0
2026-03-12;-4.25;-40.75;0.0
2026-03-12;-4.25;-40.25;0.0
2026-03-12;-4.25;-39.75;0.0
2026-03-12;-4.25;-39.25;2.031900644302368
2026-03-12;-4.25;-38.75;4.599238872528076
2026-03-12;-4.25;-38.25;8.069847106933594
2026-03-12;-4.25;-37.75;14.01526832580566
2026-03-12;-4.25;-37.25;
2026-03-12;-3.75;-41.25;34.68806457519531
2026-03-12;-3.75;-40.75;11.91201591491699
2026-03-12;-3.75;-40.25;33.73409652709961
2026-03-12;-3.75;-39.75;27.92219352722168
2026-03-12;-3.75;-39.25;5.849071979522705
2026-03-12;-3.75;-38.75;5.799654960632324
2026-03-12;-3.75;-38.25;7.536471843719482
2026-03-12;-3.75;-37.75;
2026-03-12;-3.75;-37.25;
2026-03-12;-3.25;-41.25;177.7863311767578
2026-03-12;-3.25;-40.75;83.32676696777344
2026-03-12;-3.25;-40.25;81.61463928222656
2026-03-12;-3.25;-39.75;54.42181015014648
2026-03-12;-3.25;-39.25;21.36697006225586
2026-03-12;-3.25;-38.75;7.761185646057129
2026-03-12;-3.25;-38.25;
2026-03-12;-3.25;-37.75;
2026-03-12;-3.25;-37.25;
2026-03-12;-2.75;-41.25;243.4616851806641
2026-03-12;-2.75;-40.75;146.2820587158203
2026-03-12;-2.75;-40.25;63.7180061340332
2026-03-12;-2.75;-39.75;48.82670211791992
2026-03-12;-2.75;-39.25;
2026-03-12;-2.75;-38.75;
2026-03-12;-2.75;-38.25;
2026-03-12;-2.75;-37.75;
2026-03-12;-2.75;-37.25;
2026-03-13;-7.75;-41.25;0.0
2026-03-13;-7.75;-40.75;0.0
2026-03-13;-7.75;-40.25;1.499399781227112
2026-03-13;-7.75;-39.75;5.215519428253174
2026-03-13;-7.75;-39.25;5.569342136383057
2026-03-13;-7.75;-38.75;19.90839004516602
2026-03-13;-7.75;-38.25;41.48838043212891
2026-03-13;-7.75;-37.75;17.7852897644043
2026-03-13;-7.75;-37.25;0.0
2026-03-13;-7.25;-41.25;3.508933305740356
2026-03-13;-7.25;-40.75;1.119155049324036
2026-03-13;-7.25;-40.25;7.125844955444336
2026-03-13;-7.25;-39.75;10.57943534851074
2026-03-13;-7.25;-39.25;13.49623584747314
2026-03-13;-7.25;-38.75;17.62884330749512
2026-03-13;-7.25;-38.25;31.45522117614746
2026-03-13;-7.25;-37.75;19.8403205871582
2026-03-13;-7.25;-37.25;1.754371881484985
2026-03-13;-6.75;-41.25;10.53748035430908
2026-03-13;-6.75;-40.75;9.499433517456055
2026-03-13;-6.75;-40.25;7.815295219421387
2026-03-13;-6.75;-39.75;7.816153049468994
2026-03-13;-6.75;-39.25;5.041808605194092
2026-03-13;-6.75;-38.75;1.327722191810608
2026-03-13;-6.75;-38.25;9.706327438354492
2026-03-13;-6.75;-37.75;22.43519973754883
2026-03-13;-6.75;-37.25;1.339363217353821
2026-03-13;-6.25;-41.25;10.59901523590088
2026-03-13;-6.25;-40.75;8.743815422058105
2026-03-13;-6.25;-40.25;7.114906787872314
2026-03-13;-6.25;-39.75;6.485509872436523
2026-03-13;-6.25;-39.25;3.292389869689941
2026-03-13;-6.25;-38.75;0.0
2026-03-13;-6.25;-38.25;6.858454704284668
2026-03-13;-6.25;-37.75;8.455097198486328
2026-03-13;-6.25;-37.25;0.0
2026-03-13;-5.75;-41.25;1.887288331985474
2026-03-13;-5.75;-40.75;0.4151618480682373
2026-03-13;-5.75;-40.25;4.362678527832031
2026-03-13;-5.75;-39.75;5.519374370574951
2026-03-13;-5.75;-39.25;3.260867118835449
2026-03-13;-5.75;-38.75;3.182462453842163
2026-03-13;-5.75;-38.25;22.72419166564941
2026-03-13;-5.75;-37.75;31.56377410888672
2026-03-13;-5.75;-37.25;0.0
2026-03-13;-5.25;-41.25;0.0
2026-03-13;-5.25;-40.75;0.0
2026-03-13;-5.25;-40.25;9.304205894470215
2026-03-13;-5.25;-39.75;16.41141891479492
2026-03-13;-5.25;-39.25;19.34458351135254
2026-03-13;-5.25;-38.75;22.35004425048828
2026-03-13;-5.25;-38.25;58.80095672607422
2026-03-13;-5.25;-37.75;50.48615264892578
2026-03-13;-5.25;-37.25;8.869195938110352
2026-03-13;-4.75;-41.25;7.30764102935791
2026-03-13;-4.75;-40.75;1.719127297401428
2026-03-13;-4.75;-40.25;19.77795600891113
2026-03-13;-4.75;-39.75;27.04864692687988
2026-03-13;-4.75;-39.25;23.40456771850586
2026-03-13;-4.75;-38.75;29.24928855895996
2026-03-13;-4.75;-38.25;60.86978149414062
2026-03-13;-4.75;-37.75;105.165168762207
2026-03-13;-4.75;-37.25;71.3093490600586
2026-03-13;-4.25;-41.25;55.23071670532227
2026-03-13;-4.25;-40.75;17.47650337219238
2026-03-13;-4.25;-40.25;28.21284675598145
2026-03-13;-4.25;-39.75;35.57402038574219
2026-03-13;-4.25;-39.25;11.98710155487061
2026-03-13;-4.25;-38.75;11.57564640045166
2026-03-13;-4.25;-38.25;47.79003524780273
2026-03-13;-4.25;-37.75;96.54186248779297
2026-03-13;-4.25;-37.25;
2026-03-13;-3.75;-41.25;114.2758712768555
2026-03-13;-3.75;-40.75;57.85147857666016
2026-03-13;-3.75;-40.25;84.29735565185547
2026-03-13;-3.75;-39.75;58.06274032592773
2026-03-13;-3.75;-39.25;6.01456356048584
2026-03-13;-3.75;-38.75;0.8039071559906006
2026-03-13;-3.75;-38.25;13.67353248596191
2026-03-13;-3.75;-37.75;
2026-03-13;-3.75;-37.25;
2026-03-13;-3.25;-41.25;300.9668273925781
2026-03-13;-3.25;-40.75;146.6881408691406
2026-03-13;-3.25;-40.25;157.4860229492188
2026-03-13;-3.25;-39.75;141.5562133789062
2026-03-13;-3.25;-39.25;48.06612014770508
2026-03-13;-3.25;-38.75;7.758409023284912
2026-03-13;-3.25;-38.25;
2026-03-13;-3.25;-37.75;
2026-03-13;-3.25;-37.25;
2026-03-13;-2.75;-41.25;322.7759399414062
2026-03-13;-2.75;-40.75;240.9700927734375
2026-03-13;-2.75;-40.25;210.0336151123047
2026-03-13;-2.75;-39.75;198.4371948242188
2026-03-13;-2.75;-39.25;
2026-03-13;-2.75;-38.75;
2026-03-13;-2.75;-38.25;
2026-03-13;-2.75;-37.75;
2026-03-13;-2.75;-37.25;
2026-03-14;-7.75;-41.25;12.03457546234131
2026-03-14;-7.75;-40.75;10.7862720489502
2026-03-14;-7.75;-40.25;5.561965465545654
2026-03-14;-7.75;-39.75;0.0
2026-03-14;-7.75;-39.25;0.4005433619022369
2026-03-14;-7.75;-38.75;8.285847663879395
2026-03-14;-7.75;-38.25;18.46198272705078
2026-03-14;-7.75;-37.75;5.449910163879395
2026-03-14;-7.75;-37.25;0.0
2026-03-14;-7.25;-41.25;14.77146339416504
2026-03-14;-7.25;-40.75;9.5679931640625
2026-03-14;-7.25;-40.25;2.890120029449463
2026-03-14;-7.25;-39.75;0.0
2026-03-14;-7.25;-39.25;0.7037969827651978
2026-03-14;-7.25;-38.75;8.786905288696289
2026-03-14;-7.25;-38.25;10.39512634277344
2026-03-14;-7.25;-37.75;0.9463540315628052
2026-03-14;-7.25;-37.25;0.0
2026-03-14;-6.75;-41.25;8.934300422668457
2026-03-14;-6.75;-40.75;2.77452540397644
2026-03-14;-6.75;-40.25;0.9716792702674866
2026-03-14;-6.75;-39.75;0.8478372693061829
2026-03-14;-6.75;-39.25;0.2965830564498901
2026-03-14;-6.75;-38.75;1.107738375663757
2026-03-14;-6.75;-38.25;0.0
2026-03-14;-6.75;-37.75;0.2900260090827942
2026-03-14;-6.75;-37.25;0.0
2026-03-14;-6.25;-41.25;2.795145034790039
2026-03-14;-6.25;-40.75;1.387062907218933
2026-03-14;-6.25;-40.25;1.85845947265625
2026-03-14;-6.25;-39.75;1.960909008979797
2026-03-14;-6.25;-39.25;0.0
2026-03-14;-6.25;-38.75;0.0
2026-03-14;-6.25;-38.25;0.0
2026-03-14;-6.25;-37.75;0.4142265319824219
2026-03-14;-6.25;-37.25;0.0
2026-03-14;-5.75;-41.25;3.434034585952759
2026-03-14;-5.75;-40.75;0.6876412630081177
2026-03-14;-5.75;-40.25;5.613605976104736
2026-03-14;-5.75;-39.75;9.78612232208252
2026-03-14;-5.75;-39.25;11.26779174804688
2026-03-14;-5.75;-38.75;0.3489798009395599
2026-03-14;-5.75;-38.25;0.0
2026-03-14;-5.75;-37.75;0.0
2026-03-14;-5.75;-37.25;0.0
2026-03-14;-5.25;-41.25;4.9918212890625
2026-03-14;-5.25;-40.75;1.96546196937561
2026-03-14;-5.25;-40.25;6.080726146697998
2026-03-14;-5.25;-39.75;3.458153009414673
2026-03-14;-5.25;-39.25;1.750555157661438
2026-03-14;-5.25;-38.75;0.0
2026-03-14;-5.25;-38.25;0.6842561364173889
2026-03-14;-5.25;-37.75;0.0
2026-03-14;-5.25;-37.25;0.0
2026-03-14;-4.75;-41.25;10.14511299133301
2026-03-14;-4.75;-40.75;7.237291812896729
2026-03-14;-4.75;-40.25;18.97283172607422
2026-03-14;-4.75;-39.75;7.296225070953369
2026-03-14;-4.75;-39.25;0.0
2026-03-14;-4.75;-38.75;3.016189575195312
2026-03-14;-4.75;-38.25;1.886202216148376
2026-03-14;-4.75;-37.75;3.119739532470703
2026-03-14;-4.75;-37.25;2.235305547714233
2026-03-14;-4.25;-41.25;49.69360733032227
2026-03-14;-4.25;-40.75;14.42574787139893
2026-03-14;-4.25;-40.25;23.98059272766113
2026-03-14;-4.25;-39.75;12.40355777740479
2026-03-14;-4.25;-39.25;25.91954231262207
2026-03-14;-4.25;-38.75;94.49046325683594
2026-03-14;-4.25;-38.25;74.57382202148438
2026-03-14;-4.25;-37.75;26.9632740020752
2026-03-14;-4.25;-37.25;
2026-03-14;-3.75;-41.25;51.61529541015625
2026-03-14;-3.75;-40.75;15.82706546783447
2026-03-14;-3.75;-40.25;9.467376708984375
2026-03-14;-3.75;-39.75;9.1806001663208
2026-03-14;-3.75;-39.25;26.07700729370117
2026-03-14;-3.75;-38.75;116.2069473266602
2026-03-14;-3.75;-38.25;135.8534545898438
2026-03-14;-3.75;-37.75;
2026-03-14;-3.75;-37.25;
2026-03-14;-3.25;-41.25;13.04909324645996
2026-03-14;-3.25;-40.75;3.373199462890625
2026-03-14;-3.25;-40.25;3.376925945281982
2026-03-14;-3.25;-39.75;6.937896728515625
2026-03-14;-3.25;-39.25;32.33922958374023
2026-03-14;-3.25;-38.75;94.98981475830078
2026-03-14;-3.25;-38.25;
2026-03-14;-3.25;-37.75;
2026-03-14;-3.25;-37.25;
2026-03-14;-2.75;-41.25;16.82461738586426
2026-03-14;-2.75;-40.75;5.843811511993408
2026-03-14;-2.75;-40.25;6.881392478942871
2026-03-14;-2.75;-39.75;7.205474853515625
2026-03-14;-2.75;-39.25;
2026-03-14;-2.75;-38.75;
2026-03-14;-2.75;-38.25;
2026-03-14;-2.75;-37.75;
2026-03-14;-2.75;-37.25;
2026-03-15;-7.75;-41.25;1.433383464813232
2026-03-15;-7.75;-40.75;1.809150695800781
2026-03-15;-7.75;-40.25;0.861217737197876
2026-03-15;-7.75;-39.75;0.0
2026-03-15;-7.75;-39.25;0.0
2026-03-15;-7.75;-38.75;2.974515199661255
2026-03-15;-7.75;-38.25;9.493817329406738
2026-03-15;-7.75;-37.75;4.626626968383789
2026-03-15;-7.75;-37.25;9.04674243927002
2026-03-15;-7.25;-41.25;0.4732156693935394
2026-03-15;-7.25;-40.75;1.105679035186768
2026-03-15;-7.25;-40.25;0.2270962446928024
2026-03-15;-7.25;-39.75;0.0
2026-03-15;-7.25;-39.25;0.0
2026-03-15;-7.25;-38.75;1.700589776039124
2026-03-15;-7.25;-38.25;5.386343955993652
2026-03-15;-7.25;-37.75;0.5294061899185181
2026-03-15;-7.25;-37.25;9.42291259765625
2026-03-15;-6.75;-41.25;0.5740444660186768
2026-03-15;-6.75;-40.75;0.0
2026-03-15;-6.75;-40.25;0.0
2026-03-15;-6.75;-39.75;0.0
2026-03-15;-6.75;-39.25;0.0
2026-03-15;-6.75;-38.75;0.413777619600296
2026-03-15;-6.75;-38.25;0.0
2026-03-15;-6.75;-37.75;0.0
2026-03-15;-6.75;-37.25;0.0
2026-03-15;-6.25;-41.25;4.521556377410889
2026-03-15;-6.25;-40.75;0.0
2026-03-15;-6.25;-40.25;1.280210137367249
2026-03-15;-6.25;-39.75;2.310227870941162
2026-03-15;-6.25;-39.25;2.671076059341431
2026-03-15;-6.25;-38.75;2.144050121307373
2026-03-15;-6.25;-38.25;0.476113498210907
2026-03-15;-6.25;-37.75;0.0
2026-03-15;-6.25;-37.25;0.0
2026-03-15;-5.75;-41.25;8.158865928649902
2026-03-15;-5.75;-40.75;1.953930974006653
2026-03-15;-5.75;-40.25;22.77869987487793
2026-03-15;-5.75;-39.75;37.77402496337891
2026-03-15;-5.75;-39.25;42.30986022949219
2026-03-15;-5.75;-38.75;8.626948356628418
2026-03-15;-5.75;-38.25;18.09006690979004
2026-03-15;-5.75;-37.75;31.80850791931152
2026-03-15;-5.75;-37.25;0.0
2026-03-15;-5.25;-41.25;1.542281985282898
2026-03-15;-5.25;-40.75;0.3371906280517578
2026-03-15;-5.25;-40.25;21.55434989929199
2026-03-15;-5.25;-39.75;41.18948364257812
2026-03-15;-5.25;-39.25;32.56813430786133
2026-03-15;-5.25;-38.75;15.80204105377197
2026-03-15;-5.25;-38.25;42.40904235839844
2026-03-15;-5.25;-37.75;61.79055023193359
2026-03-15;-5.25;-37.25;6.60772180557251
2026-03-15;-4.75;-41.25;6.002830028533936
2026-03-15;-4.75;-40.75;0.5829737782478333
2026-03-15;-4.75;-40.25;4.395540237426758
2026-03-15;-4.75;-39.75;19.88329887390137
2026-03-15;-4.75;-39.25;22.80778121948242
2026-03-15;-4.75;-38.75;13.32809925079346
2026-03-15;-4.75;-38.25;24.70918083190918
2026-03-15;-4.75;-37.75;22.8485050201416
2026-03-15;-4.75;-37.25;10.34637451171875
2026-03-15;-4.25;-41.25;41.94340133666992
2026-03-15;-4.25;-40.75;5.483185768127441
2026-03-15;-4.25;-40.25;2.100147008895874
2026-03-15;-4.25;-39.75;4.471802234649658
2026-03-15;-4.25;-39.25;6.52468204498291
2026-03-15;-4.25;-38.75;8.493328094482422
2026-03-15;-4.25;-38.25;14.94570541381836
2026-03-15;-4.25;-37.75;13.96397399902344
2026-03-15;-4.25;-37.25;
2026-03-15;-3.75;-41.25;43.78262710571289
2026-03-15;-3.75;-40.75;15.18502235412598
2026-03-15;-3.75;-40.25;5.610630035400391
2026-03-15;-3.75;-39.75;4.496452808380127
2026-03-15;-3.75;-39.25;2.898989677429199
2026-03-15;-3.75;-38.75;7.412023544311523
2026-03-15;-3.75;-38.25;10.15673446655273
2026-03-15;-3.75;-37.75;
2026-03-15;-3.75;-37.25;
2026-03-15;-3.25;-41.25;4.021640300750732
2026-03-15;-3.25;-40.75;2.064435720443726
2026-03-15;-3.25;-40.25;3.689015865325928
2026-03-15;-3.25;-39.75;1.763318419456482
2026-03-15;-3.25;-39.25;3.877063989639282
2026-03-15;-3.25;-38.75;6.45189905166626
2026-03-15;-3.25;-38.25;
2026-03-15;-3.25;-37.75;
2026-03-15;-3.25;-37.25;
2026-03-15;-2.75;-41.25;1.695985913276672
2026-03-15;-2.75;-40.75;0.4009072780609131
2026-03-15;-2.75;-40.25;0.0
2026-03-15;-2.75;-39.75;0.0
2026-03-15;-2.75;-39.25;
2026-03-15;-2.75;-38.75;
2026-03-15;-2.75;-38.25;
2026-03-15;-2.75;-37.75;
2026-03-15;-2.75;-37.25;
2026-03-16;-7.75;-41.25;37.08662796020508
2026-03-16;-7.75;-40.75;46.26946640014648
2026-03-16;-7.75;-40.25;56.70534515380859
2026-03-16;-7.75;-39.75;41.1870002746582
2026-03-16;-7.75;-39.25;4.491528034210205
2026-03-16;-7.75;-38.75;2.447611093521118
2026-03-16;-7.75;-38.25;15.35214138031006
2026-03-16;-7.75;-37.75;45.79330062866211
2026-03-16;-7.75;-37.25;30.63443756103516
2026-03-16;-7.25;-41.25;20.910400390625
2026-03-16;-7.25;-40.75;38.09908294677734
2026-03-16;-7.25;-40.25;39.76435470581055
2026-03-16;-7.25;-39.75;15.41040134429932
2026-03-16;-7.25;-39.25;1.572969794273376
2026-03-16;-7.25;-38.75;13.17653846740723
2026-03-16;-7.25;-38.25;80.31936645507812
2026-03-16;-7.25;-37.75;219.8776702880859
2026-03-16;-7.25;-37.25;216.8269653320312
2026-03-16;-6.75;-41.25;2.062792539596558
2026-03-16;-6.75;-40.75;5.690249919891357
2026-03-16;-6.75;-40.25;3.12169361114502
2026-03-16;-6.75;-39.75;0.6552305817604065
2026-03-16;-6.75;-39.25;8.463479042053223
2026-03-16;-6.75;-38.75;30.99045562744141
2026-03-16;-6.75;-38.25;107.4334335327148
2026-03-16;-6.75;-37.75;120.6293869018555
2026-03-16;-6.75;-37.25;144.1188812255859
2026-03-16;-6.25;-41.25;18.70629501342773
2026-03-16;-6.25;-40.75;5.584585189819336
2026-03-16;-6.25;-40.25;0.0
2026-03-16;-6.25;-39.75;0.2625812888145447
2026-03-16;-6.25;-39.25;3.918083190917969
2026-03-16;-6.25;-38.75;35.97316741943359
2026-03-16;-6.25;-38.25;69.8843002319336
2026-03-16;-6.25;-37.75;19.77270698547363
2026-03-16;-6.25;-37.25;50.10891723632812
2026-03-16;-5.75;-41.25;77.34092712402344
2026-03-16;-5.75;-40.75;25.32367324829102
2026-03-16;-5.75;-40.25;2.557088136672974
2026-03-16;-5.75;-39.75;5.861265182495117
2026-03-16;-5.75;-39.25;16.81643486022949
2026-03-16;-5.75;-38.75;73.90283203125
2026-03-16;-5.75;-38.25;48.53629302978516
2026-03-16;-5.75;-37.75;2.286495208740234
2026-03-16;-5.75;-37.25;9.959071159362793
2026-03-16;-5.25;-41.25;73.4378890991211
2026-03-16;-5.25;-40.75;14.37693500518799
2026-03-16;-5.25;-40.25;1.286789298057556
2026-03-16;-5.25;-39.75;2.056640148162842
2026-03-16;-5.25;-39.25;3.934760570526123
2026-03-16;-5.25;-38.75;22.49350738525391
2026-03-16;-5.25;-38.25;25.20361137390137
2026-03-16;-5.25;-37.75;13.12011814117432
2026-03-16;-5.25;-37.25;0.6918570399284363
2026-03-16;-4.75;-41.25;26.3663272857666
2026-03-16;-4.75;-40.75;0.5683717131614685
2026-03-16;-4.75;-40.25;0.0
2026-03-16;-4.75;-39.75;0.0
2026-03-16;-4.75;-39.25;0.5300298929214478
2026-03-16;-4.75;-38.75;8.415050506591797
2026-03-16;-4.75;-38.25;11.36476039886475
2026-03-16;-4.75;-37.75;6.842097282409668
2026-03-16;-4.75;-37.25;2.793474197387695
2026-03-16;-4.25;-41.25;0.0
2026-03-16;-4.25;-40.75;0.0
2026-03-16;-4.25;-40.25;1.089032888412476
2026-03-16;-4.25;-39.75;0.0
2026-03-16;-4.25;-39.25;0.0
2026-03-16;-4.25;-38.75;0.3065897524356842
2026-03-16;-4.25;-38.25;2.505426406860352
2026-03-16;-4.25;-37.75;3.693496704101562
2026-03-16;-4.25;-37.25;
2026-03-16;-3.75;-41.25;22.74946594238281
2026-03-16;-3.75;-40.75;79.42366790771484
2026-03-16;-3.75;-40.25;44.55871963500977
2026-03-16;-3.75;-39.75;47.45598220825195
2026-03-16;-3.75;-39.25;5.032701015472412
2026-03-16;-3.75;-38.75;0.2332375347614288
2026-03-16;-3.75;-38.25;0.0
2026-03-16;-3.75;-37.75;
2026-03-16;-3.75;-37.25;
2026-03-16;-3.25;-41.25;47.43753814697266
2026-03-16;-3.25;-40.75;129.5055236816406
2026-03-16;-3.25;-40.25;187.3707275390625
2026-03-16;-3.25;-39.75;146.0315399169922
2026-03-16;-3.25;-39.25;50.62285232543945
2026-03-16;-3.25;-38.75;9.256088256835938
2026-03-16;-3.25;-38.25;
2026-03-16;-3.25;-37.75;
2026-03-16;-3.25;-37.25;
2026-03-16;-2.75;-41.25;53.48951721191406
2026-03-16;-2.75;-40.75;110.8681945800781
2026-03-16;-2.75;-40.25;199.3850555419922
2026-03-16;-2.75;-39.75;200.5508575439453
2026-03-16;-2.75;-39.25;
2026-03-16;-2.75;-38.75;
2026-03-16;-2.75;-38.25;
2026-03-16;-2.75;-37.75;
2026-03-16;-2.75;-37.25;
2026-03-17;-7.75;-41.25;3.388550519943237
2026-03-17;-7.75;-40.75;0.2298541069030762
2026-03-17;-7.75;-40.25;0.0
2026-03-17;-7.75;-39.75;0.5078760385513306
2026-03-17;-7.75;-39.25;3.502327442169189
2026-03-17;-7.75;-38.75;12.02998447418213
2026-03-17;-7.75;-38.25;30.30035209655762
2026-03-17;-7.75;-37.75;28.57539367675781
2026-03-17;-7.75;-37.25;0.543817937374115
2026-03-17;-7.25;-41.25;23.84519958496094
2026-03-17;-7.25;-40.75;12.09537029266357
2026-03-17;-7.25;-40.25;15.3759126663208
2026-03-17;-7.25;-39.75;14.24053764343262
2026-03-17;-7.25;-39.25;3.190396308898926
2026-03-17;-7.25;-38.75;24.67417526245117
2026-03-17;-7.25;-38.25;106.9496154785156
2026-03-17;-7.25;-37.75;159.0952758789062
2026-03-17;-7.25;-37.25;10.30869197845459
2026-03-17;-6.75;-41.25;51.49873733520508
2026-03-17;-6.75;-40.75;51.26187896728516
2026-03-17;-6.75;-40.25;46.29445266723633
2026-03-17;-6.75;-39.75;41.95114898681641
2026-03-17;-6.75;-39.25;8.92323112487793
2026-03-17;-6.75;-38.75;40.65451812744141
2026-03-17;-6.75;-38.25;167.8763427734375
2026-03-17;-6.75;-37.75;96.5625991821289
2026-03-17;-6.75;-37.25;23.27570724487305
2026-03-17;-6.25;-41.25;47.19388961791992
2026-03-17;-6.25;-40.75;50.4295768737793
2026-03-17;-6.25;-40.25;48.92050552368164
2026-03-17;-6.25;-39.75;45.01337432861328
2026-03-17;-6.25;-39.25;13.60986804962158
2026-03-17;-6.25;-38.75;52.49942779541016
2026-03-17;-6.25;-38.25;132.0220184326172
2026-03-17;-6.25;-37.75;75.56815338134766
2026-03-17;-6.25;-37.25;22.67987251281738
2026-03-17;-5.75;-41.25;15.78822994232178
2026-03-17;-5.75;-40.75;12.6201114654541
2026-03-17;-5.75;-40.25;34.60288238525391
2026-03-17;-5.75;-39.75;37.15236663818359
2026-03-17;-5.75;-39.25;46.20455551147461
2026-03-17;-5.75;-38.75;97.93441009521484
2026-03-17;-5.75;-38.25;130.8684234619141
2026-03-17;-5.75;-37.75;247.9702301025391
2026-03-17;-5.75;-37.25;58.62334823608398
2026-03-17;-5.25;-41.25;0.3294397592544556
2026-03-17;-5.25;-40.75;0.2919580042362213
2026-03-17;-5.25;-40.25;12.21800422668457
2026-03-17;-5.25;-39.75;19.85937118530273
2026-03-17;-5.25;-39.25;13.95815181732178
2026-03-17;-5.25;-38.75;35.41613006591797
2026-03-17;-5.25;-38.25;51.48405838012695
2026-03-17;-5.25;-37.75;142.0007476806641
2026-03-17;-5.25;-37.25;34.67912673950195
2026-03-17;-4.75;-41.25;2.523258686065674
2026-03-17;-4.75;-40.75;5.966666221618652
2026-03-17;-4.75;-40.25;5.436938762664795
2026-03-17;-4.75;-39.75;2.873086452484131
2026-03-17;-4.75;-39.25;5.38275146484375
2026-03-17;-4.75;-38.75;35.89231491088867
2026-03-17;-4.75;-38.25;47.84235382080078
2026-03-17;-4.75;-37.75;34.25887298583984
2026-03-17;-4.75;-37.25;17.01969146728516
2026-03-17;-4.25;-41.25;12.54080963134766
2026-03-17;-4.25;-40.75;19.89463996887207
2026-03-17;-4.25;-40.25;11.38167762756348
2026-03-17;-4.25;-39.75;6.302916049957275
2026-03-17;-4.25;-39.25;6.030772686004639
2026-03-17;-4.25;-38.75;14.034499168396
2026-03-17;-4.25;-38.25;21.34025001525879
2026-03-17;-4.25;-37.75;20.74582481384277
2026-03-17;-4.25;-37.25;
2026-03-17;-3.75;-41.25;56.31824493408203
2026-03-17;-3.75;-40.75;161.3214721679688
2026-03-17;-3.75;-40.25;55.89387512207031
2026-03-17;-3.75;-39.75;21.61615371704102
2026-03-17;-3.75;-39.25;10.97741889953613
2026-03-17;-3.75;-38.75;4.983936309814453
2026-03-17;-3.75;-38.25;5.313647270202637
2026-03-17;-3.75;-37.75;
2026-03-17;-3.75;-37.25;
2026-03-17;-3.25;-41.25;100.9746780395508
2026-03-17;-3.25;-40.75;194.9670104980469
2026-03-17;-3.25;-40.25;57.6271858215332
2026-03-17;-3.25;-39.75;29.14537239074707
2026-03-17;-3.25;-39.25;15.8434419631958
2026-03-17;-3.25;-38.75;6.712012767791748
2026-03-17;-3.25;-38.25;
2026-03-17;-3.25;-37.75;
2026-03-17;-3.25;-37.25;
2026-03-17;-2.75;-41.25;67.3358154296875
2026-03-17;-2.75;-40.75;102.7533950805664
2026-03-17;-2.75;-40.25;62.25640106201172
2026-03-17;-2.75;-39.75;36.7605094909668
2026-03-17;-2.75;-39.25;
2026-03-17;-2.75;-38.75;
2026-03-17;-2.75;-38.25;
2026-03-17;-2.75;-37.75;
2026-03-17;-2.75;-37.25;
2026-03-18;-7.75;-41.25;2.271892070770264
2026-03-18;-7.75;-40.75;29.61216735839844
2026-03-18;-7.75;-40.25;87.7623291015625
2026-03-18;-7.75;-39.75;74.5780029296875
2026-03-18;-7.75;-39.25;27.56557655334473
2026-03-18;-7.75;-38.75;130.6693420410156
2026-03-18;-7.75;-38.25;283.0942077636719
2026-03-18;-7.75;-37.75;137.8812103271484
2026-03-18;-7.75;-37.25;46.41712951660156
2026-03-18;-7.25;-41.25;5.310254096984863
2026-03-18;-7.25;-40.75;31.8032341003418
2026-03-18;-7.25;-40.25;64.91950225830078
2026-03-18;-7.25;-39.75;48.5323600769043
2026-03-18;-7.25;-39.25;54.92964553833008
2026-03-18;-7.25;-38.75;188.2908020019531
2026-03-18;-7.25;-38.25;236.3427734375
2026-03-18;-7.25;-37.75;68.73628234863281
2026-03-18;-7.25;-37.25;56.47629547119141
2026-03-18;-6.75;-41.25;12.14669704437256
2026-03-18;-6.75;-40.75;14.12546730041504
2026-03-18;-6.75;-40.25;12.11017799377441
2026-03-18;-6.75;-39.75;9.984543800354004
2026-03-18;-6.75;-39.25;42.38831329345703
2026-03-18;-6.75;-38.75;131.4594421386719
2026-03-18;-6.75;-38.25;213.4077606201172
2026-03-18;-6.75;-37.75;35.57955169677734
2026-03-18;-6.75;-37.25;106.5334243774414
2026-03-18;-6.25;-41.25;22.09772109985352
2026-03-18;-6.25;-40.75;13.72793006896973
2026-03-18;-6.25;-40.25;10.01975250244141
2026-03-18;-6.25;-39.75;13.79950141906738
2026-03-18;-6.25;-39.25;36.50973892211914
2026-03-18;-6.25;-38.75;87.01138305664062
2026-03-18;-6.25;-38.25;132.7076263427734
2026-03-18;-6.25;-37.75;32.35762786865234
2026-03-18;-6.25;-37.25;83.53473663330078
2026-03-18;-5.75;-41.25;50.07900238037109
2026-03-18;-5.75;-40.75;23.2138614654541
2026-03-18;-5.75;-40.25;38.93119812011719
2026-03-18;-5.75;-39.75;58.36841201782227
2026-03-18;-5.75;-39.25;66.12506866455078
2026-03-18;-5.75;-38.75;131.8169403076172
2026-03-18;-5.75;-38.25;115.0982666015625
2026-03-18;-5.75;-37.75;49.49593734741211
2026-03-18;-5.75;-37.25;25.85046577453613
2026-03-18;-5.25;-41.25;46.13832092285156
2026-03-18;-5.25;-40.75;16.94426155090332
2026-03-18;-5.25;-40.25;57.67439270019531
2026-03-18;-5.25;-39.75;109.3544311523438
2026-03-18;-5.25;-39.25;122.0789947509766
2026-03-18;-5.25;-38.75;126.351936340332
2026-03-18;-5.25;-38.25;121.0021057128906
2026-03-18;-5.25;-37.75;74.37271118164062
2026-03-18;-5.25;-37.25;50.29922103881836
2026-03-18;-4.75;-41.25;26.02550888061523
2026-03-18;-4.75;-40.75;13.55114269256592
2026-03-18;-4.75;-40.25;33.33905410766602
2026-03-18;-4.75;-39.75;83.14925384521484
2026-03-18;-4.75;-39.25;127.9155426025391
2026-03-18;-4.75;-38.75;133.6491546630859
2026-03-18;-4.75;-38.25;110.5074005126953
2026-03-18;-4.75;-37.75;58.53348922729492
2026-03-18;-4.75;-37.25;50.70652770996094
2026-03-18;-4.25;-41.25;40.41289520263672
2026-03-18;-4.25;-40.75;21.12521362304688
2026-03-18;-4.25;-40.25;31.63919639587402
2026-03-18;-4.25;-39.75;36.03539276123047
2026-03-18;-4.25;-39.25;88.60163116455078
2026-03-18;-4.25;-38.75;163.9464569091797
2026-03-18;-4.25;-38.25;139.9995574951172
2026-03-18;-4.25;-37.75;78.16181945800781
2026-03-18;-4.25;-37.25;
2026-03-18;-3.75;-41.25;68.08782958984375
2026-03-18;-3.75;-40.75;94.61788940429688
2026-03-18;-3.75;-40.25;97.4390869140625
2026-03-18;-3.75;-39.75;72.5062255859375
2026-03-18;-3.75;-39.25;80.82373809814453
2026-03-18;-3.75;-38.75;166.6327514648438
2026-03-18;-3.75;-38.25;186.1762237548828
2026-03-18;-3.75;-37.75;
2026-03-18;-3.75;-37.25;
2026-03-18;-3.25;-41.25;98.9653091430664
2026-03-18;-3.25;-40.75;117.8740463256836
2026-03-18;-3.25;-40.25;106.8439254760742
2026-03-18;-3.25;-39.75;98.29190063476562
2026-03-18;-3.25;-39.25;98.5162353515625
2026-03-18;-3.25;-38.75;148.8331756591797
2026-03-18;-3.25;-38.25;
2026-03-18;-3.25;-37.75;
2026-03-18;-3.25;-37.25;
2026-03-18;-2.75;-41.25;94.8768081665039
2026-03-18;-2.75;-40.75;106.6870880126953
2026-03-18;-2.75;-40.25;111.7733459472656
2026-03-18;-2.75;-39.75;107.5021591186523
2026-03-18;-2.75;-39.25;
2026-03-18;-2.75;-38.75;
2026-03-18;-2.75;-38.25;
2026-03-18;-2.75;-37.75;
2026-03-18;-2.75;-37.25;
2026-03-19;-7.75;-41.25;0.0
2026-03-19;-7.75;-40.75;1.583519577980042
2026-03-19;-7.75;-40.25;9.760478019714355
2026-03-19;-7.75;-39.75;23.92928123474121
2026-03-19;-7.75;-39.25;60.62459945678711
2026-03-19;-7.75;-38.75;120.3128890991211
2026-03-19;-7.75;-38.25;170.0489349365234
2026-03-19;-7.75;-37.75;59.97762298583984
2026-03-19;-7.75;-37.25;1.227948546409607
2026-03-19;-7.25;-41.25;1.52316677570343
2026-03-19;-7.25;-40.75;30.66415977478027
2026-03-19;-7.25;-40.25;108.4253997802734
2026-03-19;-7.25;-39.75;185.5931243896484
2026-03-19;-7.25;-39.25;204.1589660644531
2026-03-19;-7.25;-38.75;296.9559936523438
2026-03-19;-7.25;-38.25;147.0178985595703
2026-03-19;-7.25;-37.75;30.12384414672852
2026-03-19;-7.25;-37.25;1.56937837600708
2026-03-19;-6.75;-41.25;14.27067756652832
2026-03-19;-6.75;-40.75;144.5834045410156
2026-03-19;-6.75;-40.25;308.2887573242188
2026-03-19;-6.75;-39.75;322.9861755371094
2026-03-19;-6.75;-39.25;348.9300231933594
2026-03-19;-6.75;-38.75;395.8556823730469
2026-03-19;-6.75;-38.25;95.32534790039062
2026-03-19;-6.75;-37.75;4.592483043670654
2026-03-19;-6.75;-37.25;69.71622467041016
2026-03-19;-6.25;-41.25;19.90317726135254
2026-03-19;-6.25;-40.75;140.0920104980469
2026-03-19;-6.25;-40.25;314.0284118652344
2026-03-19;-6.25;-39.75;316.2753295898438
2026-03-19;-6.25;-39.25;327.6261596679688
2026-03-19;-6.25;-38.75;254.5939636230469
2026-03-19;-6.25;-38.25;100.7311019897461
2026-03-19;-6.25;-37.75;11.02684497833252
2026-03-19;-6.25;-37.25;77.82591247558594
2026-03-19;-5.75;-41.25;20.22056579589844
2026-03-19;-5.75;-40.75;37.89089965820312
2026-03-19;-5.75;-40.25;150.1546630859375
2026-03-19;-5.75;-39.75;143.3176879882812
2026-03-19;-5.75;-39.25;114.1518783569336
2026-03-19;-5.75;-38.75;83.67703247070312
2026-03-19;-5.75;-38.25;43.58416366577148
2026-03-19;-5.75;-37.75;26.84884452819824
2026-03-19;-5.75;-37.25;18.66956901550293
2026-03-19;-5.25;-41.25;18.02646827697754
2026-03-19;-5.25;-40.75;25.18387603759766
2026-03-19;-5.25;-40.25;39.22286224365234
2026-03-19;-5.25;-39.75;46.70546722412109
2026-03-19;-5.25;-39.25;43.55098342895508
2026-03-19;-5.25;-38.75;55.51572036743164
2026-03-19;-5.25;-38.25;53.70260238647461
2026-03-19;-5.25;-37.75;24.12030029296875
2026-03-19;-5.25;-37.25;21.38756561279297
2026-03-19;-4.75;-41.25;56.5706901550293
2026-03-19;-4.75;-40.75;60.3292236328125
2026-03-19;-4.75;-40.25;29.17080307006836
2026-03-19;-4.75;-39.75;28.73011779785156
2026-03-19;-4.75;-39.25;38.51229095458984
2026-03-19;-4.75;-38.75;79.90281677246094
2026-03-19;-4.75;-38.25;74.32183074951172
2026-03-19;-4.75;-37.75;43.88718795776367
2026-03-19;-4.75;-37.25;37.15240859985352
2026-03-19;-4.25;-41.25;129.3133544921875
2026-03-19;-4.25;-40.75;78.71595001220703
2026-03-19;-4.25;-40.25;20.21511268615723
2026-03-19;-4.25;-39.75;23.41912841796875
2026-03-19;-4.25;-39.25;17.41338157653809
2026-03-19;-4.25;-38.75;48.19316101074219
2026-03-19;-4.25;-38.25;57.01381301879883
2026-03-19;-4.25;-37.75;50.0247917175293
2026-03-19;-4.25;-37.25;
2026-03-19;-3.75;-41.25;112.1967620849609
2026-03-19;-3.75;-40.75;81.73601531982422
2026-03-19;-3.75;-40.25;97.27076721191406
2026-03-19;-3.75;-39.75;53.65617370605469
2026-03-19;-3.75;-39.25;10.94083881378174
2026-03-19;-3.75;-38.75;35.50293731689453
2026-03-19;-3.75;-38.25;48.10093688964844
2026-03-19;-3.75;-37.75;
2026-03-19;-3.75;-37.25;
2026-03-19;-3.25;-41.25;37.55172348022461
2026-03-19;-3.25;-40.75;66.11466979980469
2026-03-19;-3.25;-40.25;131.0195922851562
2026-03-19;-3.25;-39.75;117.088737487793
2026-03-19;-3.25;-39.25;47.33113479614258
2026-03-19;-3.25;-38.75;34.08256149291992
2026-03-19;-3.25;-38.25;
2026-03-19;-3.25;-37.75;
2026-03-19;-3.25;-37.25;
2026-03-19;-2.75;-41.25;37.78582000732422
2026-03-19;-2.75;-40.75;72.78353881835938
2026-03-19;-2.75;-40.25;158.4319152832031
2026-03-19;-2.75;-39.75;161.5866851806641
2026-03-19;-2.75;-39.25;
2026-03-19;-2.75;-38.75;
2026-03-19;-2.75;-38.25;
2026-03-19;-2.75;-37.75;
2026-03-19;-2.75;-37.25;
2026-03-20;-7.75;-41.25;20.47583389282227
2026-03-20;-7.75;-40.75;3.942214727401733
2026-03-20;-7.75;-40.25;0.9540067315101624
2026-03-20;-7.75;-39.75;0.0
2026-03-20;-7.75;-39.25;0.0
2026-03-20;-7.75;-38.75;0.0
2026-03-20;-7.75;-38.25;0.0
2026-03-20;-7.75;-37.75;9.241318702697754
2026-03-20;-7.75;-37.25;19.92459297180176
2026-03-20;-7.25;-41.25;143.0402984619141
2026-03-20;-7.25;-40.75;58.25855255126953
2026-03-20;-7.25;-40.25;0.3226203620433807
2026-03-20;-7.25;-39.75;0.0
2026-03-20;-7.25;-39.25;0.0
2026-03-20;-7.25;-38.75;1.161435127258301
2026-03-20;-7.25;-38.25;0.2384864389896393
2026-03-20;-7.25;-37.75;0.8255587220191956
2026-03-20;-7.25;-37.25;3.102958679199219
2026-03-20;-6.75;-41.25;328.5388793945312
2026-03-20;-6.75;-40.75;189.5477600097656
2026-03-20;-6.75;-40.25;0.0
2026-03-20;-6.75;-39.75;0.2339413315057755
2026-03-20;-6.75;-39.25;0.4967591762542725
2026-03-20;-6.75;-38.75;0.8210590481758118
2026-03-20;-6.75;-38.25;1.391522765159607
2026-03-20;-6.75;-37.75;0.229938343167305
2026-03-20;-6.75;-37.25;0.0
2026-03-20;-6.25;-41.25;343.9518432617188
2026-03-20;-6.25;-40.75;199.3920745849609
2026-03-20;-6.25;-40.25;0.5680509805679321
2026-03-20;-6.25;-39.75;0.9889029860496521
2026-03-20;-6.25;-39.25;1.024551749229431
2026-03-20;-6.25;-38.75;0.0
2026-03-20;-6.25;-38.25;0.2282079756259918
2026-03-20;-6.25;-37.75;0.0
2026-03-20;-6.25;-37.25;0.0
2026-03-20;-5.75;-41.25;147.4006042480469
2026-03-20;-5.75;-40.75;56.42699432373047
2026-03-20;-5.75;-40.25;8.511399269104004
2026-03-20;-5.75;-39.75;13.70844650268555
2026-03-20;-5.75;-39.25;17.24575996398926
2026-03-20;-5.75;-38.75;1.882694602012634
2026-03-20;-5.75;-38.25;0.0
2026-03-20;-5.75;-37.75;0.2285121977329254
2026-03-20;-5.75;-37.25;0.0
2026-03-20;-5.25;-41.25;28.88037109375
2026-03-20;-5.25;-40.75;5.584059238433838
2026-03-20;-5.25;-40.25;5.38106632232666
2026-03-20;-5.25;-39.75;8.290359497070312
2026-03-20;-5.25;-39.25;4.686740875244141
2026-03-20;-5.25;-38.75;0.5096058249473572
2026-03-20;-5.25;-38.25;0.5473967790603638
2026-03-20;-5.25;-37.75;0.0
2026-03-20;-5.25;-37.25;0.0
2026-03-20;-4.75;-41.25;9.41472053527832
2026-03-20;-4.75;-40.75;0.4279674589633942
2026-03-20;-4.75;-40.25;2.750831365585327
2026-03-20;-4.75;-39.75;2.42815089225769
2026-03-20;-4.75;-39.25;0.6340194940567017
2026-03-20;-4.75;-38.75;1.211370825767517
2026-03-20;-4.75;-38.25;1.171470046043396
2026-03-20;-4.75;-37.75;1.502480864524841
2026-03-20;-4.75;-37.25;0.9266505241394043
2026-03-20;-4.25;-41.25;1.368159890174866
2026-03-20;-4.25;-40.75;3.408419847488403
2026-03-20;-4.25;-40.25;6.173529624938965
2026-03-20;-4.25;-39.75;10.03809356689453
2026-03-20;-4.25;-39.25;15.4179744720459
2026-03-20;-4.25;-38.75;24.06275367736816
2026-03-20;-4.25;-38.25;17.85592079162598
2026-03-20;-4.25;-37.75;7.889036178588867
2026-03-20;-4.25;-37.25;
2026-03-20;-3.75;-41.25;6.907099723815918
2026-03-20;-3.75;-40.75;12.25553703308105
2026-03-20;-3.75;-40.25;15.2114200592041
2026-03-20;-3.75;-39.75;14.16308212280273
2026-03-20;-3.75;-39.25;19.41686630249023
2026-03-20;-3.75;-38.75;33.12697219848633
2026-03-20;-3.75;-38.25;33.77218246459961
2026-03-20;-3.75;-37.75;
2026-03-20;-3.75;-37.25;
2026-03-20;-3.25;-41.25;20.71659088134766
2026-03-20;-3.25;-40.75;15.29735374450684
2026-03-20;-3.25;-40.25;14.47218990325928
2026-03-20;-3.25;-39.75;17.44925880432129
2026-03-20;-3.25;-39.25;20.79514694213867
2026-03-20;-3.25;-38.75;30.12361335754395
2026-03-20;-3.25;-38.25;
2026-03-20;-3.25;-37.75;
2026-03-20;-3.25;-37.25;
2026-03-20;-2.75;-41.25;19.68215942382812
2026-03-20;-2.75;-40.75;19.66080856323242
2026-03-20;-2.75;-40.25;20.53401565551758
2026-03-20;-2.75;-39.75;20.84931182861328
2026-03-20;-2.75;-39.25;
2026-03-20;-2.75;-38.75;
2026-03-20;-2.75;-38.25;
2026-03-20;-2.75;-37.75;
2026-03-20;-2.75;-37.25;
2026-03-21;-7.75;-41.25;0.0
2026-03-21;-7.75;-40.75;0.0
2026-03-21;-7.75;-40.25;0.0
2026-03-21;-7.75;-39.75;0.9670629501342773
2026-03-21;-7.75;-39.25;2.645449876785278
2026-03-21;-7.75;-38.75;3.177476644515991
2026-03-21;-7.75;-38.25;0.0
2026-03-21;-7.75;-37.75;0.0
2026-03-21;-7.75;-37.25;0.0
2026-03-21;-7.25;-41.25;0.4204445481300354
2026-03-21;-7.25;-40.75;0.0
2026-03-21;-7.25;-40.25;0.0
2026-03-21;-7.25;-39.75;2.684354782104492
2026-03-21;-7.25;-39.25;9.854048728942871
2026-03-21;-7.25;-38.75;19.2884521484375
2026-03-21;-7.25;-38.25;0.8467715978622437
2026-03-21;-7.25;-37.75;0.0
2026-03-21;-7.25;-37.25;0.0
2026-03-21;-6.75;-41.25;0.0
2026-03-21;-6.75;-40.75;0.0
2026-03-21;-6.75;-40.25;0.0
2026-03-21;-6.75;-39.75;1.019572973251343
2026-03-21;-6.75;-39.25;9.912333488464355
2026-03-21;-6.75;-38.75;14.85749340057373
2026-03-21;-6.75;-38.25;0.5811659097671509
2026-03-21;-6.75;-37.75;0.0
2026-03-21;-6.75;-37.25;0.0
2026-03-21;-6.25;-41.25;0.0
2026-03-21;-6.25;-40.75;0.0
2026-03-21;-6.25;-40.25;0.0
2026-03-21;-6.25;-39.75;0.0
2026-03-21;-6.25;-39.25;0.0
2026-03-21;-6.25;-38.75;0.2812974154949188
2026-03-21;-6.25;-38.25;0.0
2026-03-21;-6.25;-37.75;0.0
2026-03-21;-6.25;-37.25;0.4075175821781158
2026-03-21;-5.75;-41.25;0.0
2026-03-21;-5.75;-40.75;0.0
2026-03-21;-5.75;-40.25;2.500069856643677
2026-03-21;-5.75;-39.75;5.369123458862305
2026-03-21;-5.75;-39.25;5.735970020294189
2026-03-21;-5.75;-38.75;0.0
2026-03-21;-5.75;-38.25;0.0
2026-03-21;-5.75;-37.75;0.0
2026-03-21;-5.75;-37.25;0.0
2026-03-21;-5.25;-41.25;0.0
2026-03-21;-5.25;-40.75;0.0
2026-03-21;-5.25;-40.25;1.58170485496521
2026-03-21;-5.25;-39.75;2.316175222396851
2026-03-21;-5.25;-39.25;0.9963571429252625
2026-03-21;-5.25;-38.75;0.0
2026-03-21;-5.25;-38.25;0.0
2026-03-21;-5.25;-37.75;0.0
2026-03-21;-5.25;-37.25;0.0
2026-03-21;-4.75;-41.25;0.0
2026-03-21;-4.75;-40.75;0.0
2026-03-21;-4.75;-40.25;0.0
2026-03-21;-4.75;-39.75;0.0
2026-03-21;-4.75;-39.25;0.0
2026-03-21;-4.75;-38.75;0.0
2026-03-21;-4.75;-38.25;0.0
2026-03-21;-4.75;-37.75;0.0
2026-03-21;-4.75;-37.25;0.0
2026-03-21;-4.25;-41.25;0.0
2026-03-21;-4.25;-40.75;0.0
2026-03-21;-4.25;-40.25;0.0
2026-03-21;-4.25;-39.75;0.9072812795639038
2026-03-21;-4.25;-39.25;7.20054817199707
2026-03-21;-4.25;-38.75;10.89849758148193
2026-03-21;-4.25;-38.25;6.63406229019165
2026-03-21;-4.25;-37.75;0.0
2026-03-21;-4.25;-37.25;
2026-03-21;-3.75;-41.25;0.4935813248157501
2026-03-21;-3.75;-40.75;0.0
2026-03-21;-3.75;-40.25;0.7025148868560791
2026-03-21;-3.75;-39.75;6.297598838806152
2026-03-21;-3.75;-39.25;9.220332145690918
2026-03-21;-3.75;-38.75;16.28354454040527
2026-03-21;-3.75;-38.25;16.64408874511719
2026-03-21;-3.75;-37.75;
2026-03-21;-3.75;-37.25;
2026-03-21;-3.25;-41.25;0.8475514054298401
2026-03-21;-3.25;-40.75;4.112192153930664
2026-03-21;-3.25;-40.25;25.93308067321777
2026-03-21;-3.25;-39.75;26.68695449829102
2026-03-21;-3.25;-39.25;15.9420862197876
2026-03-21;-3.25;-38.75;15.94285583496094
2026-03-21;-3.25;-38.25;
2026-03-21;-3.25;-37.75;
2026-03-21;-3.25;-37.25;
2026-03-21;-2.75;-41.25;0.8917375802993774
2026-03-21;-2.75;-40.75;11.92645168304443
2026-03-21;-2.75;-40.25;36.11752319335938
2026-03-21;-2.75;-39.75;40.22676849365234
2026-03-21;-2.75;-39.25;
2026-03-21;-2.75;-38.75;
2026-03-21;-2.75;-38.25;
2026-03-21;-2.75;-37.75;
2026-03-21;-2.75;-37.25;
2026-03-22;-7.75;-41.25;257.3424987792969
2026-03-22;-7.75;-40.75;266.1413879394531
2026-03-22;-7.75;-40.25;159.8103790283203
2026-03-22;-7.75;-39.75;0.0
2026-03-22;-7.75;-39.25;2.52146315574646
2026-03-22;-7.75;-38.75;90.64276885986328
2026-03-22;-7.75;-38.25;217.4219665527344
2026-03-22;-7.75;-37.75;106.4966278076172
2026-03-22;-7.75;-37.25;43.81863021850586
2026-03-22;-7.25;-41.25;171.4309539794922
2026-03-22;-7.25;-40.75;203.1872863769531
2026-03-22;-7.25;-40.25;48.44168472290039
2026-03-22;-7.25;-39.75;0.0
2026-03-22;-7.25;-39.25;0.8847858309745789
2026-03-22;-7.25;-38.75;62.83641815185547
2026-03-22;-7.25;-38.25;141.5338134765625
2026-03-22;-7.25;-37.75;55.28957748413086
2026-03-22;-7.25;-37.25;24.78090667724609
2026-03-22;-6.75;-41.25;112.3815994262695
2026-03-22;-6.75;-40.75;80.285888671875
2026-03-22;-6.75;-40.25;5.186442852020264
2026-03-22;-6.75;-39.75;3.781891822814941
2026-03-22;-6.75;-39.25;6.811033725738525
2026-03-22;-6.75;-38.75;3.659131765365601
2026-03-22;-6.75;-38.25;7.342679023742676
2026-03-22;-6.75;-37.75;10.41923904418945
2026-03-22;-6.75;-37.25;0.9195365309715271
2026-03-22;-6.25;-41.25;103.0542755126953
2026-03-22;-6.25;-40.75;62.60500335693359
2026-03-22;-6.25;-40.25;6.078769207000732
2026-03-22;-6.25;-39.75;8.446183204650879
2026-03-22;-6.25;-39.25;24.66721725463867
2026-03-22;-6.25;-38.75;3.202747106552124
2026-03-22;-6.25;-38.25;0.6647585034370422
2026-03-22;-6.25;-37.75;0.0
2026-03-22;-6.25;-37.25;0.0
2026-03-22;-5.75;-41.25;36.4617919921875
2026-03-22;-5.75;-40.75;14.75922584533691
2026-03-22;-5.75;-40.25;2.914206504821777
2026-03-22;-5.75;-39.75;7.404639720916748
2026-03-22;-5.75;-39.25;8.665855407714844
2026-03-22;-5.75;-38.75;2.248401403427124
2026-03-22;-5.75;-38.25;0.4536274969577789
2026-03-22;-5.75;-37.75;1.222191214561462
2026-03-22;-5.75;-37.25;16.59575271606445
2026-03-22;-5.25;-41.25;1.072353005409241
2026-03-22;-5.25;-40.75;0.0
2026-03-22;-5.25;-40.25;0.7762448191642761
2026-03-22;-5.25;-39.75;1.447252988815308
2026-03-22;-5.25;-39.25;0.6234925389289856
2026-03-22;-5.25;-38.75;0.4871687889099121
2026-03-22;-5.25;-38.25;0.0
2026-03-22;-5.25;-37.75;0.8588680624961853
2026-03-22;-5.25;-37.25;21.66658210754395
2026-03-22;-4.75;-41.25;0.0
2026-03-22;-4.75;-40.75;0.0
2026-03-22;-4.75;-40.25;0.9593935608863831
2026-03-22;-4.75;-39.75;0.4104376137256622
2026-03-22;-4.75;-39.25;0.0
2026-03-22;-4.75;-38.75;0.8164406418800354
2026-03-22;-4.75;-38.25;0.0
2026-03-22;-4.75;-37.75;0.0
2026-03-22;-4.75;-37.25;6.705583572387695
2026-03-22;-4.25;-41.25;0.9883086681365967
2026-03-22;-4.25;-40.75;10.1702938079834
2026-03-22;-4.25;-40.25;11.51223659515381
2026-03-22;-4.25;-39.75;8.86034870147705
2026-03-22;-4.25;-39.25;0.4133071005344391
2026-03-22;-4.25;-38.75;3.656052827835083
2026-03-22;-4.25;-38.25;2.669451475143433
2026-03-22;-4.25;-37.75;0.0
2026-03-22;-4.25;-37.25;
2026-03-22;-3.75;-41.25;33.83050918579102
2026-03-22;-3.75;-40.75;78.92655944824219
2026-03-22;-3.75;-40.25;89.52910614013672
2026-03-22;-3.75;-39.75;52.10559463500977
2026-03-22;-3.75;-39.25;5.005019187927246
2026-03-22;-3.75;-38.75;5.717119216918945
2026-03-22;-3.75;-38.25;6.541662216186523
2026-03-22;-3.75;-37.75;
2026-03-22;-3.75;-37.25;
2026-03-22;-3.25;-41.25;117.8829956054688
2026-03-22;-3.25;-40.75;119.8515243530273
2026-03-22;-3.25;-40.25;101.4735717773438
2026-03-22;-3.25;-39.75;62.51217269897461
2026-03-22;-3.25;-39.25;23.60732650756836
2026-03-22;-3.25;-38.75;7.643447399139404
2026-03-22;-3.25;-38.25;
2026-03-22;-3.25;-37.75;
2026-03-22;-3.25;-37.25;
2026-03-22;-2.75;-41.25;109.0837707519531
2026-03-22;-2.75;-40.75;106.389045715332
2026-03-22;-2.75;-40.25;58.37097930908203
2026-03-22;-2.75;-39.75;45.79203414916992
2026-03-22;-2.75;-39.25;
2026-03-22;-2.75;-38.75;
2026-03-22;-2.75;-38.25;
2026-03-22;-2.75;-37.75;
2026-03-22;-2.75;-37.25;
2026-03-23;-7.75;-41.25;0.4577292203903198
2026-03-23;-7.75;-40.75;2.922414064407349
2026-03-23;-7.75;-40.25;17.5633659362793
2026-03-23;-7.75;-39.75;22.49723243713379
2026-03-23;-7.75;-39.25;37.64724731445312
2026-03-23;-7.75;-38.75;30.20753860473633
2026-03-23;-7.75;-38.25;3.488711595535278
2026-03-23;-7.75;-37.75;19.90891456604004
2026-03-23;-7.75;-37.25;48.0463981628418
2026-03-23;-7.25;-41.25;17.40038108825684
2026-03-23;-7.25;-40.75;10.52581691741943
2026-03-23;-7.25;-40.25;12.09066104888916
2026-03-23;-7.25;-39.75;12.15061569213867
2026-03-23;-7.25;-39.25;17.48714637756348
2026-03-23;-7.25;-38.75;25.50420570373535
2026-03-23;-7.25;-38.25;1.052255988121033
2026-03-23;-7.25;-37.75;66.98174285888672
2026-03-23;-7.25;-37.25;239.4942321777344
2026-03-23;-6.75;-41.25;54.81172943115234
2026-03-23;-6.75;-40.75;32.21638870239258
2026-03-23;-6.75;-40.25;0.0
2026-03-23;-6.75;-39.75;1.77879786491394
2026-03-23;-6.75;-39.25;28.21036911010742
2026-03-23;-6.75;-38.75;41.7222900390625
2026-03-23;-6.75;-38.25;12.24393463134766
2026-03-23;-6.75;-37.75;128.7569427490234
2026-03-23;-6.75;-37.25;197.4530487060547
2026-03-23;-6.25;-41.25;59.94878005981445
2026-03-23;-6.25;-40.75;35.67349624633789
2026-03-23;-6.25;-40.25;0.0
2026-03-23;-6.25;-39.75;0.2984375953674316
2026-03-23;-6.25;-39.25;4.992814064025879
2026-03-23;-6.25;-38.75;4.975828647613525
2026-03-23;-6.25;-38.25;26.08052444458008
2026-03-23;-6.25;-37.75;148.5256652832031
2026-03-23;-6.25;-37.25;112.7334442138672
2026-03-23;-5.75;-41.25;30.15170860290527
2026-03-23;-5.75;-40.75;11.65888595581055
2026-03-23;-5.75;-40.25;1.486179709434509
2026-03-23;-5.75;-39.75;3.304555177688599
2026-03-23;-5.75;-39.25;5.42290210723877
2026-03-23;-5.75;-38.75;28.16894149780273
2026-03-23;-5.75;-38.25;52.02131271362305
2026-03-23;-5.75;-37.75;15.11327362060547
2026-03-23;-5.75;-37.25;6.406308650970459
2026-03-23;-5.25;-41.25;10.26826190948486
2026-03-23;-5.25;-40.75;3.738906621932983
2026-03-23;-5.25;-40.25;4.709245681762695
2026-03-23;-5.25;-39.75;1.20059072971344
2026-03-23;-5.25;-39.25;3.187922239303589
2026-03-23;-5.25;-38.75;35.99434661865234
2026-03-23;-5.25;-38.25;66.88764953613281
2026-03-23;-5.25;-37.75;18.79366302490234
2026-03-23;-5.25;-37.25;22.89229011535645
2026-03-23;-4.75;-41.25;5.277400016784668
2026-03-23;-4.75;-40.75;10.27403926849365
2026-03-23;-4.75;-40.25;22.93003845214844
2026-03-23;-4.75;-39.75;7.755078792572021
2026-03-23;-4.75;-39.25;0.735000729560852
2026-03-23;-4.75;-38.75;11.05162811279297
2026-03-23;-4.75;-38.25;13.83054161071777
2026-03-23;-4.75;-37.75;4.885222911834717
2026-03-23;-4.75;-37.25;15.69593334197998
2026-03-23;-4.25;-41.25;1.394509315490723
2026-03-23;-4.25;-40.75;15.31294536590576
2026-03-23;-4.25;-40.25;31.57057189941406
2026-03-23;-4.25;-39.75;13.48410129547119
2026-03-23;-4.25;-39.25;0.9186913967132568
2026-03-23;-4.25;-38.75;1.191070079803467
2026-03-23;-4.25;-38.25;0.6647777557373047
2026-03-23;-4.25;-37.75;0.0
2026-03-23;-4.25;-37.25;
2026-03-23;-3.75;-41.25;4.846571922302246
2026-03-23;-3.75;-40.75;16.25694274902344
2026-03-23;-3.75;-40.25;32.05840301513672
2026-03-23;-3.75;-39.75;9.315858840942383
2026-03-23;-3.75;-39.25;0.0
2026-03-23;-3.75;-38.75;0.0
2026-03-23;-3.75;-38.25;0.0
2026-03-23;-3.75;-37.75;
2026-03-23;-3.75;-37.25;
2026-03-23;-3.25;-41.25;37.95816802978516
2026-03-23;-3.25;-40.75;10.37904167175293
2026-03-23;-3.25;-40.25;3.438115835189819
2026-03-23;-3.25;-39.75;3.535839557647705
2026-03-23;-3.25;-39.25;0.0
2026-03-23;-3.25;-38.75;0.0
2026-03-23;-3.25;-38.25;
2026-03-23;-3.25;-37.75;
2026-03-23;-3.25;-37.25;
2026-03-23;-2.75;-41.25;61.20835876464844
2026-03-23;-2.75;-40.75;29.55954360961914
2026-03-23;-2.75;-40.25;9.305669784545898
2026-03-23;-2.75;-39.75;4.852210521697998
2026-03-23;-2.75;-39.25;
2026-03-23;-2.75;-38.75;
2026-03-23;-2.75;-38.25;
2026-03-23;-2.75;-37.75;
2026-03-23;-2.75;-37.25;
2026-03-24;-7.75;-41.25;0.0
2026-03-24;-7.75;-40.75;0.5509352087974548
2026-03-24;-7.75;-40.25;1.163294076919556
2026-03-24;-7.75;-39.75;32.37715530395508
2026-03-24;-7.75;-39.25;136.6204986572266
2026-03-24;-7.75;-38.75;110.0161743164062
2026-03-24;-7.75;-38.25;15.64027404785156
2026-03-24;-7.75;-37.75;29.86519432067871
2026-03-24;-7.75;-37.25;57.47594451904297
2026-03-24;-7.25;-41.25;0.556328535079956
2026-03-24;-7.25;-40.75;0.0
2026-03-24;-7.25;-40.25;0.0
2026-03-24;-7.25;-39.75;5.115423679351807
2026-03-24;-7.25;-39.25;14.10788822174072
2026-03-24;-7.25;-38.75;19.17459869384766
2026-03-24;-7.25;-38.25;12.97339630126953
2026-03-24;-7.25;-37.75;5.789298534393311
2026-03-24;-7.25;-37.25;21.67793083190918
2026-03-24;-6.75;-41.25;5.525278568267822
2026-03-24;-6.75;-40.75;2.78386926651001
2026-03-24;-6.75;-40.25;0.0
2026-03-24;-6.75;-39.75;0.0
2026-03-24;-6.75;-39.25;4.595279693603516
2026-03-24;-6.75;-38.75;21.50815200805664
2026-03-24;-6.75;-38.25;40.24585342407227
2026-03-24;-6.75;-37.75;7.199286460876465
2026-03-24;-6.75;-37.25;90.1601333618164
2026-03-24;-6.25;-41.25;5.891386032104492
2026-03-24;-6.25;-40.75;2.954614400863647
2026-03-24;-6.25;-40.25;0.0
2026-03-24;-6.25;-39.75;0.0
2026-03-24;-6.25;-39.25;0.803627073764801
2026-03-24;-6.25;-38.75;8.60326099395752
2026-03-24;-6.25;-38.25;20.09278678894043
2026-03-24;-6.25;-37.75;9.468767166137695
2026-03-24;-6.25;-37.25;94.66886901855469
2026-03-24;-5.75;-41.25;1.04942524433136
2026-03-24;-5.75;-40.75;0.0
2026-03-24;-5.75;-40.25;2.727844715118408
2026-03-24;-5.75;-39.75;4.780630111694336
2026-03-24;-5.75;-39.25;3.557312250137329
2026-03-24;-5.75;-38.75;0.7294920086860657
2026-03-24;-5.75;-38.25;3.928385257720947
2026-03-24;-5.75;-37.75;16.16152191162109
2026-03-24;-5.75;-37.25;5.917644500732422
2026-03-24;-5.25;-41.25;0.0
2026-03-24;-5.25;-40.75;0.0
2026-03-24;-5.25;-40.25;5.03549861907959
2026-03-24;-5.25;-39.75;12.51385307312012
2026-03-24;-5.25;-39.25;14.81718635559082
2026-03-24;-5.25;-38.75;4.622382164001465
2026-03-24;-5.25;-38.25;0.3003448843955994
2026-03-24;-5.25;-37.75;4.802618503570557
2026-03-24;-5.25;-37.25;1.374580860137939
2026-03-24;-4.75;-41.25;0.4691260159015656
2026-03-24;-4.75;-40.75;0.8327312469482422
2026-03-24;-4.75;-40.25;1.29425835609436
2026-03-24;-4.75;-39.75;8.952291488647461
2026-03-24;-4.75;-39.25;15.9252462387085
2026-03-24;-4.75;-38.75;4.460712909698486
2026-03-24;-4.75;-38.25;0.0
2026-03-24;-4.75;-37.75;0.0
2026-03-24;-4.75;-37.25;0.0
2026-03-24;-4.25;-41.25;0.8443209528923035
2026-03-24;-4.25;-40.75;0.9089149832725525
2026-03-24;-4.25;-40.25;0.5091989040374756
2026-03-24;-4.25;-39.75;0.3058131635189056
2026-03-24;-4.25;-39.25;2.915842056274414
2026-03-24;-4.25;-38.75;0.4741036593914032
2026-03-24;-4.25;-38.25;0.0
2026-03-24;-4.25;-37.75;0.0
2026-03-24;-4.25;-37.25;
2026-03-24;-3.75;-41.25;3.518109083175659
2026-03-24;-3.75;-40.75;0.0
2026-03-24;-3.75;-40.25;0.0
2026-03-24;-3.75;-39.75;0.0
2026-03-24;-3.75;-39.25;0.0
2026-03-24;-3.75;-38.75;0.0
2026-03-24;-3.75;-38.25;0.0
2026-03-24;-3.75;-37.75;
2026-03-24;-3.75;-37.25;
2026-03-24;-3.25;-41.25;9.954670906066895
2026-03-24;-3.25;-40.75;1.862055540084839
2026-03-24;-3.25;-40.25;0.0
2026-03-24;-3.25;-39.75;0.0
2026-03-24;-3.25;-39.25;0.0
2026-03-24;-3.25;-38.75;0.0
2026-03-24;-3.25;-38.25;
2026-03-24;-3.25;-37.75;
2026-03-24;-3.25;-37.25;
2026-03-24;-2.75;-41.25;9.921490669250488
2026-03-24;-2.75;-40.75;4.719822883605957
2026-03-24;-2.75;-40.25;0.0
2026-03-24;-2.75;-39.75;0.0
2026-03-24;-2.75;-39.25;
2026-03-24;-2.75;-38.75;
2026-03-24;-2.75;-38.25;
2026-03-24;-2.75;-37.75;
2026-03-24;-2.75;-37.25;
2026-03-25;-7.75;-41.25;200.0256042480469
2026-03-25;-7.75;-40.75;200.4354858398438
2026-03-25;-7.75;-40.25;127.5765151977539
2026-03-25;-7.75;-39.75;20.35142135620117
2026-03-25;-7.75;-39.25;20.14033889770508
2026-03-25;-7.75;-38.75;10.36121368408203
2026-03-25;-7.75;-38.25;0.3872477412223816
2026-03-25;-7.75;-37.75;0.7859196662902832
2026-03-25;-7.75;-37.25;1.960949301719666
2026-03-25;-7.25;-41.25;150.5170135498047
2026-03-25;-7.25;-40.75;159.0362701416016
2026-03-25;-7.25;-40.25;62.66627883911133
2026-03-25;-7.25;-39.75;33.10176086425781
2026-03-25;-7.25;-39.25;43.65849685668945
2026-03-25;-7.25;-38.75;17.80508613586426
2026-03-25;-7.25;-38.25;0.0
2026-03-25;-7.25;-37.75;0.0
2026-03-25;-7.25;-37.25;0.0
2026-03-25;-6.75;-41.25;113.8178329467773
2026-03-25;-6.75;-40.75;79.3174057006836
2026-03-25;-6.75;-40.25;20.40434837341309
2026-03-25;-6.75;-39.75;19.86462593078613
2026-03-25;-6.75;-39.25;20.4824104309082
2026-03-25;-6.75;-38.75;2.579164028167725
2026-03-25;-6.75;-38.25;0.0
2026-03-25;-6.75;-37.75;0.0
2026-03-25;-6.75;-37.25;0.0
2026-03-25;-6.25;-41.25;96.92276763916016
2026-03-25;-6.25;-40.75;62.72919845581055
2026-03-25;-6.25;-40.25;18.08109283447266
2026-03-25;-6.25;-39.75;18.28651428222656
2026-03-25;-6.25;-39.25;19.83305931091309
2026-03-25;-6.25;-38.75;0.3644183576107025
2026-03-25;-6.25;-38.25;0.0
2026-03-25;-6.25;-37.75;0.0
2026-03-25;-6.25;-37.25;0.0
2026-03-25;-5.75;-41.25;32.31029510498047
2026-03-25;-5.75;-40.75;13.63568210601807
2026-03-25;-5.75;-40.25;6.788847923278809
2026-03-25;-5.75;-39.75;7.598361015319824
2026-03-25;-5.75;-39.25;4.567221641540527
2026-03-25;-5.75;-38.75;0.0
2026-03-25;-5.75;-38.25;0.0
2026-03-25;-5.75;-37.75;0.2473056316375732
2026-03-25;-5.75;-37.25;9.53427791595459
2026-03-25;-5.25;-41.25;0.6673142313957214
2026-03-25;-5.25;-40.75;2.010019063949585
2026-03-25;-5.25;-40.25;3.497410774230957
2026-03-25;-5.25;-39.75;0.3371558785438538
2026-03-25;-5.25;-39.25;0.0
2026-03-25;-5.25;-38.75;0.0
2026-03-25;-5.25;-38.25;0.0
2026-03-25;-5.25;-37.75;0.0
2026-03-25;-5.25;-37.25;4.799138069152832
2026-03-25;-4.75;-41.25;0.8553646802902222
2026-03-25;-4.75;-40.75;14.23941135406494
2026-03-25;-4.75;-40.25;30.23303031921387
2026-03-25;-4.75;-39.75;9.340023040771484
2026-03-25;-4.75;-39.25;0.0
2026-03-25;-4.75;-38.75;0.0
2026-03-25;-4.75;-38.25;0.0
2026-03-25;-4.75;-37.75;0.0
2026-03-25;-4.75;-37.25;0.4196383059024811
2026-03-25;-4.25;-41.25;11.39938068389893
2026-03-25;-4.25;-40.75;35.75899124145508
2026-03-25;-4.25;-40.25;39.79360198974609
2026-03-25;-4.25;-39.75;18.48304748535156
2026-03-25;-4.25;-39.25;0.3712525367736816
2026-03-25;-4.25;-38.75;0.0
2026-03-25;-4.25;-38.25;0.0
2026-03-25;-4.25;-37.75;0.0
2026-03-25;-4.25;-37.25;
2026-03-25;-3.75;-41.25;23.36025810241699
2026-03-25;-3.75;-40.75;18.29179382324219
2026-03-25;-3.75;-40.25;8.217352867126465
2026-03-25;-3.75;-39.75;1.286784410476685
2026-03-25;-3.75;-39.25;0.0
2026-03-25;-3.75;-38.75;0.0
2026-03-25;-3.75;-38.25;0.0
2026-03-25;-3.75;-37.75;
2026-03-25;-3.75;-37.25;
2026-03-25;-3.25;-41.25;61.85618591308594
2026-03-25;-3.25;-40.75;21.87605857849121
2026-03-25;-3.25;-40.25;0.2108839899301529
2026-03-25;-3.25;-39.75;0.0
2026-03-25;-3.25;-39.25;0.0
2026-03-25;-3.25;-38.75;0.0
2026-03-25;-3.25;-38.25;
2026-03-25;-3.25;-37.75;
2026-03-25;-3.25;-37.25;
2026-03-25;-2.75;-41.25;79.02793884277344
2026-03-25;-2.75;-40.75;43.24107360839844
2026-03-25;-2.75;-40.25;5.640178680419922
2026-03-25;-2.75;-39.75;0.0
2026-03-25;-2.75;-39.25;
2026-03-25;-2.75;-38.75;
2026-03-25;-2.75;-38.25;
2026-03-25;-2.75;-37.75;
2026-03-25;-2.75;-37.25;
2026-03-26;-7.75;-41.25;0.0
2026-03-26;-7.75;-40.75;0.0
2026-03-26;-7.75;-40.25;0.0
2026-03-26;-7.75;-39.75;0.0
2026-03-26;-7.75;-39.25;0.0
2026-03-26;-7.75;-38.75;1.372516632080078
2026-03-26;-7.75;-38.25;3.379680871963501
2026-03-26;-7.75;-37.75;1.107815265655518
2026-03-26;-7.75;-37.25;0.0
2026-03-26;-7.25;-41.25;0.8501785397529602
2026-03-26;-7.25;-40.75;0.2039306908845901
2026-03-26;-7.25;-40.25;0.0
2026-03-26;-7.25;-39.75;0.0
2026-03-26;-7.25;-39.25;0.9346235990524292
2026-03-26;-7.25;-38.75;6.595893859863281
2026-03-26;-7.25;-38.25;2.11979603767395
2026-03-26;-7.25;-37.75;0.2898436784744263
2026-03-26;-7.25;-37.25;0.0
2026-03-26;-6.75;-41.25;8.332390785217285
2026-03-26;-6.75;-40.75;4.229671001434326
2026-03-26;-6.75;-40.25;0.0
2026-03-26;-6.75;-39.75;0.0
2026-03-26;-6.75;-39.25;0.5900060534477234
2026-03-26;-6.75;-38.75;1.906519532203674
2026-03-26;-6.75;-38.25;0.2513177096843719
2026-03-26;-6.75;-37.75;4.660444736480713
2026-03-26;-6.75;-37.25;0.0
2026-03-26;-6.25;-41.25;10.71284198760986
2026-03-26;-6.25;-40.75;5.248465061187744
2026-03-26;-6.25;-40.25;0.0
2026-03-26;-6.25;-39.75;0.0
2026-03-26;-6.25;-39.25;0.0
2026-03-26;-6.25;-38.75;0.0
2026-03-26;-6.25;-38.25;5.951973915100098
2026-03-26;-6.25;-37.75;14.05363750457764
2026-03-26;-6.25;-37.25;0.622703492641449
2026-03-26;-5.75;-41.25;10.91266441345215
2026-03-26;-5.75;-40.75;3.555723667144775
2026-03-26;-5.75;-40.25;0.0
2026-03-26;-5.75;-39.75;0.0
2026-03-26;-5.75;-39.25;0.0
2026-03-26;-5.75;-38.75;0.0
2026-03-26;-5.75;-38.25;17.67313385009766
2026-03-26;-5.75;-37.75;61.41860961914062
2026-03-26;-5.75;-37.25;12.11455821990967
2026-03-26;-5.25;-41.25;4.038319110870361
2026-03-26;-5.25;-40.75;0.3064836859703064
2026-03-26;-5.25;-40.25;0.0
2026-03-26;-5.25;-39.75;0.0
2026-03-26;-5.25;-39.25;0.0
2026-03-26;-5.25;-38.75;0.0
2026-03-26;-5.25;-38.25;1.557160139083862
2026-03-26;-5.25;-37.75;22.75477600097656
2026-03-26;-5.25;-37.25;6.0888671875
2026-03-26;-4.75;-41.25;0.2275136113166809
2026-03-26;-4.75;-40.75;0.0
2026-03-26;-4.75;-40.25;0.0
2026-03-26;-4.75;-39.75;0.0
2026-03-26;-4.75;-39.25;0.0
2026-03-26;-4.75;-38.75;0.0
2026-03-26;-4.75;-38.25;0.0
2026-03-26;-4.75;-37.75;0.0
2026-03-26;-4.75;-37.25;0.0
2026-03-26;-4.25;-41.25;0.0
2026-03-26;-4.25;-40.75;0.4266866743564606
2026-03-26;-4.25;-40.25;2.924005746841431
2026-03-26;-4.25;-39.75;3.059942245483398
2026-03-26;-4.25;-39.25;0.0
2026-03-26;-4.25;-38.75;1.008753538131714
2026-03-26;-4.25;-38.25;0.7528460025787354
2026-03-26;-4.25;-37.75;0.0
2026-03-26;-4.25;-37.25;
2026-03-26;-3.75;-41.25;0.0
2026-03-26;-3.75;-40.75;9.655404090881348
2026-03-26;-3.75;-40.25;29.48970031738281
2026-03-26;-3.75;-39.75;11.54733562469482
2026-03-26;-3.75;-39.25;0.6734380722045898
2026-03-26;-3.75;-38.75;1.213797330856323
2026-03-26;-3.75;-38.25;1.679503679275513
2026-03-26;-3.75;-37.75;
2026-03-26;-3.75;-37.25;
2026-03-26;-3.25;-41.25;1.665162682533264
2026-03-26;-3.25;-40.75;2.337801694869995
2026-03-26;-3.25;-40.25;5.620241641998291
2026-03-26;-3.25;-39.75;5.880630016326904
2026-03-26;-3.25;-39.25;0.5409396886825562
2026-03-26;-3.25;-38.75;0.7244516015052795
2026-03-26;-3.25;-38.25;
2026-03-26;-3.25;-37.75;
2026-03-26;-3.25;-37.25;
2026-03-26;-2.75;-41.25;1.639495253562927
2026-03-26;-2.75;-40.75;1.098311424255371
2026-03-26;-2.75;-40.25;1.807877659797668
2026-03-26;-2.75;-39.75;2.371184825897217
2026-03-26;-2.75;-39.25;
2026-03-26;-2.75;-38.75;
2026-03-26;-2.75;-38.25;
2026-03-26;-2.75;-37.75;
2026-03-26;-2.75;-37.25;
2026-03-27;-7.75;-41.25;0.0
2026-03-27;-7.75;-40.75;0.0
2026-03-27;-7.75;-40.25;0.0
2026-03-27;-7.75;-39.75;0.0
2026-03-27;-7.75;-39.25;0.0
2026-03-27;-7.75;-38.75;0.0
2026-03-27;-7.75;-38.25;0.0
2026-03-27;-7.75;-37.75;0.0
2026-03-27;-7.75;-37.25;0.0
2026-03-27;-7.25;-41.25;0.0
2026-03-27;-7.25;-40.75;0.0
2026-03-27;-7.25;-40.25;0.8928425312042236
2026-03-27;-7.25;-39.75;1.016652822494507
2026-03-27;-7.25;-39.25;0.0
2026-03-27;-7.25;-38.75;0.5026727318763733
2026-03-27;-7.25;-38.25;0.0
2026-03-27;-7.25;-37.75;0.0
2026-03-27;-7.25;-37.25;0.0
2026-03-27;-6.75;-41.25;0.0
2026-03-27;-6.75;-40.75;2.269452571868896
2026-03-27;-6.75;-40.25;7.356841087341309
2026-03-27;-6.75;-39.75;6.983903884887695
2026-03-27;-6.75;-39.25;1.789485096931458
2026-03-27;-6.75;-38.75;0.0
2026-03-27;-6.75;-38.25;0.0
2026-03-27;-6.75;-37.75;0.0
2026-03-27;-6.75;-37.25;0.0
2026-03-27;-6.25;-41.25;0.0
2026-03-27;-6.25;-40.75;2.159727811813354
2026-03-27;-6.25;-40.25;7.661986827850342
2026-03-27;-6.25;-39.75;6.580968856811523
2026-03-27;-6.25;-39.25;0.3632163107395172
2026-03-27;-6.25;-38.75;0.4182642996311188
2026-03-27;-6.25;-38.25;0.4659963548183441
2026-03-27;-6.25;-37.75;0.0
2026-03-27;-6.25;-37.25;0.0
2026-03-27;-5.75;-41.25;0.0
2026-03-27;-5.75;-40.75;0.0
2026-03-27;-5.75;-40.25;4.896378993988037
2026-03-27;-5.75;-39.75;5.783463001251221
2026-03-27;-5.75;-39.25;4.433864593505859
2026-03-27;-5.75;-38.75;1.608556866645813
2026-03-27;-5.75;-38.25;0.3526381552219391
2026-03-27;-5.75;-37.75;0.0
2026-03-27;-5.75;-37.25;0.0
2026-03-27;-5.25;-41.25;0.2394856810569763
2026-03-27;-5.25;-40.75;0.0
2026-03-27;-5.25;-40.25;2.154786109924316
2026-03-27;-5.25;-39.75;5.551551342010498
2026-03-27;-5.25;-39.25;2.594479084014893
2026-03-27;-5.25;-38.75;0.0
2026-03-27;-5.25;-38.25;0.0
2026-03-27;-5.25;-37.75;0.0
2026-03-27;-5.25;-37.25;1.025311946868896
2026-03-27;-4.75;-41.25;0.0
2026-03-27;-4.75;-40.75;0.0
2026-03-27;-4.75;-40.25;0.4841350913047791
2026-03-27;-4.75;-39.75;2.112993240356445
2026-03-27;-4.75;-39.25;1.741348266601562
2026-03-27;-4.75;-38.75;0.0
2026-03-27;-4.75;-38.25;0.0
2026-03-27;-4.75;-37.75;0.0
2026-03-27;-4.75;-37.25;1.935474157333374
2026-03-27;-4.25;-41.25;0.0
2026-03-27;-4.25;-40.75;0.0
2026-03-27;-4.25;-40.25;0.4807771742343903
2026-03-27;-4.25;-39.75;0.0
2026-03-27;-4.25;-39.25;2.357482194900513
2026-03-27;-4.25;-38.75;21.56717681884766
2026-03-27;-4.25;-38.25;14.9306526184082
2026-03-27;-4.25;-37.75;0.338304877281189
2026-03-27;-4.25;-37.25;
2026-03-27;-3.75;-41.25;4.473284721374512
2026-03-27;-3.75;-40.75;1.603067874908447
2026-03-27;-3.75;-40.25;0.5954182147979736
2026-03-27;-3.75;-39.75;0.0
2026-03-27;-3.75;-39.25;0.4545628130435944
2026-03-27;-3.75;-38.75;24.62374496459961
2026-03-27;-3.75;-38.25;33.66535949707031
2026-03-27;-3.75;-37.75;
2026-03-27;-3.75;-37.25;
2026-03-27;-3.25;-41.25;32.47872924804688
2026-03-27;-3.25;-40.75;11.30783271789551
2026-03-27;-3.25;-40.25;0.0
2026-03-27;-3.25;-39.75;0.0
2026-03-27;-3.25;-39.25;0.0
2026-03-27;-3.25;-38.75;16.09806251525879
2026-03-27;-3.25;-38.25;
2026-03-27;-3.25;-37.75;
2026-03-27;-3.25;-37.25;
2026-03-27;-2.75;-41.25;50.99966812133789
2026-03-27;-2.75;-40.75;23.93529891967773
2026-03-27;-2.75;-40.25;0.6753135323524475
2026-03-27;-2.75;-39.75;0.0
2026-03-27;-2.75;-39.25;
2026-03-27;-2.75;-38.75;
2026-03-27;-2.75;-38.25;
2026-03-27;-2.75;-37.75;
2026-03-27;-2.75;-37.25;
2026-03-28;-7.75;-41.25;0.0
2026-03-28;-7.75;-40.75;0.516862690448761
2026-03-28;-7.75;-40.25;7.043987274169922
2026-03-28;-7.75;-39.75;18.2215576171875
2026-03-28;-7.75;-39.25;23.03451728820801
2026-03-28;-7.75;-38.75;20.13739395141602
2026-03-28;-7.75;-38.25;16.53882026672363
2026-03-28;-7.75;-37.75;104.911247253418
2026-03-28;-7.75;-37.25;174.7580108642578
2026-03-28;-7.25;-41.25;0.0
2026-03-28;-7.25;-40.75;0.0
2026-03-28;-7.25;-40.25;0.3874393403530121
2026-03-28;-7.25;-39.75;3.563212871551514
2026-03-28;-7.25;-39.25;5.381749153137207
2026-03-28;-7.25;-38.75;2.778843879699707
2026-03-28;-7.25;-38.25;4.468474864959717
2026-03-28;-7.25;-37.75;8.200130462646484
2026-03-28;-7.25;-37.25;37.34671401977539
2026-03-28;-6.75;-41.25;0.0
2026-03-28;-6.75;-40.75;0.0
2026-03-28;-6.75;-40.25;0.0
2026-03-28;-6.75;-39.75;0.0
2026-03-28;-6.75;-39.25;0.0
2026-03-28;-6.75;-38.75;0.2107665240764618
2026-03-28;-6.75;-38.25;0.5317051410675049
2026-03-28;-6.75;-37.75;19.32043266296387
2026-03-28;-6.75;-37.25;26.66708183288574
2026-03-28;-6.25;-41.25;0.0
2026-03-28;-6.25;-40.75;0.0
2026-03-28;-6.25;-40.25;0.0
2026-03-28;-6.25;-39.75;0.0
2026-03-28;-6.25;-39.25;0.2277456223964691
2026-03-28;-6.25;-38.75;2.826551914215088
2026-03-28;-6.25;-38.25;6.61229419708252
2026-03-28;-6.25;-37.75;40.67457580566406
2026-03-28;-6.25;-37.25;84.5524673461914
2026-03-28;-5.75;-41.25;0.0
2026-03-28;-5.75;-40.75;0.0
2026-03-28;-5.75;-40.25;6.741829395294189
2026-03-28;-5.75;-39.75;12.14611339569092
2026-03-28;-5.75;-39.25;8.350550651550293
2026-03-28;-5.75;-38.75;8.113100051879883
2026-03-28;-5.75;-38.25;8.915969848632812
2026-03-28;-5.75;-37.75;22.9644775390625
2026-03-28;-5.75;-37.25;57.40024566650391
2026-03-28;-5.25;-41.25;0.0
2026-03-28;-5.25;-40.75;0.0
2026-03-28;-5.25;-40.25;17.36149024963379
2026-03-28;-5.25;-39.75;43.16660690307617
2026-03-28;-5.25;-39.25;53.78854751586914
2026-03-28;-5.25;-38.75;42.67504119873047
2026-03-28;-5.25;-38.25;17.18304824829102
2026-03-28;-5.25;-37.75;8.316727638244629
2026-03-28;-5.25;-37.25;2.025915145874023
2026-03-28;-4.75;-41.25;0.9886247515678406
2026-03-28;-4.75;-40.75;0.0
2026-03-28;-4.75;-40.25;4.441648483276367
2026-03-28;-4.75;-39.75;34.41459274291992
2026-03-28;-4.75;-39.25;61.61403274536133
2026-03-28;-4.75;-38.75;51.74721145629883
2026-03-28;-4.75;-38.25;27.28574180603027
2026-03-28;-4.75;-37.75;14.26612377166748
2026-03-28;-4.75;-37.25;9.018889427185059
2026-03-28;-4.25;-41.25;11.54002475738525
2026-03-28;-4.25;-40.75;5.070927619934082
2026-03-28;-4.25;-40.25;2.869155406951904
2026-03-28;-4.25;-39.75;6.143404006958008
2026-03-28;-4.25;-39.25;18.06305885314941
2026-03-28;-4.25;-38.75;35.96501541137695
2026-03-28;-4.25;-38.25;32.63259124755859
2026-03-28;-4.25;-37.75;21.35578536987305
2026-03-28;-4.25;-37.25;
2026-03-28;-3.75;-41.25;28.82436370849609
2026-03-28;-3.75;-40.75;85.2453842163086
2026-03-28;-3.75;-40.25;21.92796325683594
2026-03-28;-3.75;-39.75;9.013664245605469
2026-03-28;-3.75;-39.25;4.059641361236572
2026-03-28;-3.75;-38.75;28.80113410949707
2026-03-28;-3.75;-38.25;36.53299331665039
2026-03-28;-3.75;-37.75;
2026-03-28;-3.75;-37.25;
2026-03-28;-3.25;-41.25;17.7149486541748
2026-03-28;-3.25;-40.75;94.3025131225586
2026-03-28;-3.25;-40.25;31.43705749511719
2026-03-28;-3.25;-39.75;10.44795417785645
2026-03-28;-3.25;-39.25;9.114609718322754
2026-03-28;-3.25;-38.75;22.61567878723145
2026-03-28;-3.25;-38.25;
2026-03-28;-3.25;-37.75;
2026-03-28;-3.25;-37.25;
2026-03-28;-2.75;-41.25;10.32574272155762
2026-03-28;-2.75;-40.75;31.99837875366211
2026-03-28;-2.75;-40.25;21.70348739624023
2026-03-28;-2.75;-39.75;9.199289321899414
2026-03-28;-2.75;-39.25;
2026-03-28;-2.75;-38.75;
2026-03-28;-2.75;-38.25;
2026-03-28;-2.75;-37.75;
2026-03-28;-2.75;-37.25;
2026-03-29;-7.75;-41.25;0.0
2026-03-29;-7.75;-40.75;0.0
2026-03-29;-7.75;-40.25;11.87203788757324
2026-03-29;-7.75;-39.75;47.48688125610352
2026-03-29;-7.75;-39.25;68.60697174072266
2026-03-29;-7.75;-38.75;53.85632705688477
2026-03-29;-7.75;-38.25;13.5271110534668
2026-03-29;-7.75;-37.75;45.37461853027344
2026-03-29;-7.75;-37.25;78.21368408203125
2026-03-29;-7.25;-41.25;0.0
2026-03-29;-7.25;-40.75;2.682970762252808
2026-03-29;-7.25;-40.25;15.27587604522705
2026-03-29;-7.25;-39.75;17.02957725524902
2026-03-29;-7.25;-39.25;7.319841384887695
2026-03-29;-7.25;-38.75;3.686236381530762
2026-03-29;-7.25;-38.25;2.947339534759521
2026-03-29;-7.25;-37.75;4.660793781280518
2026-03-29;-7.25;-37.25;30.07924842834473
2026-03-29;-6.75;-41.25;0.919382631778717
2026-03-29;-6.75;-40.75;7.988215923309326
2026-03-29;-6.75;-40.25;18.91927146911621
2026-03-29;-6.75;-39.75;18.87167358398438
2026-03-29;-6.75;-39.25;10.95687961578369
2026-03-29;-6.75;-38.75;0.2062795758247375
2026-03-29;-6.75;-38.25;0.3097670078277588
2026-03-29;-6.75;-37.75;3.228848934173584
2026-03-29;-6.75;-37.25;0.0
2026-03-29;-6.25;-41.25;7.698322296142578
2026-03-29;-6.25;-40.75;6.734354019165039
2026-03-29;-6.25;-40.25;16.44968605041504
2026-03-29;-6.25;-39.75;14.24790096282959
2026-03-29;-6.25;-39.25;7.074658870697021
2026-03-29;-6.25;-38.75;0.0
2026-03-29;-6.25;-38.25;0.6637582778930664
2026-03-29;-6.25;-37.75;0.4166987836360931
2026-03-29;-6.25;-37.25;0.0
2026-03-29;-5.75;-41.25;18.31687164306641
2026-03-29;-5.75;-40.75;2.233333349227905
2026-03-29;-5.75;-40.25;4.276013851165771
2026-03-29;-5.75;-39.75;1.332770705223083
2026-03-29;-5.75;-39.25;0.5781248211860657
2026-03-29;-5.75;-38.75;0.0
2026-03-29;-5.75;-38.25;0.0
2026-03-29;-5.75;-37.75;0.9039767384529114
2026-03-29;-5.75;-37.25;2.246781826019287
2026-03-29;-5.25;-41.25;8.783748626708984
2026-03-29;-5.25;-40.75;0.0
2026-03-29;-5.25;-40.25;0.0
2026-03-29;-5.25;-39.75;0.0
2026-03-29;-5.25;-39.25;0.0
2026-03-29;-5.25;-38.75;0.4556519985198975
2026-03-29;-5.25;-38.25;0.8163411617279053
2026-03-29;-5.25;-37.75;0.0
2026-03-29;-5.25;-37.25;0.0
2026-03-29;-4.75;-41.25;1.384854912757874
2026-03-29;-4.75;-40.75;1.564055800437927
2026-03-29;-4.75;-40.25;2.453521966934204
2026-03-29;-4.75;-39.75;3.957668304443359
2026-03-29;-4.75;-39.25;0.0
2026-03-29;-4.75;-38.75;0.7909622192382812
2026-03-29;-4.75;-38.25;0.5407467484474182
2026-03-29;-4.75;-37.75;1.480402588844299
2026-03-29;-4.75;-37.25;0.9658693671226501
2026-03-29;-4.25;-41.25;6.286709785461426
2026-03-29;-4.25;-40.75;1.565147638320923
2026-03-29;-4.25;-40.25;4.83021068572998
2026-03-29;-4.25;-39.75;14.58638000488281
2026-03-29;-4.25;-39.25;9.337403297424316
2026-03-29;-4.25;-38.75;0.7956398725509644
2026-03-29;-4.25;-38.25;0.4691775441169739
2026-03-29;-4.25;-37.75;1.511144876480103
2026-03-29;-4.25;-37.25;
2026-03-29;-3.75;-41.25;17.50621223449707
2026-03-29;-3.75;-40.75;9.165653228759766
2026-03-29;-3.75;-40.25;47.87015533447266
2026-03-29;-3.75;-39.75;43.58214950561523
2026-03-29;-3.75;-39.25;14.62887954711914
2026-03-29;-3.75;-38.75;2.267852067947388
2026-03-29;-3.75;-38.25;0.0
2026-03-29;-3.75;-37.75;
2026-03-29;-3.75;-37.25;
2026-03-29;-3.25;-41.25;62.45599746704102
2026-03-29;-3.25;-40.75;37.26842880249023
2026-03-29;-3.25;-40.25;82.88912200927734
2026-03-29;-3.25;-39.75;60.57778930664062
2026-03-29;-3.25;-39.25;27.73956680297852
2026-03-29;-3.25;-38.75;7.314416885375977
2026-03-29;-3.25;-38.25;
2026-03-29;-3.25;-37.75;
2026-03-29;-3.25;-37.25;
2026-03-29;-2.75;-41.25;98.96833038330078
2026-03-29;-2.75;-40.75;65.7870101928711
2026-03-29;-2.75;-40.25;53.82703018188477
2026-03-29;-2.75;-39.75;52.47149658203125
2026-03-29;-2.75;-39.25;
2026-03-29;-2.75;-38.75;
2026-03-29;-2.75;-38.25;
2026-03-29;-2.75;-37.75;
2026-03-29;-2.75;-37.25;
2026-03-30;-7.75;-41.25;67.26707458496094
2026-03-30;-7.75;-40.75;103.1456069946289
2026-03-30;-7.75;-40.25;165.1719818115234
2026-03-30;-7.75;-39.75;128.1551361083984
2026-03-30;-7.75;-39.25;15.08540725708008
2026-03-30;-7.75;-38.75;1.671221017837524
2026-03-30;-7.75;-38.25;3.492322444915771
2026-03-30;-7.75;-37.75;192.551513671875
2026-03-30;-7.75;-37.25;427.0415954589844
2026-03-30;-7.25;-41.25;40.34170532226562
2026-03-30;-7.25;-40.75;90.78910064697266
2026-03-30;-7.25;-40.25;117.6352157592773
2026-03-30;-7.25;-39.75;49.79886245727539
2026-03-30;-7.25;-39.25;1.381483316421509
2026-03-30;-7.25;-38.75;0.6654528975486755
2026-03-30;-7.25;-38.25;8.162877082824707
2026-03-30;-7.25;-37.75;31.39639663696289
2026-03-30;-7.25;-37.25;88.38650512695312
2026-03-30;-6.75;-41.25;8.0560302734375
2026-03-30;-6.75;-40.75;20.1433219909668
2026-03-30;-6.75;-40.25;15.7045955657959
2026-03-30;-6.75;-39.75;6.050195693969727
2026-03-30;-6.75;-39.25;1.893159627914429
2026-03-30;-6.75;-38.75;3.764403820037842
2026-03-30;-6.75;-38.25;17.93400764465332
2026-03-30;-6.75;-37.75;12.07444667816162
2026-03-30;-6.75;-37.25;0.3997140824794769
2026-03-30;-6.25;-41.25;4.457178592681885
2026-03-30;-6.25;-40.75;4.533382415771484
2026-03-30;-6.25;-40.25;5.159450054168701
2026-03-30;-6.25;-39.75;5.123935222625732
2026-03-30;-6.25;-39.25;3.405488729476929
2026-03-30;-6.25;-38.75;1.903361320495605
2026-03-30;-6.25;-38.25;7.13287878036499
2026-03-30;-6.25;-37.75;1.085013866424561
2026-03-30;-6.25;-37.25;0.0
2026-03-30;-5.75;-41.25;0.7919588088989258
2026-03-30;-5.75;-40.75;0.2022160589694977
2026-03-30;-5.75;-40.25;3.246160507202148
2026-03-30;-5.75;-39.75;4.370141983032227
2026-03-30;-5.75;-39.25;4.058355331420898
2026-03-30;-5.75;-38.75;0.0
2026-03-30;-5.75;-38.25;0.0
2026-03-30;-5.75;-37.75;0.0
2026-03-30;-5.75;-37.25;0.0
2026-03-30;-5.25;-41.25;0.0
2026-03-30;-5.25;-40.75;0.0
2026-03-30;-5.25;-40.25;0.6831527352333069
2026-03-30;-5.25;-39.75;0.9847689867019653
2026-03-30;-5.25;-39.25;0.5278726816177368
2026-03-30;-5.25;-38.75;0.0
2026-03-30;-5.25;-38.25;0.0
2026-03-30;-5.25;-37.75;0.0
2026-03-30;-5.25;-37.25;0.0
2026-03-30;-4.75;-41.25;0.0
2026-03-30;-4.75;-40.75;0.0
2026-03-30;-4.75;-40.25;0.9793962836265564
2026-03-30;-4.75;-39.75;0.8277326822280884
2026-03-30;-4.75;-39.25;0.0
2026-03-30;-4.75;-38.75;0.0
2026-03-30;-4.75;-38.25;0.0
2026-03-30;-4.75;-37.75;0.0
2026-03-30;-4.75;-37.25;0.0
2026-03-30;-4.25;-41.25;0.3785379230976105
2026-03-30;-4.25;-40.75;0.979202151298523
2026-03-30;-4.25;-40.25;8.718305587768555
2026-03-30;-4.25;-39.75;12.51073837280273
2026-03-30;-4.25;-39.25;0.0
2026-03-30;-4.25;-38.75;0.0
2026-03-30;-4.25;-38.25;0.0
2026-03-30;-4.25;-37.75;0.0
2026-03-30;-4.25;-37.25;
2026-03-30;-3.75;-41.25;22.79973983764648
2026-03-30;-3.75;-40.75;25.15696144104004
2026-03-30;-3.75;-40.25;79.1146469116211
2026-03-30;-3.75;-39.75;40.05289077758789
2026-03-30;-3.75;-39.25;3.286064863204956
2026-03-30;-3.75;-38.75;0.0
2026-03-30;-3.75;-38.25;0.0
2026-03-30;-3.75;-37.75;
2026-03-30;-3.75;-37.25;
2026-03-30;-3.25;-41.25;143.6796112060547
2026-03-30;-3.25;-40.75;58.14078903198242
2026-03-30;-3.25;-40.25;45.48685455322266
2026-03-30;-3.25;-39.75;32.6093635559082
2026-03-30;-3.25;-39.25;12.23142719268799
2026-03-30;-3.25;-38.75;1.440646886825562
2026-03-30;-3.25;-38.25;
2026-03-30;-3.25;-37.75;
2026-03-30;-3.25;-37.25;
2026-03-30;-2.75;-41.25;228.3227081298828
2026-03-30;-2.75;-40.75;117.201042175293
2026-03-30;-2.75;-40.25;41.53044509887695
2026-03-30;-2.75;-39.75;23.54952621459961
2026-03-30;-2.75;-39.25;
2026-03-30;-2.75;-38.75;
2026-03-30;-2.75;-38.25;
2026-03-30;-2.75;-37.75;
2026-03-30;-2.75;-37.25;
2026-03-31;-7.75;-41.25;17.00866317749023
2026-03-31;-7.75;-40.75;13.22228336334229
2026-03-31;-7.75;-40.25;18.89755058288574
2026-03-31;-7.75;-39.75;23.66459846496582
2026-03-31;-7.75;-39.25;26.99791717529297
2026-03-31;-7.75;-38.75;64.6399154663086
2026-03-31;-7.75;-38.25;129.7565307617188
2026-03-31;-7.75;-37.75;97.0516586303711
2026-03-31;-7.75;-37.25;96.85921478271484
2026-03-31;-7.25;-41.25;56.54619216918945
2026-03-31;-7.25;-40.75;33.22640991210938
2026-03-31;-7.25;-40.25;22.71117210388184
2026-03-31;-7.25;-39.75;49.50260925292969
2026-03-31;-7.25;-39.25;120.48974609375
2026-03-31;-7.25;-38.75;214.5524444580078
2026-03-31;-7.25;-38.25;264.6838684082031
2026-03-31;-7.25;-37.75;147.6034088134766
2026-03-31;-7.25;-37.25;39.06655120849609
2026-03-31;-6.75;-41.25;113.0613327026367
2026-03-31;-6.75;-40.75;82.8937759399414
2026-03-31;-6.75;-40.25;56.3587532043457
2026-03-31;-6.75;-39.75;101.3422546386719
2026-03-31;-6.75;-39.25;215.6799926757812
2026-03-31;-6.75;-38.75;287.0625610351562
2026-03-31;-6.75;-38.25;287.9313659667969
2026-03-31;-6.75;-37.75;159.4060668945312
2026-03-31;-6.75;-37.25;17.6794319152832
2026-03-31;-6.25;-41.25;137.1234283447266
2026-03-31;-6.25;-40.75;122.1375045776367
2026-03-31;-6.25;-40.25;91.22776794433594
2026-03-31;-6.25;-39.75;109.1952667236328
2026-03-31;-6.25;-39.25;175.2310485839844
2026-03-31;-6.25;-38.75;216.8864288330078
2026-03-31;-6.25;-38.25;194.1773223876953
2026-03-31;-6.25;-37.75;93.44821166992188
2026-03-31;-6.25;-37.25;7.118396282196045
2026-03-31;-5.75;-41.25;121.9582138061523
2026-03-31;-5.75;-40.75;118.8526763916016
2026-03-31;-5.75;-40.25;86.70712280273438
2026-03-31;-5.75;-39.75;78.4916763305664
2026-03-31;-5.75;-39.25;83.05060577392578
2026-03-31;-5.75;-38.75;79.15597534179688
2026-03-31;-5.75;-38.25;54.43017959594727
2026-03-31;-5.75;-37.75;18.82923889160156
2026-03-31;-5.75;-37.25;16.7487678527832
2026-03-31;-5.25;-41.25;86.83771514892578
2026-03-31;-5.25;-40.75;93.10042572021484
2026-03-31;-5.25;-40.25;73.4791259765625
2026-03-31;-5.25;-39.75;65.61216735839844
2026-03-31;-5.25;-39.25;65.81421661376953
2026-03-31;-5.25;-38.75;39.6211051940918
2026-03-31;-5.25;-38.25;18.42144775390625
2026-03-31;-5.25;-37.75;12.18904304504395
2026-03-31;-5.25;-37.25;19.02975845336914
2026-03-31;-4.75;-41.25;52.29803085327148
2026-03-31;-4.75;-40.75;69.3577651977539
2026-03-31;-4.75;-40.25;64.15705108642578
2026-03-31;-4.75;-39.75;55.99567794799805
2026-03-31;-4.75;-39.25;49.73155212402344
2026-03-31;-4.75;-38.75;30.92031288146973
2026-03-31;-4.75;-38.25;19.45669555664062
2026-03-31;-4.75;-37.75;15.6273021697998
2026-03-31;-4.75;-37.25;18.50334739685059
2026-03-31;-4.25;-41.25;43.87539672851562
2026-03-31;-4.25;-40.75;56.06887817382812
2026-03-31;-4.25;-40.25;53.71306610107422
2026-03-31;-4.25;-39.75;40.63103485107422
2026-03-31;-4.25;-39.25;28.18798828125
2026-03-31;-4.25;-38.75;15.31268978118896
2026-03-31;-4.25;-38.25;10.86842250823975
2026-03-31;-4.25;-37.75;11.55706882476807
2026-03-31;-4.25;-37.25;
2026-03-31;-3.75;-41.25;86.73831939697266
2026-03-31;-3.75;-40.75;48.63846206665039
2026-03-31;-3.75;-40.25;34.30854034423828
2026-03-31;-3.75;-39.75;22.15875816345215
2026-03-31;-3.75;-39.25;12.58109760284424
2026-03-31;-3.75;-38.75;3.352277517318726
2026-03-31;-3.75;-38.25;2.46532678604126
2026-03-31;-3.75;-37.75;
2026-03-31;-3.75;-37.25;
2026-03-31;-3.25;-41.25;216.5241394042969
2026-03-31;-3.25;-40.75;47.45812225341797
2026-03-31;-3.25;-40.25;11.0790319442749
2026-03-31;-3.25;-39.75;6.723435401916504
2026-03-31;-3.25;-39.25;3.834840774536133
2026-03-31;-3.25;-38.75;1.554389834403992
2026-03-31;-3.25;-38.25;
2026-03-31;-3.25;-37.75;
2026-03-31;-3.25;-37.25;
2026-03-31;-2.75;-41.25;275.7477722167969
2026-03-31;-2.75;-40.75;57.45162200927734
2026-03-31;-2.75;-40.25;2.761386871337891
2026-03-31;-2.75;-39.75;0.9602138996124268
2026-03-31;-2.75;-39.25;
2026-03-31;-2.75;-38.75;
2026-03-31;-2.75;-38.25;
2026-03-31;-2.75;-37.75;
2026-03-31;-2.75;-37.25;
2026-04-01;-7.75;-41.25;28.3151741027832
2026-04-01;-7.75;-40.75;22.94577980041504
2026-04-01;-7.75;-40.25;14.53556060791016
2026-04-01;-7.75;-39.75;15.24714660644531
2026-04-01;-7.75;-39.25;22.5059642791748
2026-04-01;-7.75;-38.75;61.77710723876953
2026-04-01;-7.75;-38.25;127.2598342895508
2026-04-01;-7.75;-37.75;126.5867462158203
2026-04-01;-7.75;-37.25;65.3027572631836
2026-04-01;-7.25;-41.25;47.776123046875
2026-04-01;-7.25;-40.75;33.7208366394043
2026-04-01;-7.25;-40.25;27.97319221496582
2026-04-01;-7.25;-39.75;51.26985168457031
2026-04-01;-7.25;-39.25;94.03108978271484
2026-04-01;-7.25;-38.75;152.9831237792969
2026-04-01;-7.25;-38.25;199.46484375
2026-04-01;-7.25;-37.75;187.7884063720703
2026-04-01;-7.25;-37.25;169.7382659912109
2026-04-01;-6.75;-41.25;60.64980316162109
2026-04-01;-6.75;-40.75;47.45490646362305
2026-04-01;-6.75;-40.25;46.45187377929688
2026-04-01;-6.75;-39.75;85.13882446289062
2026-04-01;-6.75;-39.25;140.5120697021484
2026-04-01;-6.75;-38.75;201.9882202148438
2026-04-01;-6.75;-38.25;236.0304565429688
2026-04-01;-6.75;-37.75;227.4067535400391
2026-04-01;-6.75;-37.25;233.0893707275391
2026-04-01;-6.25;-41.25;60.16957092285156
2026-04-01;-6.25;-40.75;49.61904144287109
2026-04-01;-6.25;-40.25;38.59426116943359
2026-04-01;-6.25;-39.75;58.56952285766602
2026-04-01;-6.25;-39.25;100.7351684570312
2026-04-01;-6.25;-38.75;148.6441650390625
2026-04-01;-6.25;-38.25;187.3565216064453
2026-04-01;-6.25;-37.75;202.4465942382812
2026-04-01;-6.25;-37.25;224.6945343017578
2026-04-01;-5.75;-41.25;51.18565368652344
2026-04-01;-5.75;-40.75;40.37134552001953
2026-04-01;-5.75;-40.25;22.29021644592285
2026-04-01;-5.75;-39.75;22.30937194824219
2026-04-01;-5.75;-39.25;37.33728408813477
2026-04-01;-5.75;-38.75;63.70534896850586
2026-04-01;-5.75;-38.25;89.6562271118164
2026-04-01;-5.75;-37.75;109.4281616210938
2026-04-01;-5.75;-37.25;87.93286895751953
2026-04-01;-5.25;-41.25;30.9625072479248
2026-04-01;-5.25;-40.75;26.2938346862793
2026-04-01;-5.25;-40.25;14.01145648956299
2026-04-01;-5.25;-39.75;11.25903606414795
2026-04-01;-5.25;-39.25;12.11031627655029
2026-04-01;-5.25;-38.75;22.36072540283203
2026-04-01;-5.25;-38.25;31.16165924072266
2026-04-01;-5.25;-37.75;43.78098297119141
2026-04-01;-5.25;-37.25;32.76797485351562
2026-04-01;-4.75;-41.25;12.0219202041626
2026-04-01;-4.75;-40.75;13.80530261993408
2026-04-01;-4.75;-40.25;10.56186103820801
2026-04-01;-4.75;-39.75;10.16156482696533
2026-04-01;-4.75;-39.25;10.82065773010254
2026-04-01;-4.75;-38.75;15.19175624847412
2026-04-01;-4.75;-38.25;19.05956077575684
2026-04-01;-4.75;-37.75;19.87851905822754
2026-04-01;-4.75;-37.25;19.04961013793945
2026-04-01;-4.25;-41.25;1.804283261299133
2026-04-01;-4.25;-40.75;8.126107215881348
2026-04-01;-4.25;-40.25;8.446371078491211
2026-04-01;-4.25;-39.75;8.02116870880127
2026-04-01;-4.25;-39.25;7.351217746734619
2026-04-01;-4.25;-38.75;6.497777462005615
2026-04-01;-4.25;-38.25;7.660209178924561
2026-04-01;-4.25;-37.75;9.329218864440918
2026-04-01;-4.25;-37.25;
2026-04-01;-3.75;-41.25;0.0
2026-04-01;-3.75;-40.75;5.658960342407227
2026-04-01;-3.75;-40.25;5.316517353057861
2026-04-01;-3.75;-39.75;5.318981647491455
2026-04-01;-3.75;-39.25;3.689596891403198
2026-04-01;-3.75;-38.75;1.0521000623703
2026-04-01;-3.75;-38.25;1.388051986694336
2026-04-01;-3.75;-37.75;
2026-04-01;-3.75;-37.25;
2026-04-01;-3.25;-41.25;0.0
2026-04-01;-3.25;-40.75;0.5791122913360596
2026-04-01;-3.25;-40.25;2.422556638717651
2026-04-01;-3.25;-39.75;3.308984994888306
2026-04-01;-3.25;-39.25;2.291869878768921
2026-04-01;-3.25;-38.75;0.888414204120636
2026-04-01;-3.25;-38.25;
2026-04-01;-3.25;-37.75;
2026-04-01;-3.25;-37.25;
2026-04-01;-2.75;-41.25;0.0
2026-04-01;-2.75;-40.75;0.0
2026-04-01;-2.75;-40.25;0.713861882686615
2026-04-01;-2.75;-39.75;1.942263841629028
2026-04-01;-2.75;-39.25;
2026-04-01;-2.75;-38.75;
2026-04-01;-2.75;-38.25;
2026-04-01;-2.75;-37.75;
2026-04-01;-2.75;-37.25;
2026-04-02;-7.75;-41.25;31.35258293151855
2026-04-02;-7.75;-40.75;13.2667350769043
2026-04-02;-7.75;-40.25;27.01039886474609
2026-04-02;-7.75;-39.75;77.89686584472656
2026-04-02;-7.75;-39.25;112.017822265625
2026-04-02;-7.75;-38.75;229.2514343261719
2026-04-02;-7.75;-38.25;381.8213500976562
2026-04-02;-7.75;-37.75;188.8635864257812
2026-04-02;-7.75;-37.25;73.89666748046875
2026-04-02;-7.25;-41.25;90.03157806396484
2026-04-02;-7.25;-40.75;28.29520416259766
2026-04-02;-7.25;-40.25;14.26968097686768
2026-04-02;-7.25;-39.75;37.63029479980469
2026-04-02;-7.25;-39.25;58.37893295288086
2026-04-02;-7.25;-38.75;141.3150024414062
2026-04-02;-7.25;-38.25;259.9194641113281
2026-04-02;-7.25;-37.75;140.2640228271484
2026-04-02;-7.25;-37.25;191.8018035888672
2026-04-02;-6.75;-41.25;138.9505157470703
2026-04-02;-6.75;-40.75;38.82014846801758
2026-04-02;-6.75;-40.25;9.174854278564453
2026-04-02;-6.75;-39.75;12.19835948944092
2026-04-02;-6.75;-39.25;33.32244110107422
2026-04-02;-6.75;-38.75;60.41985321044922
2026-04-02;-6.75;-38.25;71.04592895507812
2026-04-02;-6.75;-37.75;94.43856811523438
2026-04-02;-6.75;-37.25;122.2863540649414
2026-04-02;-6.25;-41.25;60.75975799560547
2026-04-02;-6.25;-40.75;11.15368556976318
2026-04-02;-6.25;-40.25;8.533309936523438
2026-04-02;-6.25;-39.75;15.796311378479
2026-04-02;-6.25;-39.25;66.36277770996094
2026-04-02;-6.25;-38.75;90.64402770996094
2026-04-02;-6.25;-38.25;63.49006652832031
2026-04-02;-6.25;-37.75;77.1728286743164
2026-04-02;-6.25;-37.25;101.2867736816406
2026-04-02;-5.75;-41.25;1.907747387886047
2026-04-02;-5.75;-40.75;0.0
2026-04-02;-5.75;-40.25;8.283768653869629
2026-04-02;-5.75;-39.75;20.47336006164551
2026-04-02;-5.75;-39.25;30.74283027648926
2026-04-02;-5.75;-38.75;28.64780044555664
2026-04-02;-5.75;-38.25;19.96171951293945
2026-04-02;-5.75;-37.75;64.16313171386719
2026-04-02;-5.75;-37.25;215.5041809082031
2026-04-02;-5.25;-41.25;0.0
2026-04-02;-5.25;-40.75;0.0
2026-04-02;-5.25;-40.25;7.442748546600342
2026-04-02;-5.25;-39.75;10.70382595062256
2026-04-02;-5.25;-39.25;7.134075164794922
2026-04-02;-5.25;-38.75;18.90954399108887
2026-04-02;-5.25;-38.25;15.00833988189697
2026-04-02;-5.25;-37.75;35.27724075317383
2026-04-02;-5.25;-37.25;220.1768646240234
2026-04-02;-4.75;-41.25;7.836383819580078
2026-04-02;-4.75;-40.75;4.867917537689209
2026-04-02;-4.75;-40.25;13.39756011962891
2026-04-02;-4.75;-39.75;10.60260581970215
2026-04-02;-4.75;-39.25;5.454493045806885
2026-04-02;-4.75;-38.75;26.00338172912598
2026-04-02;-4.75;-38.25;60.09474182128906
2026-04-02;-4.75;-37.75;137.6395111083984
2026-04-02;-4.75;-37.25;166.7194061279297
2026-04-02;-4.25;-41.25;65.05131530761719
2026-04-02;-4.25;-40.75;17.24255561828613
2026-04-02;-4.25;-40.25;20.27709770202637
2026-04-02;-4.25;-39.75;19.59406852722168
2026-04-02;-4.25;-39.25;14.19869613647461
2026-04-02;-4.25;-38.75;53.03223037719727
2026-04-02;-4.25;-38.25;88.47467041015625
2026-04-02;-4.25;-37.75;144.828857421875
2026-04-02;-4.25;-37.25;
2026-04-02;-3.75;-41.25;84.45826721191406
2026-04-02;-3.75;-40.75;29.43427085876465
2026-04-02;-3.75;-40.25;52.90249252319336
2026-04-02;-3.75;-39.75;24.63666915893555
2026-04-02;-3.75;-39.25;9.84248161315918
2026-04-02;-3.75;-38.75;56.3658561706543
2026-04-02;-3.75;-38.25;82.6089096069336
2026-04-02;-3.75;-37.75;
2026-04-02;-3.75;-37.25;
2026-04-02;-3.25;-41.25;13.8348331451416
2026-04-02;-3.25;-40.75;6.855271339416504
2026-04-02;-3.25;-40.25;21.86372947692871
2026-04-02;-3.25;-39.75;20.93174934387207
2026-04-02;-3.25;-39.25;18.77660369873047
2026-04-02;-3.25;-38.75;45.11716461181641
2026-04-02;-3.25;-38.25;
2026-04-02;-3.25;-37.75;
2026-04-02;-3.25;-37.25;
2026-04-02;-2.75;-41.25;0.0
2026-04-02;-2.75;-40.75;4.008077144622803
2026-04-02;-2.75;-40.25;16.24178504943848
2026-04-02;-2.75;-39.75;17.05880928039551
2026-04-02;-2.75;-39.25;
2026-04-02;-2.75;-38.75;
2026-04-02;-2.75;-38.25;
2026-04-02;-2.75;-37.75;
2026-04-02;-2.75;-37.25;
2026-04-03;-7.75;-41.25;284.9172668457031
2026-04-03;-7.75;-40.75;268.1515502929688
2026-04-03;-7.75;-40.25;207.9636535644531
2026-04-03;-7.75;-39.75;170.7321624755859
2026-04-03;-7.75;-39.25;223.2834014892578
2026-04-03;-7.75;-38.75;159.6744232177734
2026-04-03;-7.75;-38.25;18.04995918273926
2026-04-03;-7.75;-37.75;7.074715614318848
2026-04-03;-7.75;-37.25;1.375494003295898
2026-04-03;-7.25;-41.25;269.0850830078125
2026-04-03;-7.25;-40.75;222.8740539550781
2026-04-03;-7.25;-40.25;93.72282409667969
2026-04-03;-7.25;-39.75;114.7654113769531
2026-04-03;-7.25;-39.25;180.5708465576172
2026-04-03;-7.25;-38.75;158.3333282470703
2026-04-03;-7.25;-38.25;63.97341156005859
2026-04-03;-7.25;-37.75;38.0509033203125
2026-04-03;-7.25;-37.25;3.322636842727661
2026-04-03;-6.75;-41.25;202.1813812255859
2026-04-03;-6.75;-40.75;107.6235885620117
2026-04-03;-6.75;-40.25;21.75438499450684
2026-04-03;-6.75;-39.75;37.74424362182617
2026-04-03;-6.75;-39.25;141.8218841552734
2026-04-03;-6.75;-38.75;254.6208343505859
2026-04-03;-6.75;-38.25;222.7556457519531
2026-04-03;-6.75;-37.75;108.1807556152344
2026-04-03;-6.75;-37.25;13.64431381225586
2026-04-03;-6.25;-41.25;137.7470550537109
2026-04-03;-6.25;-40.75;76.63404083251953
2026-04-03;-6.25;-40.25;14.91192531585693
2026-04-03;-6.25;-39.75;17.94799041748047
2026-04-03;-6.25;-39.25;61.37117767333984
2026-04-03;-6.25;-38.75;113.8345184326172
2026-04-03;-6.25;-38.25;130.8141174316406
2026-04-03;-6.25;-37.75;48.94527816772461
2026-04-03;-6.25;-37.25;9.098893165588379
2026-04-03;-5.75;-41.25;61.53746795654297
2026-04-03;-5.75;-40.75;34.13735198974609
2026-04-03;-5.75;-40.25;13.97589015960693
2026-04-03;-5.75;-39.75;14.23410320281982
2026-04-03;-5.75;-39.25;17.64608764648438
2026-04-03;-5.75;-38.75;16.61189079284668
2026-04-03;-5.75;-38.25;20.95137405395508
2026-04-03;-5.75;-37.75;25.00320053100586
2026-04-03;-5.75;-37.25;15.51689720153809
2026-04-03;-5.25;-41.25;26.51825904846191
2026-04-03;-5.25;-40.75;23.57030296325684
2026-04-03;-5.25;-40.25;20.39037132263184
2026-04-03;-5.25;-39.75;11.8092622756958
2026-04-03;-5.25;-39.25;14.07470893859863
2026-04-03;-5.25;-38.75;51.609619140625
2026-04-03;-5.25;-38.25;55.51283645629883
2026-04-03;-5.25;-37.75;45.01446914672852
2026-04-03;-5.25;-37.25;7.999588012695312
2026-04-03;-4.75;-41.25;44.91114807128906
2026-04-03;-4.75;-40.75;38.86221694946289
2026-04-03;-4.75;-40.25;43.7320671081543
2026-04-03;-4.75;-39.75;17.33712768554688
2026-04-03;-4.75;-39.25;16.12240982055664
2026-04-03;-4.75;-38.75;66.27490234375
2026-04-03;-4.75;-38.25;63.7030143737793
2026-04-03;-4.75;-37.75;39.9462890625
2026-04-03;-4.75;-37.25;22.10279083251953
2026-04-03;-4.25;-41.25;152.4850006103516
2026-04-03;-4.25;-40.75;76.4299545288086
2026-04-03;-4.25;-40.25;55.97189331054688
2026-04-03;-4.25;-39.75;16.77764701843262
2026-04-03;-4.25;-39.25;4.265551090240479
2026-04-03;-4.25;-38.75;17.56394577026367
2026-04-03;-4.25;-38.25;28.08315277099609
2026-04-03;-4.25;-37.75;31.9767951965332
2026-04-03;-4.25;-37.25;
2026-04-03;-3.75;-41.25;163.3673248291016
2026-04-03;-3.75;-40.75;85.8619384765625
2026-04-03;-3.75;-40.25;45.3139762878418
2026-04-03;-3.75;-39.75;21.74303245544434
2026-04-03;-3.75;-39.25;2.301656723022461
2026-04-03;-3.75;-38.75;0.4258542060852051
2026-04-03;-3.75;-38.25;4.746997833251953
2026-04-03;-3.75;-37.75;
2026-04-03;-3.75;-37.25;
2026-04-03;-3.25;-41.25;27.27027702331543
2026-04-03;-3.25;-40.75;18.77199554443359
2026-04-03;-3.25;-40.25;16.19155883789062
2026-04-03;-3.25;-39.75;12.13413524627686
2026-04-03;-3.25;-39.25;5.832913875579834
2026-04-03;-3.25;-38.75;0.7971436381340027
2026-04-03;-3.25;-38.25;
2026-04-03;-3.25;-37.75;
2026-04-03;-3.25;-37.25;
2026-04-03;-2.75;-41.25;15.52279186248779
2026-04-03;-2.75;-40.75;11.59847927093506
2026-04-03;-2.75;-40.25;8.400336265563965
2026-04-03;-2.75;-39.75;7.047144412994385
2026-04-03;-2.75;-39.25;
2026-04-03;-2.75;-38.75;
2026-04-03;-2.75;-38.25;
2026-04-03;-2.75;-37.75;
2026-04-03;-2.75;-37.25;
2026-04-04;-7.75;-41.25;2.368877649307251
2026-04-04;-7.75;-40.75;1.849056601524353
2026-04-04;-7.75;-40.25;8.849564552307129
2026-04-04;-7.75;-39.75;5.384329319000244
2026-04-04;-7.75;-39.25;0.6367859244346619
2026-04-04;-7.75;-38.75;0.6046964526176453
2026-04-04;-7.75;-38.25;0.5546812415122986
2026-04-04;-7.75;-37.75;0.2112364619970322
2026-04-04;-7.75;-37.25;0.5613795518875122
2026-04-04;-7.25;-41.25;0.7072712182998657
2026-04-04;-7.25;-40.75;0.6399886608123779
2026-04-04;-7.25;-40.25;5.746170997619629
2026-04-04;-7.25;-39.75;1.881527662277222
2026-04-04;-7.25;-39.25;1.878880620002747
2026-04-04;-7.25;-38.75;26.73249816894531
2026-04-04;-7.25;-38.25;44.60981369018555
2026-04-04;-7.25;-37.75;4.713127136230469
2026-04-04;-7.25;-37.25;0.0
2026-04-04;-6.75;-41.25;0.0
2026-04-04;-6.75;-40.75;3.297574758529663
2026-04-04;-6.75;-40.25;10.06695461273193
2026-04-04;-6.75;-39.75;9.797225952148438
2026-04-04;-6.75;-39.25;12.40110111236572
2026-04-04;-6.75;-38.75;73.4039077758789
2026-04-04;-6.75;-38.25;174.4961853027344
2026-04-04;-6.75;-37.75;7.425679683685303
2026-04-04;-6.75;-37.25;0.0
2026-04-04;-6.25;-41.25;0.0
2026-04-04;-6.25;-40.75;3.81000804901123
2026-04-04;-6.25;-40.25;10.484450340271
2026-04-04;-6.25;-39.75;9.730352401733398
2026-04-04;-6.25;-39.25;1.687806010246277
2026-04-04;-6.25;-38.75;12.60636043548584
2026-04-04;-6.25;-38.25;55.5042610168457
2026-04-04;-6.25;-37.75;7.634268283843994
2026-04-04;-6.25;-37.25;3.120017528533936
2026-04-04;-5.75;-41.25;4.293237209320068
2026-04-04;-5.75;-40.75;4.238308906555176
2026-04-04;-5.75;-40.25;9.529912948608398
2026-04-04;-5.75;-39.75;11.03010940551758
2026-04-04;-5.75;-39.25;9.505547523498535
2026-04-04;-5.75;-38.75;0.2907742559909821
2026-04-04;-5.75;-38.25;0.0
2026-04-04;-5.75;-37.75;3.791551113128662
2026-04-04;-5.75;-37.25;11.43641757965088
2026-04-04;-5.25;-41.25;5.71493673324585
2026-04-04;-5.25;-40.75;3.034424066543579
2026-04-04;-5.25;-40.25;4.915051460266113
2026-04-04;-5.25;-39.75;3.462108612060547
2026-04-04;-5.25;-39.25;1.583130836486816
2026-04-04;-5.25;-38.75;0.0
2026-04-04;-5.25;-38.25;1.184044003486633
2026-04-04;-5.25;-37.75;3.752885580062866
2026-04-04;-5.25;-37.25;13.37362098693848
2026-04-04;-4.75;-41.25;6.317493438720703
2026-04-04;-4.75;-40.75;1.400335192680359
2026-04-04;-4.75;-40.25;3.176917314529419
2026-04-04;-4.75;-39.75;0.500733494758606
2026-04-04;-4.75;-39.25;12.24546337127686
2026-04-04;-4.75;-38.75;6.40915584564209
2026-04-04;-4.75;-38.25;3.975497961044312
2026-04-04;-4.75;-37.75;3.898461580276489
2026-04-04;-4.75;-37.25;8.42531681060791
2026-04-04;-4.25;-41.25;25.46645545959473
2026-04-04;-4.25;-40.75;8.869647026062012
2026-04-04;-4.25;-40.25;6.2103590965271
2026-04-04;-4.25;-39.75;36.46308517456055
2026-04-04;-4.25;-39.25;198.6377868652344
2026-04-04;-4.25;-38.75;135.5434265136719
2026-04-04;-4.25;-38.25;60.59747695922852
2026-04-04;-4.25;-37.75;22.46413612365723
2026-04-04;-4.25;-37.25;
2026-04-04;-3.75;-41.25;29.15017509460449
2026-04-04;-3.75;-40.75;24.28719139099121
2026-04-04;-3.75;-40.25;5.188472270965576
2026-04-04;-3.75;-39.75;115.4658660888672
2026-04-04;-3.75;-39.25;305.1700439453125
2026-04-04;-3.75;-38.75;187.6351013183594
2026-04-04;-3.75;-38.25;117.6178131103516
2026-04-04;-3.75;-37.75;
2026-04-04;-3.75;-37.25;
2026-04-04;-3.25;-41.25;3.609153985977173
2026-04-04;-3.25;-40.75;29.89703941345215
2026-04-04;-3.25;-40.25;82.80589294433594
2026-04-04;-3.25;-39.75;150.3056945800781
2026-04-04;-3.25;-39.25;246.3457794189453
2026-04-04;-3.25;-38.75;213.7186889648438
2026-04-04;-3.25;-38.25;
2026-04-04;-3.25;-37.75;
2026-04-04;-3.25;-37.25;
2026-04-04;-2.75;-41.25;2.476056575775146
2026-04-04;-2.75;-40.75;39.60911178588867
2026-04-04;-2.75;-40.25;119.4249801635742
2026-04-04;-2.75;-39.75;155.3132629394531
2026-04-04;-2.75;-39.25;
2026-04-04;-2.75;-38.75;
2026-04-04;-2.75;-38.25;
2026-04-04;-2.75;-37.75;
2026-04-04;-2.75;-37.25;
2026-04-05;-7.75;-41.25;1.433262705802917
2026-04-05;-7.75;-40.75;0.0
2026-04-05;-7.75;-40.25;1.164534687995911
2026-04-05;-7.75;-39.75;5.674926280975342
2026-04-05;-7.75;-39.25;5.211731910705566
2026-04-05;-7.75;-38.75;2.156481266021729
2026-04-05;-7.75;-38.25;0.0
2026-04-05;-7.75;-37.75;0.0
2026-04-05;-7.75;-37.25;0.0
2026-04-05;-7.25;-41.25;15.4796028137207
2026-04-05;-7.25;-40.75;7.547508239746094
2026-04-05;-7.25;-40.25;5.558507442474365
2026-04-05;-7.25;-39.75;7.079473495483398
2026-04-05;-7.25;-39.25;8.123584747314453
2026-04-05;-7.25;-38.75;1.154016852378845
2026-04-05;-7.25;-38.25;0.0
2026-04-05;-7.25;-37.75;0.0
2026-04-05;-7.25;-37.25;1.549413561820984
2026-04-05;-6.75;-41.25;40.54305648803711
2026-04-05;-6.75;-40.75;28.65526008605957
2026-04-05;-6.75;-40.25;7.264658451080322
2026-04-05;-6.75;-39.75;6.648914813995361
2026-04-05;-6.75;-39.25;1.97041928768158
2026-04-05;-6.75;-38.75;0.0
2026-04-05;-6.75;-38.25;0.2115707248449326
2026-04-05;-6.75;-37.75;4.447422981262207
2026-04-05;-6.75;-37.25;10.83992862701416
2026-04-05;-6.25;-41.25;43.78755569458008
2026-04-05;-6.25;-40.75;29.64848518371582
2026-04-05;-6.25;-40.25;7.3589186668396
2026-04-05;-6.25;-39.75;6.024909496307373
2026-04-05;-6.25;-39.25;0.2568738162517548
2026-04-05;-6.25;-38.75;0.0
2026-04-05;-6.25;-38.25;2.196473360061646
2026-04-05;-6.25;-37.75;15.11062145233154
2026-04-05;-6.25;-37.25;15.44208908081055
2026-04-05;-5.75;-41.25;16.36738204956055
2026-04-05;-5.75;-40.75;6.965548038482666
2026-04-05;-5.75;-40.25;4.983467578887939
2026-04-05;-5.75;-39.75;7.095926761627197
2026-04-05;-5.75;-39.25;6.862885475158691
2026-04-05;-5.75;-38.75;14.94620418548584
2026-04-05;-5.75;-38.25;34.04779434204102
2026-04-05;-5.75;-37.75;36.33047103881836
2026-04-05;-5.75;-37.25;13.71524143218994
2026-04-05;-5.25;-41.25;0.9359540343284607
2026-04-05;-5.25;-40.75;7.331557273864746
2026-04-05;-5.25;-40.25;19.75741958618164
2026-04-05;-5.25;-39.75;7.924746990203857
2026-04-05;-5.25;-39.25;13.16501426696777
2026-04-05;-5.25;-38.75;84.8826904296875
2026-04-05;-5.25;-38.25;103.2063522338867
2026-04-05;-5.25;-37.75;57.7000846862793
2026-04-05;-5.25;-37.25;12.79801082611084
2026-04-05;-4.75;-41.25;1.269538998603821
2026-04-05;-4.75;-40.75;33.24227523803711
2026-04-05;-4.75;-40.25;82.24288177490234
2026-04-05;-4.75;-39.75;43.16160202026367
2026-04-05;-4.75;-39.25;31.02425003051758
2026-04-05;-4.75;-38.75;113.412467956543
2026-04-05;-4.75;-38.25;106.8049011230469
2026-04-05;-4.75;-37.75;18.05533790588379
2026-04-05;-4.75;-37.25;5.859708786010742
2026-04-05;-4.25;-41.25;10.30333709716797
2026-04-05;-4.25;-40.75;85.43626403808594
2026-04-05;-4.25;-40.25;118.7186965942383
2026-04-05;-4.25;-39.75;99.54882049560547
2026-04-05;-4.25;-39.25;78.32889556884766
2026-04-05;-4.25;-38.75;106.1456756591797
2026-04-05;-4.25;-38.25;88.83486938476562
2026-04-05;-4.25;-37.75;32.49993896484375
2026-04-05;-4.25;-37.25;
2026-04-05;-3.75;-41.25;18.69003295898438
2026-04-05;-3.75;-40.75;76.98336029052734
2026-04-05;-3.75;-40.25;162.0994110107422
2026-04-05;-3.75;-39.75;113.6229400634766
2026-04-05;-3.75;-39.25;89.78728485107422
2026-04-05;-3.75;-38.75;102.2583160400391
2026-04-05;-3.75;-38.25;99.96492004394531
2026-04-05;-3.75;-37.75;
2026-04-05;-3.75;-37.25;
2026-04-05;-3.25;-41.25;26.24641418457031
2026-04-05;-3.25;-40.75;28.08145332336426
2026-04-05;-3.25;-40.25;72.76971435546875
2026-04-05;-3.25;-39.75;77.11052703857422
2026-04-05;-3.25;-39.25;87.48876953125
2026-04-05;-3.25;-38.75;97.83755493164062
2026-04-05;-3.25;-38.25;
2026-04-05;-3.25;-37.75;
2026-04-05;-3.25;-37.25;
2026-04-05;-2.75;-41.25;21.29459953308105
2026-04-05;-2.75;-40.75;29.35527229309082
2026-04-05;-2.75;-40.25;38.53707885742188
2026-04-05;-2.75;-39.75;54.41169738769531
2026-04-05;-2.75;-39.25;
2026-04-05;-2.75;-38.75;
2026-04-05;-2.75;-38.25;
2026-04-05;-2.75;-37.75;
2026-04-05;-2.75;-37.25;
2026-04-06;-7.75;-41.25;5.580855846405029
2026-04-06;-7.75;-40.75;21.97333908081055
2026-04-06;-7.75;-40.25;61.87100982666016
2026-04-06;-7.75;-39.75;66.06421661376953
2026-04-06;-7.75;-39.25;72.0640869140625
2026-04-06;-7.75;-38.75;54.22920989990234
2026-04-06;-7.75;-38.25;17.19182205200195
2026-04-06;-7.75;-37.75;114.6294479370117
2026-04-06;-7.75;-37.25;200.5843658447266
2026-04-06;-7.25;-41.25;40.6338005065918
2026-04-06;-7.25;-40.75;37.62857818603516
2026-04-06;-7.25;-40.25;52.36991882324219
2026-04-06;-7.25;-39.75;39.98765182495117
2026-04-06;-7.25;-39.25;23.85913276672363
2026-04-06;-7.25;-38.75;22.76975440979004
2026-04-06;-7.25;-38.25;13.82086753845215
2026-04-06;-7.25;-37.75;31.62899971008301
2026-04-06;-7.25;-37.25;112.91650390625
2026-04-06;-6.75;-41.25;119.1677398681641
2026-04-06;-6.75;-40.75;83.1526870727539
2026-04-06;-6.75;-40.25;28.65522384643555
2026-04-06;-6.75;-39.75;27.51173973083496
2026-04-06;-6.75;-39.25;25.68741035461426
2026-04-06;-6.75;-38.75;20.20405578613281
2026-04-06;-6.75;-38.25;40.70817947387695
2026-04-06;-6.75;-37.75;21.53047561645508
2026-04-06;-6.75;-37.25;56.9550666809082
2026-04-06;-6.25;-41.25;127.7659225463867
2026-04-06;-6.25;-40.75;88.20895385742188
2026-04-06;-6.25;-40.25;24.95387649536133
2026-04-06;-6.25;-39.75;23.41071128845215
2026-04-06;-6.25;-39.25;28.82037353515625
2026-04-06;-6.25;-38.75;8.013747215270996
2026-04-06;-6.25;-38.25;23.44672584533691
2026-04-06;-6.25;-37.75;27.71698760986328
2026-04-06;-6.25;-37.25;29.51948165893555
2026-04-06;-5.75;-41.25;59.80570602416992
2026-04-06;-5.75;-40.75;46.8640251159668
2026-04-06;-5.75;-40.25;18.86473083496094
2026-04-06;-5.75;-39.75;12.08603763580322
2026-04-06;-5.75;-39.25;11.30240631103516
2026-04-06;-5.75;-38.75;26.91245460510254
2026-04-06;-5.75;-38.25;34.63482666015625
2026-04-06;-5.75;-37.75;3.644674062728882
2026-04-06;-5.75;-37.25;3.269260406494141
2026-04-06;-5.25;-41.25;30.62773513793945
2026-04-06;-5.25;-40.75;49.04219436645508
2026-04-06;-5.25;-40.25;32.43538665771484
2026-04-06;-5.25;-39.75;3.329668998718262
2026-04-06;-5.25;-39.25;12.05758094787598
2026-04-06;-5.25;-38.75;106.1183700561523
2026-04-06;-5.25;-38.25;83.27236938476562
2026-04-06;-5.25;-37.75;14.51552486419678
2026-04-06;-5.25;-37.25;0.8443481922149658
2026-04-06;-4.75;-41.25;69.5775146484375
2026-04-06;-4.75;-40.75;90.38668060302734
2026-04-06;-4.75;-40.25;70.51001739501953
2026-04-06;-4.75;-39.75;32.89563751220703
2026-04-06;-4.75;-39.25;43.84160614013672
2026-04-06;-4.75;-38.75;122.3624572753906
2026-04-06;-4.75;-38.25;86.16655731201172
2026-04-06;-4.75;-37.75;24.07454490661621
2026-04-06;-4.75;-37.25;11.14966201782227
2026-04-06;-4.25;-41.25;80.85299682617188
2026-04-06;-4.25;-40.75;107.2518463134766
2026-04-06;-4.25;-40.25;77.61572265625
2026-04-06;-4.25;-39.75;157.4216461181641
2026-04-06;-4.25;-39.25;309.7699890136719
2026-04-06;-4.25;-38.75;227.500732421875
2026-04-06;-4.25;-38.25;132.3947906494141
2026-04-06;-4.25;-37.75;54.34110641479492
2026-04-06;-4.25;-37.25;
2026-04-06;-3.75;-41.25;84.58708190917969
2026-04-06;-3.75;-40.75;134.0057067871094
2026-04-06;-3.75;-40.25;137.3629913330078
2026-04-06;-3.75;-39.75;226.7858734130859
2026-04-06;-3.75;-39.25;397.6156311035156
2026-04-06;-3.75;-38.75;278.3854064941406
2026-04-06;-3.75;-38.25;201.3345947265625
2026-04-06;-3.75;-37.75;
2026-04-06;-3.75;-37.25;
2026-04-06;-3.25;-41.25;202.0396423339844
2026-04-06;-3.25;-40.75;168.2192840576172
2026-04-06;-3.25;-40.25;116.245231628418
2026-04-06;-3.25;-39.75;210.7979431152344
2026-04-06;-3.25;-39.25;335.4606018066406
2026-04-06;-3.25;-38.75;305.0400390625
2026-04-06;-3.25;-38.25;
2026-04-06;-3.25;-37.75;
2026-04-06;-3.25;-37.25;
2026-04-06;-2.75;-41.25;248.0290832519531
2026-04-06;-2.75;-40.75;194.79541015625
2026-04-06;-2.75;-40.25;148.7663726806641
2026-04-06;-2.75;-39.75;194.2361602783203
2026-04-06;-2.75;-39.25;
2026-04-06;-2.75;-38.75;
2026-04-06;-2.75;-38.25;
2026-04-06;-2.75;-37.75;
2026-04-06;-2.75;-37.25;
2026-04-07;-7.75;-41.25;109.5202713012695
2026-04-07;-7.75;-40.75;193.5107421875
2026-04-07;-7.75;-40.25;362.6961059570312
2026-04-07;-7.75;-39.75;291.3743896484375
2026-04-07;-7.75;-39.25;54.43791961669922
2026-04-07;-7.75;-38.75;17.49669456481934
2026-04-07;-7.75;-38.25;0.9524396657943726
2026-04-07;-7.75;-37.75;0.0
2026-04-07;-7.75;-37.25;0.0
2026-04-07;-7.25;-41.25;101.7671279907227
2026-04-07;-7.25;-40.75;188.2900543212891
2026-04-07;-7.25;-40.25;271.3296813964844
2026-04-07;-7.25;-39.75;145.6519470214844
2026-04-07;-7.25;-39.25;38.06988143920898
2026-04-07;-7.25;-38.75;19.10269355773926
2026-04-07;-7.25;-38.25;16.07082939147949
2026-04-07;-7.25;-37.75;2.705016851425171
2026-04-07;-7.25;-37.25;0.2233000993728638
2026-04-07;-6.75;-41.25;79.50659942626953
2026-04-07;-6.75;-40.75;87.72783660888672
2026-04-07;-6.75;-40.25;74.26736450195312
2026-04-07;-6.75;-39.75;53.03081130981445
2026-04-07;-6.75;-39.25;42.31843566894531
2026-04-07;-6.75;-38.75;34.51032638549805
2026-04-07;-6.75;-38.25;64.18681335449219
2026-04-07;-6.75;-37.75;22.53540802001953
2026-04-07;-6.75;-37.25;6.074649333953857
2026-04-07;-6.25;-41.25;68.85283660888672
2026-04-07;-6.25;-40.75;65.62996673583984
2026-04-07;-6.25;-40.25;54.16111755371094
2026-04-07;-6.25;-39.75;58.48676300048828
2026-04-07;-6.25;-39.25;79.22779846191406
2026-04-07;-6.25;-38.75;47.09173583984375
2026-04-07;-6.25;-38.25;39.87331390380859
2026-04-07;-6.25;-37.75;23.60689735412598
2026-04-07;-6.25;-37.25;60.79605102539062
2026-04-07;-5.75;-41.25;56.41190338134766
2026-04-07;-5.75;-40.75;74.47123718261719
2026-04-07;-5.75;-40.25;39.85842514038086
2026-04-07;-5.75;-39.75;23.27259635925293
2026-04-07;-5.75;-39.25;17.3275146484375
2026-04-07;-5.75;-38.75;5.969337940216064
2026-04-07;-5.75;-38.25;1.196199178695679
2026-04-07;-5.75;-37.75;3.601268529891968
2026-04-07;-5.75;-37.25;46.37992858886719
2026-04-07;-5.25;-41.25;66.31996154785156
2026-04-07;-5.25;-40.75;72.49898529052734
2026-04-07;-5.25;-40.25;31.63765525817871
2026-04-07;-5.25;-39.75;2.795578956604004
2026-04-07;-5.25;-39.25;0.3913991153240204
2026-04-07;-5.25;-38.75;0.0
2026-04-07;-5.25;-38.25;0.0
2026-04-07;-5.25;-37.75;0.0
2026-04-07;-5.25;-37.25;0.0
2026-04-07;-4.75;-41.25;52.3727912902832
2026-04-07;-4.75;-40.75;38.24552917480469
2026-04-07;-4.75;-40.25;32.85549926757812
2026-04-07;-4.75;-39.75;20.81335830688477
2026-04-07;-4.75;-39.25;2.504910945892334
2026-04-07;-4.75;-38.75;0.0
2026-04-07;-4.75;-38.25;0.0
2026-04-07;-4.75;-37.75;0.0
2026-04-07;-4.75;-37.25;0.0
2026-04-07;-4.25;-41.25;18.94992446899414
2026-04-07;-4.25;-40.75;19.47610282897949
2026-04-07;-4.25;-40.25;40.4616813659668
2026-04-07;-4.25;-39.75;48.06117248535156
2026-04-07;-4.25;-39.25;13.88133144378662
2026-04-07;-4.25;-38.75;5.588693141937256
2026-04-07;-4.25;-38.25;3.064464330673218
2026-04-07;-4.25;-37.75;0.0
2026-04-07;-4.25;-37.25;
2026-04-07;-3.75;-41.25;41.03549575805664
2026-04-07;-3.75;-40.75;58.22275161743164
2026-04-07;-3.75;-40.25;113.1297760009766
2026-04-07;-3.75;-39.75;63.67537689208984
2026-04-07;-3.75;-39.25;11.45803356170654
2026-04-07;-3.75;-38.75;7.495725631713867
2026-04-07;-3.75;-38.25;7.021730422973633
2026-04-07;-3.75;-37.75;
2026-04-07;-3.75;-37.25;
2026-04-07;-3.25;-41.25;79.20573425292969
2026-04-07;-3.25;-40.75;57.70980072021484
2026-04-07;-3.25;-40.25;74.64816284179688
2026-04-07;-3.25;-39.75;57.6418342590332
2026-04-07;-3.25;-39.25;25.02190017700195
2026-04-07;-3.25;-38.75;9.188923835754395
2026-04-07;-3.25;-38.25;
2026-04-07;-3.25;-37.75;
2026-04-07;-3.25;-37.25;
2026-04-07;-2.75;-41.25;102.3286743164062
2026-04-07;-2.75;-40.75;72.85821533203125
2026-04-07;-2.75;-40.25;53.58581161499023
2026-04-07;-2.75;-39.75;47.61290740966797
2026-04-07;-2.75;-39.25;
2026-04-07;-2.75;-38.75;
2026-04-07;-2.75;-38.25;
2026-04-07;-2.75;-37.75;
2026-04-07;-2.75;-37.25;
2026-04-08;-7.75;-41.25;0.6563653945922852
2026-04-08;-7.75;-40.75;8.864507675170898
2026-04-08;-7.75;-40.25;26.27116584777832
2026-04-08;-7.75;-39.75;21.42387008666992
2026-04-08;-7.75;-39.25;2.476289749145508
2026-04-08;-7.75;-38.75;0.2246860712766647
2026-04-08;-7.75;-38.25;1.103803634643555
2026-04-08;-7.75;-37.75;2.182167530059814
2026-04-08;-7.75;-37.25;0.0
2026-04-08;-7.25;-41.25;0.2285626381635666
2026-04-08;-7.25;-40.75;9.55781078338623
2026-04-08;-7.25;-40.25;19.30835342407227
2026-04-08;-7.25;-39.75;7.922756671905518
2026-04-08;-7.25;-39.25;0.2058381885290146
2026-04-08;-7.25;-38.75;0.2467368543148041
2026-04-08;-7.25;-38.25;1.078880906105042
2026-04-08;-7.25;-37.75;0.0
2026-04-08;-7.25;-37.25;0.2739055454730988
2026-04-08;-6.75;-41.25;0.0
2026-04-08;-6.75;-40.75;1.457145690917969
2026-04-08;-6.75;-40.25;1.45037829875946
2026-04-08;-6.75;-39.75;0.0
2026-04-08;-6.75;-39.25;0.0
2026-04-08;-6.75;-38.75;1.660848259925842
2026-04-08;-6.75;-38.25;7.932857036590576
2026-04-08;-6.75;-37.75;6.718252658843994
2026-04-08;-6.75;-37.25;27.38983917236328
2026-04-08;-6.25;-41.25;0.0
2026-04-08;-6.25;-40.75;0.0
2026-04-08;-6.25;-40.25;0.0
2026-04-08;-6.25;-39.75;0.0
2026-04-08;-6.25;-39.25;0.0
2026-04-08;-6.25;-38.75;0.0
2026-04-08;-6.25;-38.25;7.506511688232422
2026-04-08;-6.25;-37.75;54.33388519287109
2026-04-08;-6.25;-37.25;59.60593032836914
2026-04-08;-5.75;-41.25;1.15599513053894
2026-04-08;-5.75;-40.75;2.29949951171875
2026-04-08;-5.75;-40.25;22.80775451660156
2026-04-08;-5.75;-39.75;36.3937873840332
2026-04-08;-5.75;-39.25;21.69645309448242
2026-04-08;-5.75;-38.75;7.215235710144043
2026-04-08;-5.75;-38.25;15.73837184906006
2026-04-08;-5.75;-37.75;42.52337265014648
2026-04-08;-5.75;-37.25;13.82943058013916
2026-04-08;-5.25;-41.25;1.935690641403198
2026-04-08;-5.25;-40.75;2.446845054626465
2026-04-08;-5.25;-40.25;49.89379119873047
2026-04-08;-5.25;-39.75;115.5282897949219
2026-04-08;-5.25;-39.25;135.1339874267578
2026-04-08;-5.25;-38.75;51.25724792480469
2026-04-08;-5.25;-38.25;24.17564582824707
2026-04-08;-5.25;-37.75;28.10638618469238
2026-04-08;-5.25;-37.25;5.001866817474365
2026-04-08;-4.75;-41.25;2.3704993724823
2026-04-08;-4.75;-40.75;0.3959615528583527
2026-04-08;-4.75;-40.25;10.16233921051025
2026-04-08;-4.75;-39.75;87.32473754882812
2026-04-08;-4.75;-39.25;146.7261199951172
2026-04-08;-4.75;-38.75;59.2524299621582
2026-04-08;-4.75;-38.25;24.77682685852051
2026-04-08;-4.75;-37.75;7.53931713104248
2026-04-08;-4.75;-37.25;0.5752528309822083
2026-04-08;-4.25;-41.25;6.117216110229492
2026-04-08;-4.25;-40.75;5.860420703887939
2026-04-08;-4.25;-40.25;7.464410305023193
2026-04-08;-4.25;-39.75;11.42905330657959
2026-04-08;-4.25;-39.25;38.26638412475586
2026-04-08;-4.25;-38.75;25.16165924072266
2026-04-08;-4.25;-38.25;16.74376678466797
2026-04-08;-4.25;-37.75;6.591700553894043
2026-04-08;-4.25;-37.25;
2026-04-08;-3.75;-41.25;20.37971878051758
2026-04-08;-3.75;-40.75;17.57717514038086
2026-04-08;-3.75;-40.25;38.9415397644043
2026-04-08;-3.75;-39.75;23.61820030212402
2026-04-08;-3.75;-39.25;14.89454174041748
2026-04-08;-3.75;-38.75;17.73720741271973
2026-04-08;-3.75;-38.25;18.02624893188477
2026-04-08;-3.75;-37.75;
2026-04-08;-3.75;-37.25;
2026-04-08;-3.25;-41.25;55.96700668334961
2026-04-08;-3.25;-40.75;27.65680503845215
2026-04-08;-3.25;-40.25;25.19146156311035
2026-04-08;-3.25;-39.75;20.84982109069824
2026-04-08;-3.25;-39.25;17.50910949707031
2026-04-08;-3.25;-38.75;17.5882396697998
2026-04-08;-3.25;-38.25;
2026-04-08;-3.25;-37.75;
2026-04-08;-3.25;-37.25;
2026-04-08;-2.75;-41.25;49.5251350402832
2026-04-08;-2.75;-40.75;39.55029678344727
2026-04-08;-2.75;-40.25;14.17925834655762
2026-04-08;-2.75;-39.75;12.05276012420654
2026-04-08;-2.75;-39.25;
2026-04-08;-2.75;-38.75;
2026-04-08;-2.75;-38.25;
2026-04-08;-2.75;-37.75;
2026-04-08;-2.75;-37.25;
2026-04-09;-7.75;-41.25;0.0
2026-04-09;-7.75;-40.75;5.43632173538208
2026-04-09;-7.75;-40.25;35.75143814086914
2026-04-09;-7.75;-39.75;75.94062042236328
2026-04-09;-7.75;-39.25;94.52486419677734
2026-04-09;-7.75;-38.75;116.2460861206055
2026-04-09;-7.75;-38.25;139.6017303466797
2026-04-09;-7.75;-37.75;73.40735626220703
2026-04-09;-7.75;-37.25;22.898681640625
2026-04-09;-7.25;-41.25;0.0
2026-04-09;-7.25;-40.75;3.220142841339111
2026-04-09;-7.25;-40.25;34.96911239624023
2026-04-09;-7.25;-39.75;87.99513244628906
2026-04-09;-7.25;-39.25;159.0992584228516
2026-04-09;-7.25;-38.75;179.9805603027344
2026-04-09;-7.25;-38.25;110.1663360595703
2026-04-09;-7.25;-37.75;81.54763793945312
2026-04-09;-7.25;-37.25;181.6577453613281
2026-04-09;-6.75;-41.25;0.353247195482254
2026-04-09;-6.75;-40.75;0.0
2026-04-09;-6.75;-40.25;2.189495325088501
2026-04-09;-6.75;-39.75;10.18635845184326
2026-04-09;-6.75;-39.25;59.93183517456055
2026-04-09;-6.75;-38.75;93.22724151611328
2026-04-09;-6.75;-38.25;42.77405548095703
2026-04-09;-6.75;-37.75;67.0970230102539
2026-04-09;-6.75;-37.25;182.7488555908203
2026-04-09;-6.25;-41.25;8.216588020324707
2026-04-09;-6.25;-40.75;2.045336008071899
2026-04-09;-6.25;-40.25;0.0
2026-04-09;-6.25;-39.75;0.0
2026-04-09;-6.25;-39.25;4.882565975189209
2026-04-09;-6.25;-38.75;5.347161769866943
2026-04-09;-6.25;-38.25;20.0475959777832
2026-04-09;-6.25;-37.75;80.93390655517578
2026-04-09;-6.25;-37.25;44.98583221435547
2026-04-09;-5.75;-41.25;20.59324073791504
2026-04-09;-5.75;-40.75;12.30257034301758
2026-04-09;-5.75;-40.25;0.9047598242759705
2026-04-09;-5.75;-39.75;1.207069277763367
2026-04-09;-5.75;-39.25;1.551677107810974
2026-04-09;-5.75;-38.75;0.326772153377533
2026-04-09;-5.75;-38.25;3.794597864151001
2026-04-09;-5.75;-37.75;20.93262481689453
2026-04-09;-5.75;-37.25;5.852061748504639
2026-04-09;-5.25;-41.25;18.18987464904785
2026-04-09;-5.25;-40.75;8.396044731140137
2026-04-09;-5.25;-40.25;0.8869560360908508
2026-04-09;-5.25;-39.75;0.3465974032878876
2026-04-09;-5.25;-39.25;0.0
2026-04-09;-5.25;-38.75;0.4873389303684235
2026-04-09;-5.25;-38.25;5.110072135925293
2026-04-09;-5.25;-37.75;11.88595771789551
2026-04-09;-5.25;-37.25;1.438880681991577
2026-04-09;-4.75;-41.25;7.589360237121582
2026-04-09;-4.75;-40.75;2.165536165237427
2026-04-09;-4.75;-40.25;0.0
2026-04-09;-4.75;-39.75;0.0
2026-04-09;-4.75;-39.25;0.0
2026-04-09;-4.75;-38.75;0.0
2026-04-09;-4.75;-38.25;1.327875256538391
2026-04-09;-4.75;-37.75;1.418501853942871
2026-04-09;-4.75;-37.25;0.0
2026-04-09;-4.25;-41.25;0.4530521631240845
2026-04-09;-4.25;-40.75;0.7551010251045227
2026-04-09;-4.25;-40.25;0.0
2026-04-09;-4.25;-39.75;0.2246999144554138
2026-04-09;-4.25;-39.25;1.078986287117004
2026-04-09;-4.25;-38.75;0.0
2026-04-09;-4.25;-38.25;0.0
2026-04-09;-4.25;-37.75;0.0
2026-04-09;-4.25;-37.25;
2026-04-09;-3.75;-41.25;15.91933631896973
2026-04-09;-3.75;-40.75;2.818233966827393
2026-04-09;-3.75;-40.25;0.0
2026-04-09;-3.75;-39.75;0.5458470582962036
2026-04-09;-3.75;-39.25;1.705609798431396
2026-04-09;-3.75;-38.75;0.2618182897567749
2026-04-09;-3.75;-38.25;0.0
2026-04-09;-3.75;-37.75;
2026-04-09;-3.75;-37.25;
2026-04-09;-3.25;-41.25;120.5151138305664
2026-04-09;-3.25;-40.75;37.38229751586914
2026-04-09;-3.25;-40.25;0.409594863653183
2026-04-09;-3.25;-39.75;0.0
2026-04-09;-3.25;-39.25;1.15241813659668
2026-04-09;-3.25;-38.75;0.3760267198085785
2026-04-09;-3.25;-38.25;
2026-04-09;-3.25;-37.75;
2026-04-09;-3.25;-37.25;
2026-04-09;-2.75;-41.25;196.0045166015625
2026-04-09;-2.75;-40.75;89.0982437133789
2026-04-09;-2.75;-40.25;2.495530605316162
2026-04-09;-2.75;-39.75;0.0
2026-04-09;-2.75;-39.25;
2026-04-09;-2.75;-38.75;
2026-04-09;-2.75;-38.25;
2026-04-09;-2.75;-37.75;
2026-04-09;-2.75;-37.25;
2026-04-10;-7.75;-41.25;0.3059639632701874
2026-04-10;-7.75;-40.75;0.0
2026-04-10;-7.75;-40.25;0.0
2026-04-10;-7.75;-39.75;0.0
2026-04-10;-7.75;-39.25;0.0
2026-04-10;-7.75;-38.75;0.0
2026-04-10;-7.75;-38.25;0.0
2026-04-10;-7.75;-37.75;0.0
2026-04-10;-7.75;-37.25;0.0
2026-04-10;-7.25;-41.25;14.58793830871582
2026-04-10;-7.25;-40.75;4.624007225036621
2026-04-10;-7.25;-40.25;0.4060706794261932
2026-04-10;-7.25;-39.75;0.3596136569976807
2026-04-10;-7.25;-39.25;0.0
2026-04-10;-7.25;-38.75;0.5911685228347778
2026-04-10;-7.25;-38.25;0.0
2026-04-10;-7.25;-37.75;0.0
2026-04-10;-7.25;-37.25;0.0
2026-04-10;-6.75;-41.25;47.69128036499023
2026-04-10;-6.75;-40.75;29.78494071960449
2026-04-10;-6.75;-40.25;3.683059930801392
2026-04-10;-6.75;-39.75;2.759591102600098
2026-04-10;-6.75;-39.25;0.6587717533111572
2026-04-10;-6.75;-38.75;0.8875336050987244
2026-04-10;-6.75;-38.25;0.0
2026-04-10;-6.75;-37.75;0.0
2026-04-10;-6.75;-37.25;0.0
2026-04-10;-6.25;-41.25;50.37406158447266
2026-04-10;-6.25;-40.75;32.47413635253906
2026-04-10;-6.25;-40.25;4.117128372192383
2026-04-10;-6.25;-39.75;2.978246688842773
2026-04-10;-6.25;-39.25;0.0
2026-04-10;-6.25;-38.75;0.8272038698196411
2026-04-10;-6.25;-38.25;0.9295791387557983
2026-04-10;-6.25;-37.75;0.0
2026-04-10;-6.25;-37.25;0.0
2026-04-10;-5.75;-41.25;18.56816864013672
2026-04-10;-5.75;-40.75;7.87209415435791
2026-04-10;-5.75;-40.25;1.824267983436584
2026-04-10;-5.75;-39.75;1.718769073486328
2026-04-10;-5.75;-39.25;1.553458452224731
2026-04-10;-5.75;-38.75;2.356084585189819
2026-04-10;-5.75;-38.25;0.7361188530921936
2026-04-10;-5.75;-37.75;0.0
2026-04-10;-5.75;-37.25;1.866392254829407
2026-04-10;-5.25;-41.25;0.9332519769668579
2026-04-10;-5.25;-40.75;1.750145554542542
2026-04-10;-5.25;-40.25;4.275954723358154
2026-04-10;-5.25;-39.75;0.4490003883838654
2026-04-10;-5.25;-39.25;0.0
2026-04-10;-5.25;-38.75;0.0
2026-04-10;-5.25;-38.25;0.6905602812767029
2026-04-10;-5.25;-37.75;0.0
2026-04-10;-5.25;-37.25;2.537521839141846
2026-04-10;-4.75;-41.25;0.0
2026-04-10;-4.75;-40.75;6.734757900238037
2026-04-10;-4.75;-40.25;21.5768928527832
2026-04-10;-4.75;-39.75;7.716428279876709
2026-04-10;-4.75;-39.25;0.0
2026-04-10;-4.75;-38.75;0.0
2026-04-10;-4.75;-38.25;0.8136908411979675
2026-04-10;-4.75;-37.75;1.509665369987488
2026-04-10;-4.75;-37.25;3.742981195449829
2026-04-10;-4.25;-41.25;0.0
2026-04-10;-4.25;-40.75;4.725694179534912
2026-04-10;-4.25;-40.25;26.44875907897949
2026-04-10;-4.25;-39.75;9.842394828796387
2026-04-10;-4.25;-39.25;1.35155200958252
2026-04-10;-4.25;-38.75;15.54891586303711
2026-04-10;-4.25;-38.25;14.50954914093018
2026-04-10;-4.25;-37.75;5.977532386779785
2026-04-10;-4.25;-37.25;
2026-04-10;-3.75;-41.25;0.3049935698509216
2026-04-10;-3.75;-40.75;0.3339551091194153
2026-04-10;-3.75;-40.25;6.653192043304443
2026-04-10;-3.75;-39.75;14.46281337738037
2026-04-10;-3.75;-39.25;2.126357078552246
2026-04-10;-3.75;-38.75;19.08230209350586
2026-04-10;-3.75;-38.25;25.49449157714844
2026-04-10;-3.75;-37.75;
2026-04-10;-3.75;-37.25;
2026-04-10;-3.25;-41.25;3.117399215698242
2026-04-10;-3.25;-40.75;16.59684753417969
2026-04-10;-3.25;-40.25;104.4723510742188
2026-04-10;-3.25;-39.75;102.3605499267578
2026-04-10;-3.25;-39.25;37.82305145263672
2026-04-10;-3.25;-38.75;22.24936294555664
2026-04-10;-3.25;-38.25;
2026-04-10;-3.25;-37.75;
2026-04-10;-3.25;-37.25;
2026-04-10;-2.75;-41.25;3.041129350662231
2026-04-10;-2.75;-40.75;47.81827163696289
2026-04-10;-2.75;-40.25;156.4615936279297
2026-04-10;-2.75;-39.75;167.0128784179688
2026-04-10;-2.75;-39.25;
2026-04-10;-2.75;-38.75;
2026-04-10;-2.75;-38.25;
2026-04-10;-2.75;-37.75;
2026-04-10;-2.75;-37.25;
2026-04-11;-7.75;-41.25;0.0
2026-04-11;-7.75;-40.75;0.0
2026-04-11;-7.75;-40.25;0.0
2026-04-11;-7.75;-39.75;0.0
2026-04-11;-7.75;-39.25;0.0
2026-04-11;-7.75;-38.75;0.0
2026-04-11;-7.75;-38.25;0.0
2026-04-11;-7.75;-37.75;0.0
2026-04-11;-7.75;-37.25;0.0
2026-04-11;-7.25;-41.25;0.0
2026-04-11;-7.25;-40.75;0.0
2026-04-11;-7.25;-40.25;0.0
2026-04-11;-7.25;-39.75;0.0
2026-04-11;-7.25;-39.25;0.0
2026-04-11;-7.25;-38.75;0.0
2026-04-11;-7.25;-38.25;0.0
2026-04-11;-7.25;-37.75;0.0
2026-04-11;-7.25;-37.25;0.0
2026-04-11;-6.75;-41.25;0.0
2026-04-11;-6.75;-40.75;0.0
2026-04-11;-6.75;-40.25;0.0
2026-04-11;-6.75;-39.75;0.0
2026-04-11;-6.75;-39.25;0.0
2026-04-11;-6.75;-38.75;0.0
2026-04-11;-6.75;-38.25;0.0
2026-04-11;-6.75;-37.75;0.0
2026-04-11;-6.75;-37.25;0.0
2026-04-11;-6.25;-41.25;0.0
2026-04-11;-6.25;-40.75;0.0
2026-04-11;-6.25;-40.25;0.0
2026-04-11;-6.25;-39.75;0.5860897302627563
2026-04-11;-6.25;-39.25;3.049869537353516
2026-04-11;-6.25;-38.75;5.097531795501709
2026-04-11;-6.25;-38.25;1.747374653816223
2026-04-11;-6.25;-37.75;0.0
2026-04-11;-6.25;-37.25;0.0
2026-04-11;-5.75;-41.25;0.2946531772613525
2026-04-11;-5.75;-40.75;0.0
2026-04-11;-5.75;-40.25;0.51366126537323
2026-04-11;-5.75;-39.75;2.448257446289062
2026-04-11;-5.75;-39.25;7.602360725402832
2026-04-11;-5.75;-38.75;16.77385520935059
2026-04-11;-5.75;-38.25;17.77151107788086
2026-04-11;-5.75;-37.75;10.83951854705811
2026-04-11;-5.75;-37.25;4.024530410766602
2026-04-11;-5.25;-41.25;0.4321448504924774
2026-04-11;-5.25;-40.75;0.4613774716854095
2026-04-11;-5.25;-40.25;7.416231155395508
2026-04-11;-5.25;-39.75;7.25580358505249
2026-04-11;-5.25;-39.25;5.526134967803955
2026-04-11;-5.25;-38.75;37.5636100769043
2026-04-11;-5.25;-38.25;70.63130950927734
2026-04-11;-5.25;-37.75;86.34830474853516
2026-04-11;-5.25;-37.25;70.30432891845703
2026-04-11;-4.75;-41.25;0.625392496585846
2026-04-11;-4.75;-40.75;8.603867530822754
2026-04-11;-4.75;-40.25;33.9045524597168
2026-04-11;-4.75;-39.75;41.28636169433594
2026-04-11;-4.75;-39.25;51.07929611206055
2026-04-11;-4.75;-38.75;98.48693084716797
2026-04-11;-4.75;-38.25;144.2486267089844
2026-04-11;-4.75;-37.75;185.66845703125
2026-04-11;-4.75;-37.25;207.8306274414062
2026-04-11;-4.25;-41.25;4.520031929016113
2026-04-11;-4.25;-40.75;38.56647872924805
2026-04-11;-4.25;-40.25;80.87443542480469
2026-04-11;-4.25;-39.75;105.8660888671875
2026-04-11;-4.25;-39.25;139.7752075195312
2026-04-11;-4.25;-38.75;192.8915557861328
2026-04-11;-4.25;-38.25;215.8766326904297
2026-04-11;-4.25;-37.75;230.7123870849609
2026-04-11;-4.25;-37.25;
2026-04-11;-3.75;-41.25;15.12150096893311
2026-04-11;-3.75;-40.75;82.7919921875
2026-04-11;-3.75;-40.25;127.1404876708984
2026-04-11;-3.75;-39.75;156.2145233154297
2026-04-11;-3.75;-39.25;198.1348114013672
2026-04-11;-3.75;-38.75;244.9337158203125
2026-04-11;-3.75;-38.25;252.0392608642578
2026-04-11;-3.75;-37.75;
2026-04-11;-3.75;-37.25;
2026-04-11;-3.25;-41.25;31.70527458190918
2026-04-11;-3.25;-40.75;140.6767120361328
2026-04-11;-3.25;-40.25;169.9919586181641
2026-04-11;-3.25;-39.75;186.3648071289062
2026-04-11;-3.25;-39.25;216.0243988037109
2026-04-11;-3.25;-38.75;241.6491546630859
2026-04-11;-3.25;-38.25;
2026-04-11;-3.25;-37.75;
2026-04-11;-3.25;-37.25;
2026-04-11;-2.75;-41.25;86.15520477294922
2026-04-11;-2.75;-40.75;217.3977966308594
2026-04-11;-2.75;-40.25;209.9874114990234
2026-04-11;-2.75;-39.75;209.3849792480469
2026-04-11;-2.75;-39.25;
2026-04-11;-2.75;-38.75;
2026-04-11;-2.75;-38.25;
2026-04-11;-2.75;-37.75;
2026-04-11;-2.75;-37.25;
2026-04-12;-7.75;-41.25;1.19657838344574
2026-04-12;-7.75;-40.75;1.568997621536255
2026-04-12;-7.75;-40.25;1.934492826461792
2026-04-12;-7.75;-39.75;3.235562086105347
2026-04-12;-7.75;-39.25;33.52640914916992
2026-04-12;-7.75;-38.75;27.07559585571289
2026-04-12;-7.75;-38.25;35.55013275146484
2026-04-12;-7.75;-37.75;53.38846969604492
2026-04-12;-7.75;-37.25;64.11460876464844
2026-04-12;-7.25;-41.25;2.833383560180664
2026-04-12;-7.25;-40.75;8.376367568969727
2026-04-12;-7.25;-40.25;17.19475173950195
2026-04-12;-7.25;-39.75;47.55710220336914
2026-04-12;-7.25;-39.25;154.6863250732422
2026-04-12;-7.25;-38.75;155.4148864746094
2026-04-12;-7.25;-38.25;67.4793701171875
2026-04-12;-7.25;-37.75;62.57231140136719
2026-04-12;-7.25;-37.25;72.25385284423828
2026-04-12;-6.75;-41.25;3.756059885025024
2026-04-12;-6.75;-40.75;17.78431129455566
2026-04-12;-6.75;-40.25;41.84751510620117
2026-04-12;-6.75;-39.75;102.642707824707
2026-04-12;-6.75;-39.25;195.4603424072266
2026-04-12;-6.75;-38.75;200.1699066162109
2026-04-12;-6.75;-38.25;148.5260925292969
2026-04-12;-6.75;-37.75;76.95906066894531
2026-04-12;-6.75;-37.25;66.01605224609375
2026-04-12;-6.25;-41.25;5.052094459533691
2026-04-12;-6.25;-40.75;27.22396278381348
2026-04-12;-6.25;-40.25;69.05564880371094
2026-04-12;-6.25;-39.75;142.1158752441406
2026-04-12;-6.25;-39.25;205.2291564941406
2026-04-12;-6.25;-38.75;202.1262054443359
2026-04-12;-6.25;-38.25;176.6071929931641
2026-04-12;-6.25;-37.75;126.9833679199219
2026-04-12;-6.25;-37.25;79.78446197509766
2026-04-12;-5.75;-41.25;7.093029975891113
2026-04-12;-5.75;-40.75;40.33623123168945
2026-04-12;-5.75;-40.25;96.47647094726562
2026-04-12;-5.75;-39.75;165.791259765625
2026-04-12;-5.75;-39.25;207.2794952392578
2026-04-12;-5.75;-38.75;205.0539398193359
2026-04-12;-5.75;-38.25;187.0580596923828
2026-04-12;-5.75;-37.75;157.4059753417969
2026-04-12;-5.75;-37.25;115.3986587524414
2026-04-12;-5.25;-41.25;10.00127029418945
2026-04-12;-5.25;-40.75;57.98411178588867
2026-04-12;-5.25;-40.25;121.9698486328125
2026-04-12;-5.25;-39.75;178.9268646240234
2026-04-12;-5.25;-39.25;207.7184753417969
2026-04-12;-5.25;-38.75;206.6217498779297
2026-04-12;-5.25;-38.25;195.6939849853516
2026-04-12;-5.25;-37.75;173.4055633544922
2026-04-12;-5.25;-37.25;143.0748596191406
2026-04-12;-4.75;-41.25;13.4372501373291
2026-04-12;-4.75;-40.75;78.29071807861328
2026-04-12;-4.75;-40.25;145.7077331542969
2026-04-12;-4.75;-39.75;187.0481109619141
2026-04-12;-4.75;-39.25;207.8661804199219
2026-04-12;-4.75;-38.75;208.0705871582031
2026-04-12;-4.75;-38.25;202.7689971923828
2026-04-12;-4.75;-37.75;186.1466217041016
2026-04-12;-4.75;-37.25;161.5471649169922
2026-04-12;-4.25;-41.25;17.09214401245117
2026-04-12;-4.25;-40.75;100.0334243774414
2026-04-12;-4.25;-40.25;166.1238708496094
2026-04-12;-4.25;-39.75;194.4422912597656
2026-04-12;-4.25;-39.25;208.2883453369141
2026-04-12;-4.25;-38.75;209.3568115234375
2026-04-12;-4.25;-38.25;207.4156188964844
2026-04-12;-4.25;-37.75;197.4821014404297
2026-04-12;-4.25;-37.25;
2026-04-12;-3.75;-41.25;32.5965576171875
2026-04-12;-3.75;-40.75;126.1108551025391
2026-04-12;-3.75;-40.25;182.7867279052734
2026-04-12;-3.75;-39.75;201.077880859375
2026-04-12;-3.75;-39.25;208.5376586914062
2026-04-12;-3.75;-38.75;209.83837890625
2026-04-12;-3.75;-38.25;209.1501312255859
2026-04-12;-3.75;-37.75;
2026-04-12;-3.75;-37.25;
2026-04-12;-3.25;-41.25;61.97430419921875
2026-04-12;-3.25;-40.75;146.4206237792969
2026-04-12;-3.25;-40.25;188.5561065673828
2026-04-12;-3.25;-39.75;203.10595703125
2026-04-12;-3.25;-39.25;208.5635681152344
2026-04-12;-3.25;-38.75;209.5652008056641
2026-04-12;-3.25;-38.25;
2026-04-12;-3.25;-37.75;
2026-04-12;-3.25;-37.25;
2026-04-12;-2.75;-41.25;78.40955352783203
2026-04-12;-2.75;-40.75;152.4331359863281
2026-04-12;-2.75;-40.25;188.8699951171875
2026-04-12;-2.75;-39.75;202.3081665039062
2026-04-12;-2.75;-39.25;
2026-04-12;-2.75;-38.75;
2026-04-12;-2.75;-38.25;
2026-04-12;-2.75;-37.75;
2026-04-12;-2.75;-37.25;
2026-04-13;-7.75;-41.25;0.0
2026-04-13;-7.75;-40.75;1.568158864974976
2026-04-13;-7.75;-40.25;3.669416189193726
2026-04-13;-7.75;-39.75;13.9777946472168
2026-04-13;-7.75;-39.25;17.4719123840332
2026-04-13;-7.75;-38.75;14.29751110076904
2026-04-13;-7.75;-38.25;10.54160118103027
2026-04-13;-7.75;-37.75;10.04495429992676
2026-04-13;-7.75;-37.25;11.08748054504395
2026-04-13;-7.25;-41.25;0.0
2026-04-13;-7.25;-40.75;21.17437171936035
2026-04-13;-7.25;-40.25;61.68865585327148
2026-04-13;-7.25;-39.75;76.908203125
2026-04-13;-7.25;-39.25;63.12038421630859
2026-04-13;-7.25;-38.75;38.56375503540039
2026-04-13;-7.25;-38.25;18.26749610900879
2026-04-13;-7.25;-37.75;10.61203765869141
2026-04-13;-7.25;-37.25;10.24350261688232
2026-04-13;-6.75;-41.25;7.30103874206543
2026-04-13;-6.75;-40.75;89.5586166381836
2026-04-13;-6.75;-40.25;141.5939178466797
2026-04-13;-6.75;-39.75;136.9319610595703
2026-04-13;-6.75;-39.25;111.6680679321289
2026-04-13;-6.75;-38.75;70.11308288574219
2026-04-13;-6.75;-38.25;33.93503952026367
2026-04-13;-6.75;-37.75;14.13097381591797
2026-04-13;-6.75;-37.25;12.91515636444092
2026-04-13;-6.25;-41.25;34.40365982055664
2026-04-13;-6.25;-40.75;113.3179702758789
2026-04-13;-6.25;-40.25;148.2502899169922
2026-04-13;-6.25;-39.75;148.7234039306641
2026-04-13;-6.25;-39.25;139.8595275878906
2026-04-13;-6.25;-38.75;115.4081115722656
2026-04-13;-6.25;-38.25;68.04008483886719
2026-04-13;-6.25;-37.75;23.85469818115234
2026-04-13;-6.25;-37.25;28.22411918640137
2026-04-13;-5.75;-41.25;48.99475479125977
2026-04-13;-5.75;-40.75;123.695068359375
2026-04-13;-5.75;-40.25;150.4058990478516
2026-04-13;-5.75;-39.75;155.4134063720703
2026-04-13;-5.75;-39.25;162.5900268554688
2026-04-13;-5.75;-38.75;171.1958770751953
2026-04-13;-5.75;-38.25;147.6380157470703
2026-04-13;-5.75;-37.75;80.46623229980469
2026-04-13;-5.75;-37.25;61.24628448486328
2026-04-13;-5.25;-41.25;49.91747283935547
2026-04-13;-5.25;-40.75;127.0366973876953
2026-04-13;-5.25;-40.25;165.6126251220703
2026-04-13;-5.25;-39.75;167.2852325439453
2026-04-13;-5.25;-39.25;162.7787780761719
2026-04-13;-5.25;-38.75;235.3393096923828
2026-04-13;-5.25;-38.25;305.8746032714844
2026-04-13;-5.25;-37.75;318.2284240722656
2026-04-13;-5.25;-37.25;275.4105224609375
2026-04-13;-4.75;-41.25;43.71713256835938
2026-04-13;-4.75;-40.75;138.3119506835938
2026-04-13;-4.75;-40.25;225.9632415771484
2026-04-13;-4.75;-39.75;248.2395324707031
2026-04-13;-4.75;-39.25;271.7221374511719
2026-04-13;-4.75;-38.75;383.9216918945312
2026-04-13;-4.75;-38.25;489.2261657714844
2026-04-13;-4.75;-37.75;564.7225952148438
2026-04-13;-4.75;-37.25;568.87158203125
2026-04-13;-4.25;-41.25;49.59502029418945
2026-04-13;-4.25;-40.75;203.6473236083984
2026-04-13;-4.25;-40.25;333.7361145019531
2026-04-13;-4.25;-39.75;395.8255920410156
2026-04-13;-4.25;-39.25;482.8970947265625
2026-04-13;-4.25;-38.75;609.8224487304688
2026-04-13;-4.25;-38.25;664.64697265625
2026-04-13;-4.25;-37.75;692.0966796875
2026-04-13;-4.25;-37.25;
2026-04-13;-3.75;-41.25;72.14848327636719
2026-04-13;-3.75;-40.75;311.0391845703125
2026-04-13;-3.75;-40.25;442.8792724609375
2026-04-13;-3.75;-39.75;510.3314208984375
2026-04-13;-3.75;-39.25;621.9226684570312
2026-04-13;-3.75;-38.75;734.0697021484375
2026-04-13;-3.75;-38.25;751.01611328125
2026-04-13;-3.75;-37.75;
2026-04-13;-3.75;-37.25;
2026-04-13;-3.25;-41.25;106.0415267944336
2026-04-13;-3.25;-40.75;456.3439331054688
2026-04-13;-3.25;-40.25;539.7990112304688
2026-04-13;-3.25;-39.75;579.4693603515625
2026-04-13;-3.25;-39.25;661.3328247070312
2026-04-13;-3.25;-38.75;726.2275390625
2026-04-13;-3.25;-38.25;
2026-04-13;-3.25;-37.75;
2026-04-13;-3.25;-37.25;
2026-04-13;-2.75;-41.25;235.6596069335938
2026-04-13;-2.75;-40.75;534.5595703125
2026-04-13;-2.75;-40.25;584.3995971679688
2026-04-13;-2.75;-39.75;611.73291015625
2026-04-13;-2.75;-39.25;
2026-04-13;-2.75;-38.75;
2026-04-13;-2.75;-38.25;
2026-04-13;-2.75;-37.75;
2026-04-13;-2.75;-37.25;
2026-04-14;-7.75;-41.25;0.205167293548584
2026-04-14;-7.75;-40.75;0.0
2026-04-14;-7.75;-40.25;0.0
2026-04-14;-7.75;-39.75;2.565676212310791
2026-04-14;-7.75;-39.25;13.59160614013672
2026-04-14;-7.75;-38.75;14.1741361618042
2026-04-14;-7.75;-38.25;0.9335349202156067
2026-04-14;-7.75;-37.75;0.4924240708351135
2026-04-14;-7.75;-37.25;0.0
2026-04-14;-7.25;-41.25;6.924904823303223
2026-04-14;-7.25;-40.75;11.67854118347168
2026-04-14;-7.25;-40.25;52.35605621337891
2026-04-14;-7.25;-39.75;77.35559844970703
2026-04-14;-7.25;-39.25;59.69462203979492
2026-04-14;-7.25;-38.75;92.6575698852539
2026-04-14;-7.25;-38.25;35.04141616821289
2026-04-14;-7.25;-37.75;10.90226364135742
2026-04-14;-7.25;-37.25;0.2390073388814926
2026-04-14;-6.75;-41.25;18.74062347412109
2026-04-14;-6.75;-40.75;82.6758041381836
2026-04-14;-6.75;-40.25;165.7747650146484
2026-04-14;-6.75;-39.75;160.1689758300781
2026-04-14;-6.75;-39.25;119.755256652832
2026-04-14;-6.75;-38.75;109.9425735473633
2026-04-14;-6.75;-38.25;111.7441711425781
2026-04-14;-6.75;-37.75;18.8021297454834
2026-04-14;-6.75;-37.25;1.055178880691528
2026-04-14;-6.25;-41.25;18.72003364562988
2026-04-14;-6.25;-40.75;76.8485107421875
2026-04-14;-6.25;-40.25;159.9985504150391
2026-04-14;-6.25;-39.75;143.7736206054688
2026-04-14;-6.25;-39.25;52.43165969848633
2026-04-14;-6.25;-38.75;13.30510330200195
2026-04-14;-6.25;-38.25;55.41813278198242
2026-04-14;-6.25;-37.75;14.47933101654053
2026-04-14;-6.25;-37.25;7.624828338623047
2026-04-14;-5.75;-41.25;3.165204763412476
2026-04-14;-5.75;-40.75;12.83766269683838
2026-04-14;-5.75;-40.25;68.55524444580078
2026-04-14;-5.75;-39.75;53.81756210327148
2026-04-14;-5.75;-39.25;16.19856834411621
2026-04-14;-5.75;-38.75;15.88271617889404
2026-04-14;-5.75;-38.25;26.86836433410645
2026-04-14;-5.75;-37.75;27.16831207275391
2026-04-14;-5.75;-37.25;77.13452911376953
2026-04-14;-5.25;-41.25;0.0
2026-04-14;-5.25;-40.75;2.239517688751221
2026-04-14;-5.25;-40.25;19.84916114807129
2026-04-14;-5.25;-39.75;43.42738723754883
2026-04-14;-5.25;-39.25;48.23076248168945
2026-04-14;-5.25;-38.75;38.20853805541992
2026-04-14;-5.25;-38.25;33.71960830688477
2026-04-14;-5.25;-37.75;45.36942672729492
2026-04-14;-5.25;-37.25;78.40961456298828
2026-04-14;-4.75;-41.25;6.716471672058105
2026-04-14;-4.75;-40.75;14.55290222167969
2026-04-14;-4.75;-40.25;17.98903274536133
2026-04-14;-4.75;-39.75;34.33646011352539
2026-04-14;-4.75;-39.25;52.90346145629883
2026-04-14;-4.75;-38.75;48.03795623779297
2026-04-14;-4.75;-38.25;49.40206909179688
2026-04-14;-4.75;-37.75;48.12429428100586
2026-04-14;-4.75;-37.25;58.18673706054688
2026-04-14;-4.25;-41.25;16.13568687438965
2026-04-14;-4.25;-40.75;32.31293487548828
2026-04-14;-4.25;-40.25;18.79716300964355
2026-04-14;-4.25;-39.75;13.05935287475586
2026-04-14;-4.25;-39.25;39.09077835083008
2026-04-14;-4.25;-38.75;106.8653182983398
2026-04-14;-4.25;-38.25;97.8062744140625
2026-04-14;-4.25;-37.75;64.13023376464844
2026-04-14;-4.25;-37.25;
2026-04-14;-3.75;-41.25;59.05287551879883
2026-04-14;-3.75;-40.75;107.2246856689453
2026-04-14;-3.75;-40.25;50.61735153198242
2026-04-14;-3.75;-39.75;20.52779006958008
2026-04-14;-3.75;-39.25;30.37601852416992
2026-04-14;-3.75;-38.75;117.3073501586914
2026-04-14;-3.75;-38.25;140.5714721679688
2026-04-14;-3.75;-37.75;
2026-04-14;-3.75;-37.25;
2026-04-14;-3.25;-41.25;157.9692687988281
2026-04-14;-3.25;-40.75;147.9830017089844
2026-04-14;-3.25;-40.25;29.48796081542969
2026-04-14;-3.25;-39.75;13.79110145568848
2026-04-14;-3.25;-39.25;36.76157379150391
2026-04-14;-3.25;-38.75;96.16630554199219
2026-04-14;-3.25;-38.25;
2026-04-14;-3.25;-37.75;
2026-04-14;-3.25;-37.25;
2026-04-14;-2.75;-41.25;138.7146759033203
2026-04-14;-2.75;-40.75;119.6565780639648
2026-04-14;-2.75;-40.25;36.80879592895508
2026-04-14;-2.75;-39.75;10.02241134643555
2026-04-14;-2.75;-39.25;
2026-04-14;-2.75;-38.75;
2026-04-14;-2.75;-38.25;
2026-04-14;-2.75;-37.75;
2026-04-14;-2.75;-37.25;
2026-04-15;-7.75;-41.25;1.985915660858154
2026-04-15;-7.75;-40.75;26.92407417297363
2026-04-15;-7.75;-40.25;79.48236083984375
2026-04-15;-7.75;-39.75;72.97479248046875
2026-04-15;-7.75;-39.25;44.29090118408203
2026-04-15;-7.75;-38.75;34.84063339233398
2026-04-15;-7.75;-38.25;8.688983917236328
2026-04-15;-7.75;-37.75;4.253271579742432
2026-04-15;-7.75;-37.25;3.73376727104187
2026-04-15;-7.25;-41.25;0.7213741540908813
2026-04-15;-7.25;-40.75;57.19895935058594
2026-04-15;-7.25;-40.25;158.9292602539062
2026-04-15;-7.25;-39.75;144.7389526367188
2026-04-15;-7.25;-39.25;37.21463394165039
2026-04-15;-7.25;-38.75;36.65310668945312
2026-04-15;-7.25;-38.25;5.514634132385254
2026-04-15;-7.25;-37.75;37.18415069580078
2026-04-15;-7.25;-37.25;145.3460235595703
2026-04-15;-6.75;-41.25;1.338290452957153
2026-04-15;-6.75;-40.75;146.2095489501953
2026-04-15;-6.75;-40.25;307.448974609375
2026-04-15;-6.75;-39.75;289.0217590332031
2026-04-15;-6.75;-39.25;133.8296508789062
2026-04-15;-6.75;-38.75;31.12084197998047
2026-04-15;-6.75;-38.25;1.176929593086243
2026-04-15;-6.75;-37.75;13.40126132965088
2026-04-15;-6.75;-37.25;138.7162170410156
2026-04-15;-6.25;-41.25;11.17929553985596
2026-04-15;-6.25;-40.75;135.4754638671875
2026-04-15;-6.25;-40.25;309.6492004394531
2026-04-15;-6.25;-39.75;277.6495361328125
2026-04-15;-6.25;-39.25;91.03984069824219
2026-04-15;-6.25;-38.75;6.033577442169189
2026-04-15;-6.25;-38.25;0.7079065442085266
2026-04-15;-6.25;-37.75;8.06225299835205
2026-04-15;-6.25;-37.25;123.4155578613281
2026-04-15;-5.75;-41.25;22.27386856079102
2026-04-15;-5.75;-40.75;33.41114807128906
2026-04-15;-5.75;-40.25;189.2693176269531
2026-04-15;-5.75;-39.75;187.4837493896484
2026-04-15;-5.75;-39.25;98.50428009033203
2026-04-15;-5.75;-38.75;19.27743339538574
2026-04-15;-5.75;-38.25;14.3594446182251
2026-04-15;-5.75;-37.75;4.882400989532471
2026-04-15;-5.75;-37.25;75.36509704589844
2026-04-15;-5.25;-41.25;9.445069313049316
2026-04-15;-5.25;-40.75;10.37925720214844
2026-04-15;-5.25;-40.25;73.49304962158203
2026-04-15;-5.25;-39.75;144.7574310302734
2026-04-15;-5.25;-39.25;142.3814086914062
2026-04-15;-5.25;-38.75;80.20870208740234
2026-04-15;-5.25;-38.25;41.62793731689453
2026-04-15;-5.25;-37.75;38.77655029296875
2026-04-15;-5.25;-37.25;19.76171493530273
2026-04-15;-4.75;-41.25;34.04858779907227
2026-04-15;-4.75;-40.75;22.72892570495605
2026-04-15;-4.75;-40.25;32.69235610961914
2026-04-15;-4.75;-39.75;84.82902526855469
2026-04-15;-4.75;-39.25;129.6687469482422
2026-04-15;-4.75;-38.75;82.05477142333984
2026-04-15;-4.75;-38.25;46.30929946899414
2026-04-15;-4.75;-37.75;18.59433174133301
2026-04-15;-4.75;-37.25;16.65383720397949
2026-04-15;-4.25;-41.25;174.0113372802734
2026-04-15;-4.25;-40.75;61.88375091552734
2026-04-15;-4.25;-40.25;26.9752368927002
2026-04-15;-4.25;-39.75;10.67345428466797
2026-04-15;-4.25;-39.25;33.79744338989258
2026-04-15;-4.25;-38.75;57.64623641967773
2026-04-15;-4.25;-38.25;47.46456909179688
2026-04-15;-4.25;-37.75;18.68092918395996
2026-04-15;-4.25;-37.25;
2026-04-15;-3.75;-41.25;197.3435211181641
2026-04-15;-3.75;-40.75;48.95765686035156
2026-04-15;-3.75;-40.25;7.825495719909668
2026-04-15;-3.75;-39.75;0.3352583646774292
2026-04-15;-3.75;-39.25;5.550168514251709
2026-04-15;-3.75;-38.75;49.03918075561523
2026-04-15;-3.75;-38.25;60.4954833984375
2026-04-15;-3.75;-37.75;
2026-04-15;-3.75;-37.25;
2026-04-15;-3.25;-41.25;52.16543960571289
2026-04-15;-3.25;-40.75;15.2052583694458
2026-04-15;-3.25;-40.25;1.759110569953918
2026-04-15;-3.25;-39.75;1.567335486412048
2026-04-15;-3.25;-39.25;10.3958044052124
2026-04-15;-3.25;-38.75;39.03708267211914
2026-04-15;-3.25;-38.25;
2026-04-15;-3.25;-37.75;
2026-04-15;-3.25;-37.25;
2026-04-15;-2.75;-41.25;23.49563026428223
2026-04-15;-2.75;-40.75;19.84290313720703
2026-04-15;-2.75;-40.25;4.929580211639404
2026-04-15;-2.75;-39.75;2.635552167892456
2026-04-15;-2.75;-39.25;
2026-04-15;-2.75;-38.75;
2026-04-15;-2.75;-38.25;
2026-04-15;-2.75;-37.75;
2026-04-15;-2.75;-37.25;
2026-04-16;-7.75;-41.25;0.0
2026-04-16;-7.75;-40.75;4.378754138946533
2026-04-16;-7.75;-40.25;17.32763671875
2026-04-16;-7.75;-39.75;15.35712432861328
2026-04-16;-7.75;-39.25;4.874573707580566
2026-04-16;-7.75;-38.75;2.202866792678833
2026-04-16;-7.75;-38.25;0.0
2026-04-16;-7.75;-37.75;0.0
2026-04-16;-7.75;-37.25;0.0
2026-04-16;-7.25;-41.25;0.0
2026-04-16;-7.25;-40.75;3.875060081481934
2026-04-16;-7.25;-40.25;11.86998081207275
2026-04-16;-7.25;-39.75;4.521517276763916
2026-04-16;-7.25;-39.25;0.2323450148105621
2026-04-16;-7.25;-38.75;0.0
2026-04-16;-7.25;-38.25;0.0
2026-04-16;-7.25;-37.75;0.0
2026-04-16;-7.25;-37.25;0.0
2026-04-16;-6.75;-41.25;0.0
2026-04-16;-6.75;-40.75;0.3083184361457825
2026-04-16;-6.75;-40.25;0.0
2026-04-16;-6.75;-39.75;0.0
2026-04-16;-6.75;-39.25;2.013989925384521
2026-04-16;-6.75;-38.75;5.413026809692383
2026-04-16;-6.75;-38.25;0.0
2026-04-16;-6.75;-37.75;0.0
2026-04-16;-6.75;-37.25;10.38035678863525
2026-04-16;-6.25;-41.25;7.970240116119385
2026-04-16;-6.25;-40.75;2.312244892120361
2026-04-16;-6.25;-40.25;0.0
2026-04-16;-6.25;-39.75;0.8121877908706665
2026-04-16;-6.25;-39.25;9.464887619018555
2026-04-16;-6.25;-38.75;21.68546104431152
2026-04-16;-6.25;-38.25;34.87395477294922
2026-04-16;-6.25;-37.75;67.0106201171875
2026-04-16;-6.25;-37.25;39.6802978515625
2026-04-16;-5.75;-41.25;32.35208129882812
2026-04-16;-5.75;-40.75;12.89871692657471
2026-04-16;-5.75;-40.25;33.00995254516602
2026-04-16;-5.75;-39.75;54.89743041992188
2026-04-16;-5.75;-39.25;39.05580139160156
2026-04-16;-5.75;-38.75;28.38090896606445
2026-04-16;-5.75;-38.25;121.5409240722656
2026-04-16;-5.75;-37.75;340.8919677734375
2026-04-16;-5.75;-37.25;112.3755416870117
2026-04-16;-5.25;-41.25;32.54324722290039
2026-04-16;-5.25;-40.75;35.25676345825195
2026-04-16;-5.25;-40.25;109.9929122924805
2026-04-16;-5.25;-39.75;163.9613037109375
2026-04-16;-5.25;-39.25;186.2650299072266
2026-04-16;-5.25;-38.75;101.343017578125
2026-04-16;-5.25;-38.25;98.799072265625
2026-04-16;-5.25;-37.75;220.6998443603516
2026-04-16;-5.25;-37.25;90.09072875976562
2026-04-16;-4.75;-41.25;76.38423156738281
2026-04-16;-4.75;-40.75;111.5131378173828
2026-04-16;-4.75;-40.25;181.5052490234375
2026-04-16;-4.75;-39.75;221.3503875732422
2026-04-16;-4.75;-39.25;220.3702392578125
2026-04-16;-4.75;-38.75;118.3827438354492
2026-04-16;-4.75;-38.25;87.70498657226562
2026-04-16;-4.75;-37.75;89.7938461303711
2026-04-16;-4.75;-37.25;82.01541137695312
2026-04-16;-4.25;-41.25;194.7752532958984
2026-04-16;-4.25;-40.75;164.2308502197266
2026-04-16;-4.25;-40.25;204.4333953857422
2026-04-16;-4.25;-39.75;270.1647338867188
2026-04-16;-4.25;-39.25;342.6679077148438
2026-04-16;-4.25;-38.75;117.4599685668945
2026-04-16;-4.25;-38.25;53.64896011352539
2026-04-16;-4.25;-37.75;68.33573913574219
2026-04-16;-4.25;-37.25;
2026-04-16;-3.75;-41.25;222.7097473144531
2026-04-16;-3.75;-40.75;208.6244812011719
2026-04-16;-3.75;-40.25;210.2098388671875
2026-04-16;-3.75;-39.75;269.2057189941406
2026-04-16;-3.75;-39.25;407.9025268554688
2026-04-16;-3.75;-38.75;150.0814666748047
2026-04-16;-3.75;-38.25;44.6508674621582
2026-04-16;-3.75;-37.75;
2026-04-16;-3.75;-37.25;
2026-04-16;-3.25;-41.25;289.7274169921875
2026-04-16;-3.25;-40.75;216.8018646240234
2026-04-16;-3.25;-40.25;70.46733856201172
2026-04-16;-3.25;-39.75;146.4806518554688
2026-04-16;-3.25;-39.25;289.1371459960938
2026-04-16;-3.25;-38.75;199.3778686523438
2026-04-16;-3.25;-38.25;
2026-04-16;-3.25;-37.75;
2026-04-16;-3.25;-37.25;
2026-04-16;-2.75;-41.25;318.1708679199219
2026-04-16;-2.75;-40.75;220.4469909667969
2026-04-16;-2.75;-40.25;76.35062408447266
2026-04-16;-2.75;-39.75;72.89957427978516
2026-04-16;-2.75;-39.25;
2026-04-16;-2.75;-38.75;
2026-04-16;-2.75;-38.25;
2026-04-16;-2.75;-37.75;
2026-04-16;-2.75;-37.25;
2026-04-17;-7.75;-41.25;0.0
2026-04-17;-7.75;-40.75;0.0
2026-04-17;-7.75;-40.25;0.0
2026-04-17;-7.75;-39.75;0.4604760408401489
2026-04-17;-7.75;-39.25;0.2445826679468155
2026-04-17;-7.75;-38.75;0.0
2026-04-17;-7.75;-38.25;0.0
2026-04-17;-7.75;-37.75;0.0
2026-04-17;-7.75;-37.25;0.0
2026-04-17;-7.25;-41.25;0.0
2026-04-17;-7.25;-40.75;0.0
2026-04-17;-7.25;-40.25;0.0
2026-04-17;-7.25;-39.75;0.0
2026-04-17;-7.25;-39.25;0.0
2026-04-17;-7.25;-38.75;0.0
2026-04-17;-7.25;-38.25;0.0
2026-04-17;-7.25;-37.75;0.0
2026-04-17;-7.25;-37.25;0.0
2026-04-17;-6.75;-41.25;0.0
2026-04-17;-6.75;-40.75;0.0
2026-04-17;-6.75;-40.25;0.0
2026-04-17;-6.75;-39.75;0.0
2026-04-17;-6.75;-39.25;0.0
2026-04-17;-6.75;-38.75;0.0
2026-04-17;-6.75;-38.25;0.3120173811912537
2026-04-17;-6.75;-37.75;3.186208963394165
2026-04-17;-6.75;-37.25;0.0
2026-04-17;-6.25;-41.25;9.988945007324219
2026-04-17;-6.25;-40.75;18.41679000854492
2026-04-17;-6.25;-40.25;0.5455765128135681
2026-04-17;-6.25;-39.75;0.0
2026-04-17;-6.25;-39.25;0.0
2026-04-17;-6.25;-38.75;0.0
2026-04-17;-6.25;-38.25;0.6703649759292603
2026-04-17;-6.25;-37.75;0.437648206949234
2026-04-17;-6.25;-37.25;0.0
2026-04-17;-5.75;-41.25;61.08679962158203
2026-04-17;-5.75;-40.75;114.1422805786133
2026-04-17;-5.75;-40.25;33.09080505371094
2026-04-17;-5.75;-39.75;3.224881410598755
2026-04-17;-5.75;-39.25;3.412628173828125
2026-04-17;-5.75;-38.75;0.0
2026-04-17;-5.75;-38.25;0.0
2026-04-17;-5.75;-37.75;0.784093976020813
2026-04-17;-5.75;-37.25;9.570207595825195
2026-04-17;-5.25;-41.25;118.0150985717773
2026-04-17;-5.25;-40.75;132.3480987548828
2026-04-17;-5.25;-40.25;63.58510971069336
2026-04-17;-5.25;-39.75;4.974784374237061
2026-04-17;-5.25;-39.25;0.6007214784622192
2026-04-17;-5.25;-38.75;0.4746066033840179
2026-04-17;-5.25;-38.25;0.0
2026-04-17;-5.25;-37.75;1.097408890724182
2026-04-17;-5.25;-37.25;17.15383720397949
2026-04-17;-4.75;-41.25;100.4591293334961
2026-04-17;-4.75;-40.75;81.80522155761719
2026-04-17;-4.75;-40.25;61.02425765991211
2026-04-17;-4.75;-39.75;25.76802825927734
2026-04-17;-4.75;-39.25;1.251451015472412
2026-04-17;-4.75;-38.75;1.195914268493652
2026-04-17;-4.75;-38.25;0.8204358816146851
2026-04-17;-4.75;-37.75;1.551238298416138
2026-04-17;-4.75;-37.25;9.455445289611816
2026-04-17;-4.25;-41.25;39.97748947143555
2026-04-17;-4.25;-40.75;39.99387359619141
2026-04-17;-4.25;-40.25;59.75038909912109
2026-04-17;-4.25;-39.75;40.68492126464844
2026-04-17;-4.25;-39.25;5.658172130584717
2026-04-17;-4.25;-38.75;9.027339935302734
2026-04-17;-4.25;-38.25;8.994856834411621
2026-04-17;-4.25;-37.75;4.602429389953613
2026-04-17;-4.25;-37.25;
2026-04-17;-3.75;-41.25;58.35249328613281
2026-04-17;-3.75;-40.75;58.0511474609375
2026-04-17;-3.75;-40.25;28.52426719665527
2026-04-17;-3.75;-39.75;20.95029258728027
2026-04-17;-3.75;-39.25;2.819201946258545
2026-04-17;-3.75;-38.75;13.60590171813965
2026-04-17;-3.75;-38.25;16.46310806274414
2026-04-17;-3.75;-37.75;
2026-04-17;-3.75;-37.25;
2026-04-17;-3.25;-41.25;66.97636413574219
2026-04-17;-3.25;-40.75;68.28023529052734
2026-04-17;-3.25;-40.25;35.08926010131836
2026-04-17;-3.25;-39.75;26.1732234954834
2026-04-17;-3.25;-39.25;12.21696281433105
2026-04-17;-3.25;-38.75;12.59156799316406
2026-04-17;-3.25;-38.25;
2026-04-17;-3.25;-37.75;
2026-04-17;-3.25;-37.25;
2026-04-17;-2.75;-41.25;68.05873107910156
2026-04-17;-2.75;-40.75;59.01424407958984
2026-04-17;-2.75;-40.25;46.57418823242188
2026-04-17;-2.75;-39.75;35.15378189086914
2026-04-17;-2.75;-39.25;
2026-04-17;-2.75;-38.75;
2026-04-17;-2.75;-38.25;
2026-04-17;-2.75;-37.75;
2026-04-17;-2.75;-37.25;
2026-04-18;-7.75;-41.25;0.0
2026-04-18;-7.75;-40.75;0.0
2026-04-18;-7.75;-40.25;0.0
2026-04-18;-7.75;-39.75;0.0
2026-04-18;-7.75;-39.25;0.0
2026-04-18;-7.75;-38.75;0.0
2026-04-18;-7.75;-38.25;0.0
2026-04-18;-7.75;-37.75;0.0
2026-04-18;-7.75;-37.25;0.5310617089271545
2026-04-18;-7.25;-41.25;0.0
2026-04-18;-7.25;-40.75;0.0
2026-04-18;-7.25;-40.25;0.0
2026-04-18;-7.25;-39.75;0.0
2026-04-18;-7.25;-39.25;0.0
2026-04-18;-7.25;-38.75;0.0
2026-04-18;-7.25;-38.25;0.0
2026-04-18;-7.25;-37.75;0.0
2026-04-18;-7.25;-37.25;0.0
2026-04-18;-6.75;-41.25;0.0
2026-04-18;-6.75;-40.75;0.0
2026-04-18;-6.75;-40.25;0.0
2026-04-18;-6.75;-39.75;0.0
2026-04-18;-6.75;-39.25;0.0
2026-04-18;-6.75;-38.75;0.0
2026-04-18;-6.75;-38.25;0.0
2026-04-18;-6.75;-37.75;0.0
2026-04-18;-6.75;-37.25;0.0
2026-04-18;-6.25;-41.25;1.903080940246582
2026-04-18;-6.25;-40.75;1.072297930717468
2026-04-18;-6.25;-40.25;0.0
2026-04-18;-6.25;-39.75;0.0
2026-04-18;-6.25;-39.25;0.0
2026-04-18;-6.25;-38.75;0.0
2026-04-18;-6.25;-38.25;0.0
2026-04-18;-6.25;-37.75;0.0
2026-04-18;-6.25;-37.25;0.0
2026-04-18;-5.75;-41.25;18.66059875488281
2026-04-18;-5.75;-40.75;5.443120002746582
2026-04-18;-5.75;-40.25;0.0
2026-04-18;-5.75;-39.75;0.0
2026-04-18;-5.75;-39.25;0.0
2026-04-18;-5.75;-38.75;0.0
2026-04-18;-5.75;-38.25;0.0
2026-04-18;-5.75;-37.75;0.0
2026-04-18;-5.75;-37.25;0.0
2026-04-18;-5.25;-41.25;24.97041702270508
2026-04-18;-5.25;-40.75;6.357501029968262
2026-04-18;-5.25;-40.25;0.7950844168663025
2026-04-18;-5.25;-39.75;0.23545902967453
2026-04-18;-5.25;-39.25;0.0
2026-04-18;-5.25;-38.75;0.0
2026-04-18;-5.25;-38.25;0.0
2026-04-18;-5.25;-37.75;0.8678808212280273
2026-04-18;-5.25;-37.25;1.224952816963196
2026-04-18;-4.75;-41.25;28.71728706359863
2026-04-18;-4.75;-40.75;8.90273380279541
2026-04-18;-4.75;-40.25;2.359578371047974
2026-04-18;-4.75;-39.75;1.331388235092163
2026-04-18;-4.75;-39.25;1.57238757610321
2026-04-18;-4.75;-38.75;1.170341014862061
2026-04-18;-4.75;-38.25;3.339257478713989
2026-04-18;-4.75;-37.75;5.682113647460938
2026-04-18;-4.75;-37.25;6.70717191696167
2026-04-18;-4.25;-41.25;29.92184257507324
2026-04-18;-4.25;-40.75;11.46310043334961
2026-04-18;-4.25;-40.25;4.511659622192383
2026-04-18;-4.25;-39.75;3.436004638671875
2026-04-18;-4.25;-39.25;4.302036285400391
2026-04-18;-4.25;-38.75;5.935419082641602
2026-04-18;-4.25;-38.25;6.642541408538818
2026-04-18;-4.25;-37.75;7.099997997283936
2026-04-18;-4.25;-37.25;
2026-04-18;-3.75;-41.25;30.97727394104004
2026-04-18;-3.75;-40.75;12.30943775177002
2026-04-18;-3.75;-40.25;6.221967697143555
2026-04-18;-3.75;-39.75;5.147051334381104
2026-04-18;-3.75;-39.25;6.100091934204102
2026-04-18;-3.75;-38.75;7.53667688369751
2026-04-18;-3.75;-38.25;7.755103588104248
2026-04-18;-3.75;-37.75;
2026-04-18;-3.75;-37.25;
2026-04-18;-3.25;-41.25;32.92647933959961
2026-04-18;-3.25;-40.75;10.80054759979248
2026-04-18;-3.25;-40.25;6.551461696624756
2026-04-18;-3.25;-39.75;6.093008518218994
2026-04-18;-3.25;-39.25;6.661323070526123
2026-04-18;-3.25;-38.75;7.435678005218506
2026-04-18;-3.25;-38.25;
2026-04-18;-3.25;-37.75;
2026-04-18;-3.25;-37.25;
2026-04-18;-2.75;-41.25;26.44046592712402
2026-04-18;-2.75;-40.75;8.515485763549805
2026-04-18;-2.75;-40.25;6.835964679718018
2026-04-18;-2.75;-39.75;6.602438449859619
2026-04-18;-2.75;-39.25;
2026-04-18;-2.75;-38.75;
2026-04-18;-2.75;-38.25;
2026-04-18;-2.75;-37.75;
2026-04-18;-2.75;-37.25;
2026-04-19;-7.75;-41.25;31.54032325744629
2026-04-19;-7.75;-40.75;27.81226348876953
2026-04-19;-7.75;-40.25;19.0050106048584
2026-04-19;-7.75;-39.75;10.3796968460083
2026-04-19;-7.75;-39.25;62.0162353515625
2026-04-19;-7.75;-38.75;16.87076568603516
2026-04-19;-7.75;-38.25;17.96855163574219
2026-04-19;-7.75;-37.75;39.12257766723633
2026-04-19;-7.75;-37.25;50.26645278930664
2026-04-19;-7.25;-41.25;44.51688766479492
2026-04-19;-7.25;-40.75;58.02231216430664
2026-04-19;-7.25;-40.25;73.39503479003906
2026-04-19;-7.25;-39.75;135.6054229736328
2026-04-19;-7.25;-39.25;321.1590270996094
2026-04-19;-7.25;-38.75;304.0563659667969
2026-04-19;-7.25;-38.25;186.3623962402344
2026-04-19;-7.25;-37.75;146.6527862548828
2026-04-19;-7.25;-37.25;125.6347351074219
2026-04-19;-6.75;-41.25;57.61402893066406
2026-04-19;-6.75;-40.75;92.92875671386719
2026-04-19;-6.75;-40.25;147.1914672851562
2026-04-19;-6.75;-39.75;270.4615783691406
2026-04-19;-6.75;-39.25;360.9023132324219
2026-04-19;-6.75;-38.75;368.7700500488281
2026-04-19;-6.75;-38.25;361.1530151367188
2026-04-19;-6.75;-37.75;267.9653625488281
2026-04-19;-6.75;-37.25;217.4338226318359
2026-04-19;-6.25;-41.25;77.62957000732422
2026-04-19;-6.25;-40.75;128.8321075439453
2026-04-19;-6.25;-40.25;221.03173828125
2026-04-19;-6.25;-39.75;316.314208984375
2026-04-19;-6.25;-39.25;375.2195129394531
2026-04-19;-6.25;-38.75;404.31005859375
2026-04-19;-6.25;-38.25;403.7241516113281
2026-04-19;-6.25;-37.75;357.1415405273438
2026-04-19;-6.25;-37.25;254.3481140136719
2026-04-19;-5.75;-41.25;105.9168853759766
2026-04-19;-5.75;-40.75;175.9967193603516
2026-04-19;-5.75;-40.25;272.0313415527344
2026-04-19;-5.75;-39.75;349.560791015625
2026-04-19;-5.75;-39.25;420.7073364257812
2026-04-19;-5.75;-38.75;445.5986633300781
2026-04-19;-5.75;-38.25;430.5811767578125
2026-04-19;-5.75;-37.75;391.0612487792969
2026-04-19;-5.75;-37.25;306.2720336914062
2026-04-19;-5.25;-41.25;138.5066223144531
2026-04-19;-5.25;-40.75;228.2631072998047
2026-04-19;-5.25;-40.25;299.767822265625
2026-04-19;-5.25;-39.75;389.6941528320312
2026-04-19;-5.25;-39.25;466.1255798339844
2026-04-19;-5.25;-38.75;480.4983520507812
2026-04-19;-5.25;-38.25;464.9456787109375
2026-04-19;-5.25;-37.75;427.7824096679688
2026-04-19;-5.25;-37.25;362.5497436523438
2026-04-19;-4.75;-41.25;165.2235870361328
2026-04-19;-4.75;-40.75;275.3820495605469
2026-04-19;-4.75;-40.25;334.8072509765625
2026-04-19;-4.75;-39.75;424.38037109375
2026-04-19;-4.75;-39.25;508.291748046875
2026-04-19;-4.75;-38.75;525.8302612304688
2026-04-19;-4.75;-38.25;515.8201293945312
2026-04-19;-4.75;-37.75;479.7581787109375
2026-04-19;-4.75;-37.25;423.3730163574219
2026-04-19;-4.25;-41.25;179.5287933349609
2026-04-19;-4.25;-40.75;328.1503601074219
2026-04-19;-4.25;-40.25;399.0491333007812
2026-04-19;-4.25;-39.75;468.0365295410156
2026-04-19;-4.25;-39.25;532.5369873046875
2026-04-19;-4.25;-38.75;538.7437133789062
2026-04-19;-4.25;-38.25;534.8322143554688
2026-04-19;-4.25;-37.75;514.4317016601562
2026-04-19;-4.25;-37.25;
2026-04-19;-3.75;-41.25;210.9673614501953
2026-04-19;-3.75;-40.75;383.5581359863281
2026-04-19;-3.75;-40.25;473.078369140625
2026-04-19;-3.75;-39.75;505.8649597167969
2026-04-19;-3.75;-39.25;536.7623291015625
2026-04-19;-3.75;-38.75;539.6931762695312
2026-04-19;-3.75;-38.25;538.3009643554688
2026-04-19;-3.75;-37.75;
2026-04-19;-3.75;-37.25;
2026-04-19;-3.25;-41.25;289.6725769042969
2026-04-19;-3.25;-40.75;426.4388732910156
2026-04-19;-3.25;-40.25;499.6662292480469
2026-04-19;-3.25;-39.75;522.0950927734375
2026-04-19;-3.25;-39.25;536.611083984375
2026-04-19;-3.25;-38.75;539.167236328125
2026-04-19;-3.25;-38.25;
2026-04-19;-3.25;-37.75;
2026-04-19;-3.25;-37.25;
2026-04-19;-2.75;-41.25;367.7083435058594
2026-04-19;-2.75;-40.75;454.8278503417969
2026-04-19;-2.75;-40.25;505.577880859375
2026-04-19;-2.75;-39.75;524.6786499023438
2026-04-19;-2.75;-39.25;
2026-04-19;-2.75;-38.75;
2026-04-19;-2.75;-38.25;
2026-04-19;-2.75;-37.75;
2026-04-19;-2.75;-37.25;
2026-04-20;-7.75;-41.25;80.60311126708984
2026-04-20;-7.75;-40.75;64.6396255493164
2026-04-20;-7.75;-40.25;10.65275001525879
2026-04-20;-7.75;-39.75;0.0
2026-04-20;-7.75;-39.25;0.2126404643058777
2026-04-20;-7.75;-38.75;0.0
2026-04-20;-7.75;-38.25;0.0
2026-04-20;-7.75;-37.75;0.0
2026-04-20;-7.75;-37.25;0.0
2026-04-20;-7.25;-41.25;48.46821212768555
2026-04-20;-7.25;-40.75;43.91293334960938
2026-04-20;-7.25;-40.25;3.342246532440186
2026-04-20;-7.25;-39.75;0.0
2026-04-20;-7.25;-39.25;0.0
2026-04-20;-7.25;-38.75;0.0
2026-04-20;-7.25;-38.25;0.0
2026-04-20;-7.25;-37.75;0.2202272415161133
2026-04-20;-7.25;-37.25;2.299016952514648
2026-04-20;-6.75;-41.25;9.669992446899414
2026-04-20;-6.75;-40.75;4.123964786529541
2026-04-20;-6.75;-40.25;0.0
2026-04-20;-6.75;-39.75;0.0
2026-04-20;-6.75;-39.25;0.0
2026-04-20;-6.75;-38.75;0.0
2026-04-20;-6.75;-38.25;0.0
2026-04-20;-6.75;-37.75;0.4366632699966431
2026-04-20;-6.75;-37.25;11.16748237609863
2026-04-20;-6.25;-41.25;4.254863739013672
2026-04-20;-6.25;-40.75;0.2757638692855835
2026-04-20;-6.25;-40.25;0.0
2026-04-20;-6.25;-39.75;0.2937818765640259
2026-04-20;-6.25;-39.25;0.0
2026-04-20;-6.25;-38.75;0.0
2026-04-20;-6.25;-38.25;0.0
2026-04-20;-6.25;-37.75;3.100881576538086
2026-04-20;-6.25;-37.25;13.79199695587158
2026-04-20;-5.75;-41.25;8.075697898864746
2026-04-20;-5.75;-40.75;3.513309001922607
2026-04-20;-5.75;-40.25;23.35691452026367
2026-04-20;-5.75;-39.75;39.02082824707031
2026-04-20;-5.75;-39.25;24.24894714355469
2026-04-20;-5.75;-38.75;6.77107572555542
2026-04-20;-5.75;-38.25;0.0
2026-04-20;-5.75;-37.75;5.572433948516846
2026-04-20;-5.75;-37.25;25.4022331237793
2026-04-20;-5.25;-41.25;6.500235557556152
2026-04-20;-5.25;-40.75;7.920059204101562
2026-04-20;-5.25;-40.25;55.17426681518555
2026-04-20;-5.25;-39.75;111.328483581543
2026-04-20;-5.25;-39.25;119.1133193969727
2026-04-20;-5.25;-38.75;25.33696365356445
2026-04-20;-5.25;-38.25;0.7098573446273804
2026-04-20;-5.25;-37.75;7.063363552093506
2026-04-20;-5.25;-37.25;40.11059188842773
2026-04-20;-4.75;-41.25;17.01784324645996
2026-04-20;-4.75;-40.75;21.25384902954102
2026-04-20;-4.75;-40.25;43.21743011474609
2026-04-20;-4.75;-39.75;89.65105438232422
2026-04-20;-4.75;-39.25;128.1869659423828
2026-04-20;-4.75;-38.75;18.08677864074707
2026-04-20;-4.75;-38.25;1.122350215911865
2026-04-20;-4.75;-37.75;2.704394102096558
2026-04-20;-4.75;-37.25;32.02904891967773
2026-04-20;-4.25;-41.25;71.39300537109375
2026-04-20;-4.25;-40.75;50.23908996582031
2026-04-20;-4.25;-40.25;40.91278839111328
2026-04-20;-4.25;-39.75;19.65512275695801
2026-04-20;-4.25;-39.25;29.53688430786133
2026-04-20;-4.25;-38.75;2.793932914733887
2026-04-20;-4.25;-38.25;0.0
2026-04-20;-4.25;-37.75;1.70708954334259
2026-04-20;-4.25;-37.25;
2026-04-20;-3.75;-41.25;78.07714080810547
2026-04-20;-3.75;-40.75;55.80862426757812
2026-04-20;-3.75;-40.25;20.00197219848633
2026-04-20;-3.75;-39.75;12.61376762390137
2026-04-20;-3.75;-39.25;4.985078811645508
2026-04-20;-3.75;-38.75;0.4651721119880676
2026-04-20;-3.75;-38.25;0.0
2026-04-20;-3.75;-37.75;
2026-04-20;-3.75;-37.25;
2026-04-20;-3.25;-41.25;17.14583015441895
2026-04-20;-3.25;-40.75;34.1385612487793
2026-04-20;-3.25;-40.25;20.76039886474609
2026-04-20;-3.25;-39.75;11.89168548583984
2026-04-20;-3.25;-39.25;5.400882720947266
2026-04-20;-3.25;-38.75;0.9962628483772278
2026-04-20;-3.25;-38.25;
2026-04-20;-3.25;-37.75;
2026-04-20;-3.25;-37.25;
2026-04-20;-2.75;-41.25;8.578879356384277
2026-04-20;-2.75;-40.75;17.57655143737793
2026-04-20;-2.75;-40.25;21.14199447631836
2026-04-20;-2.75;-39.75;13.97751522064209
2026-04-20;-2.75;-39.25;
2026-04-20;-2.75;-38.75;
2026-04-20;-2.75;-38.25;
2026-04-20;-2.75;-37.75;
2026-04-20;-2.75;-37.25;
2026-04-21;-7.75;-41.25;24.07570266723633
2026-04-21;-7.75;-40.75;6.982990741729736
2026-04-21;-7.75;-40.25;2.810835123062134
2026-04-21;-7.75;-39.75;0.0
2026-04-21;-7.75;-39.25;0.0
2026-04-21;-7.75;-38.75;0.0
2026-04-21;-7.75;-38.25;0.0
2026-04-21;-7.75;-37.75;9.96392822265625
2026-04-21;-7.75;-37.25;23.98209381103516
2026-04-21;-7.25;-41.25;26.53090667724609
2026-04-21;-7.25;-40.75;11.63029384613037
2026-04-21;-7.25;-40.25;0.7201424241065979
2026-04-21;-7.25;-39.75;0.0
2026-04-21;-7.25;-39.25;0.0
2026-04-21;-7.25;-38.75;0.0
2026-04-21;-7.25;-38.25;0.0
2026-04-21;-7.25;-37.75;1.942774772644043
2026-04-21;-7.25;-37.25;13.64268493652344
2026-04-21;-6.75;-41.25;46.97113800048828
2026-04-21;-6.75;-40.75;27.58468437194824
2026-04-21;-6.75;-40.25;0.0
2026-04-21;-6.75;-39.75;0.0
2026-04-21;-6.75;-39.25;0.3241809904575348
2026-04-21;-6.75;-38.75;0.4566957950592041
2026-04-21;-6.75;-38.25;0.0
2026-04-21;-6.75;-37.75;0.5138070583343506
2026-04-21;-6.75;-37.25;25.76263809204102
2026-04-21;-6.25;-41.25;56.92501068115234
2026-04-21;-6.25;-40.75;31.42696762084961
2026-04-21;-6.25;-40.25;0.0
2026-04-21;-6.25;-39.75;0.0
2026-04-21;-6.25;-39.25;0.0
2026-04-21;-6.25;-38.75;0.0
2026-04-21;-6.25;-38.25;0.0
2026-04-21;-6.25;-37.75;1.504129648208618
2026-04-21;-6.25;-37.25;25.04682922363281
2026-04-21;-5.75;-41.25;46.67865371704102
2026-04-21;-5.75;-40.75;16.66362380981445
2026-04-21;-5.75;-40.25;0.6413224935531616
2026-04-21;-5.75;-39.75;1.323265790939331
2026-04-21;-5.75;-39.25;1.289358258247375
2026-04-21;-5.75;-38.75;0.0
2026-04-21;-5.75;-38.25;0.9797567129135132
2026-04-21;-5.75;-37.75;10.13815593719482
2026-04-21;-5.75;-37.25;28.78672409057617
2026-04-21;-5.25;-41.25;26.27429962158203
2026-04-21;-5.25;-40.75;11.80420398712158
2026-04-21;-5.25;-40.25;17.02639198303223
2026-04-21;-5.25;-39.75;5.320797443389893
2026-04-21;-5.25;-39.25;1.945770144462585
2026-04-21;-5.25;-38.75;0.44765305519104
2026-04-21;-5.25;-38.25;8.060399055480957
2026-04-21;-5.25;-37.75;46.58143615722656
2026-04-21;-5.25;-37.25;46.17980194091797
2026-04-21;-4.75;-41.25;14.79649353027344
2026-04-21;-4.75;-40.75;26.68795204162598
2026-04-21;-4.75;-40.25;78.96931457519531
2026-04-21;-4.75;-39.75;48.37357711791992
2026-04-21;-4.75;-39.25;6.906674385070801
2026-04-21;-4.75;-38.75;11.01264381408691
2026-04-21;-4.75;-38.25;65.3480453491211
2026-04-21;-4.75;-37.75;165.4314270019531
2026-04-21;-4.75;-37.25;111.3181457519531
2026-04-21;-4.25;-41.25;34.27609634399414
2026-04-21;-4.25;-40.75;46.47330856323242
2026-04-21;-4.25;-40.25;116.2837524414062
2026-04-21;-4.25;-39.75;103.6133804321289
2026-04-21;-4.25;-39.25;41.86787033081055
2026-04-21;-4.25;-38.75;74.5931167602539
2026-04-21;-4.25;-38.25;114.0894470214844
2026-04-21;-4.25;-37.75;178.3871154785156
2026-04-21;-4.25;-37.25;
2026-04-21;-3.75;-41.25;55.1466064453125
2026-04-21;-3.75;-40.75;56.59281158447266
2026-04-21;-3.75;-40.25;149.3816528320312
2026-04-21;-3.75;-39.75;107.3101654052734
2026-04-21;-3.75;-39.25;40.47283172607422
2026-04-21;-3.75;-38.75;91.0092544555664
2026-04-21;-3.75;-38.25;119.5043487548828
2026-04-21;-3.75;-37.75;
2026-04-21;-3.75;-37.25;
2026-04-21;-3.25;-41.25;95.134765625
2026-04-21;-3.25;-40.75;48.30793762207031
2026-04-21;-3.25;-40.25;101.9577331542969
2026-04-21;-3.25;-39.75;80.64358520507812
2026-04-21;-3.25;-39.25;58.81566619873047
2026-04-21;-3.25;-38.75;79.77342987060547
2026-04-21;-3.25;-38.25;
2026-04-21;-3.25;-37.75;
2026-04-21;-3.25;-37.25;
2026-04-21;-2.75;-41.25;147.5305328369141
2026-04-21;-2.75;-40.75;88.21640014648438
2026-04-21;-2.75;-40.25;57.57796859741211
2026-04-21;-2.75;-39.75;53.81935501098633
2026-04-21;-2.75;-39.25;
2026-04-21;-2.75;-38.75;
2026-04-21;-2.75;-38.25;
2026-04-21;-2.75;-37.75;
2026-04-21;-2.75;-37.25;
2026-04-22;-7.75;-41.25;9.538843154907227
2026-04-22;-7.75;-40.75;2.462878704071045
2026-04-22;-7.75;-40.25;8.544756889343262
2026-04-22;-7.75;-39.75;7.431663513183594
2026-04-22;-7.75;-39.25;0.0
2026-04-22;-7.75;-38.75;0.0
2026-04-22;-7.75;-38.25;0.0
2026-04-22;-7.75;-37.75;0.4426240026950836
2026-04-22;-7.75;-37.25;0.9442551732063293
2026-04-22;-7.25;-41.25;41.16128158569336
2026-04-22;-7.25;-40.75;13.6530590057373
2026-04-22;-7.25;-40.25;31.36209106445312
2026-04-22;-7.25;-39.75;38.44356155395508
2026-04-22;-7.25;-39.25;11.65219402313232
2026-04-22;-7.25;-38.75;2.084182024002075
2026-04-22;-7.25;-38.25;1.361915588378906
2026-04-22;-7.25;-37.75;0.0
2026-04-22;-7.25;-37.25;0.4150496125221252
2026-04-22;-6.75;-41.25;35.48868942260742
2026-04-22;-6.75;-40.75;38.5419921875
2026-04-22;-6.75;-40.25;77.59434509277344
2026-04-22;-6.75;-39.75;77.53009796142578
2026-04-22;-6.75;-39.25;87.51641845703125
2026-04-22;-6.75;-38.75;33.25481796264648
2026-04-22;-6.75;-38.25;9.46655559539795
2026-04-22;-6.75;-37.75;2.360282421112061
2026-04-22;-6.75;-37.25;18.35413360595703
2026-04-22;-6.25;-41.25;8.381278038024902
2026-04-22;-6.25;-40.75;32.14469146728516
2026-04-22;-6.25;-40.25;88.75555419921875
2026-04-22;-6.25;-39.75;99.79696655273438
2026-04-22;-6.25;-39.25;145.2440185546875
2026-04-22;-6.25;-38.75;37.63104629516602
2026-04-22;-6.25;-38.25;14.43695068359375
2026-04-22;-6.25;-37.75;21.10466194152832
2026-04-22;-6.25;-37.25;21.77592277526855
2026-04-22;-5.75;-41.25;0.0
2026-04-22;-5.75;-40.75;5.924125671386719
2026-04-22;-5.75;-40.25;50.71367645263672
2026-04-22;-5.75;-39.75;66.61920166015625
2026-04-22;-5.75;-39.25;50.85894393920898
2026-04-22;-5.75;-38.75;7.093091487884521
2026-04-22;-5.75;-38.25;50.84588623046875
2026-04-22;-5.75;-37.75;76.7249526977539
2026-04-22;-5.75;-37.25;20.64325904846191
2026-04-22;-5.25;-41.25;0.0
2026-04-22;-5.25;-40.75;0.0
2026-04-22;-5.25;-40.25;4.697304725646973
2026-04-22;-5.25;-39.75;12.6126012802124
2026-04-22;-5.25;-39.25;10.35849571228027
2026-04-22;-5.25;-38.75;59.68086624145508
2026-04-22;-5.25;-38.25;159.0483703613281
2026-04-22;-5.25;-37.75;114.1215362548828
2026-04-22;-5.25;-37.25;35.10929107666016
2026-04-22;-4.75;-41.25;0.0
2026-04-22;-4.75;-40.75;0.0
2026-04-22;-4.75;-40.25;3.0029456615448
2026-04-22;-4.75;-39.75;7.171641826629639
2026-04-22;-4.75;-39.25;17.64668083190918
2026-04-22;-4.75;-38.75;110.5298919677734
2026-04-22;-4.75;-38.25;174.5018920898438
2026-04-22;-4.75;-37.75;206.56103515625
2026-04-22;-4.75;-37.25;137.4935150146484
2026-04-22;-4.25;-41.25;0.0
2026-04-22;-4.25;-40.75;0.9349876642227173
2026-04-22;-4.25;-40.25;2.554580450057983
2026-04-22;-4.25;-39.75;2.256485462188721
2026-04-22;-4.25;-39.25;5.482640266418457
2026-04-22;-4.25;-38.75;50.09533309936523
2026-04-22;-4.25;-38.25;117.6863250732422
2026-04-22;-4.25;-37.75;195.5564117431641
2026-04-22;-4.25;-37.25;
2026-04-22;-3.75;-41.25;0.0
2026-04-22;-3.75;-40.75;1.43093204498291
2026-04-22;-3.75;-40.25;0.7277282476425171
2026-04-22;-3.75;-39.75;0.2471496909856796
2026-04-22;-3.75;-39.25;0.0
2026-04-22;-3.75;-38.75;18.68233299255371
2026-04-22;-3.75;-38.25;49.15192031860352
2026-04-22;-3.75;-37.75;
2026-04-22;-3.75;-37.25;
2026-04-22;-3.25;-41.25;0.641693115234375
2026-04-22;-3.25;-40.75;1.028269171714783
2026-04-22;-3.25;-40.25;0.0
2026-04-22;-3.25;-39.75;0.0
2026-04-22;-3.25;-39.25;0.0
2026-04-22;-3.25;-38.75;12.31182956695557
2026-04-22;-3.25;-38.25;
2026-04-22;-3.25;-37.75;
2026-04-22;-3.25;-37.25;
2026-04-22;-2.75;-41.25;1.631184339523315
2026-04-22;-2.75;-40.75;0.3224519491195679
2026-04-22;-2.75;-40.25;0.0
2026-04-22;-2.75;-39.75;0.0
2026-04-22;-2.75;-39.25;
2026-04-22;-2.75;-38.75;
2026-04-22;-2.75;-38.25;
2026-04-22;-2.75;-37.75;
2026-04-22;-2.75;-37.25;
2026-04-23;-7.75;-41.25;1.383812427520752
2026-04-23;-7.75;-40.75;1.430133700370789
2026-04-23;-7.75;-40.25;3.8130784034729
2026-04-23;-7.75;-39.75;3.302256345748901
2026-04-23;-7.75;-39.25;0.0
2026-04-23;-7.75;-38.75;0.0
2026-04-23;-7.75;-38.25;0.0
2026-04-23;-7.75;-37.75;0.0
2026-04-23;-7.75;-37.25;0.0
2026-04-23;-7.25;-41.25;16.00669288635254
2026-04-23;-7.25;-40.75;8.773488998413086
2026-04-23;-7.25;-40.25;4.173171043395996
2026-04-23;-7.25;-39.75;2.911969661712646
2026-04-23;-7.25;-39.25;0.7124301195144653
2026-04-23;-7.25;-38.75;0.0
2026-04-23;-7.25;-38.25;0.0
2026-04-23;-7.25;-37.75;0.0
2026-04-23;-7.25;-37.25;0.0
2026-04-23;-6.75;-41.25;36.45674896240234
2026-04-23;-6.75;-40.75;23.8151683807373
2026-04-23;-6.75;-40.25;7.713385581970215
2026-04-23;-6.75;-39.75;2.385642290115356
2026-04-23;-6.75;-39.25;1.639128684997559
2026-04-23;-6.75;-38.75;0.3391745984554291
2026-04-23;-6.75;-38.25;0.0
2026-04-23;-6.75;-37.75;0.0
2026-04-23;-6.75;-37.25;0.0
2026-04-23;-6.25;-41.25;44.6638298034668
2026-04-23;-6.25;-40.75;32.54766845703125
2026-04-23;-6.25;-40.25;9.349475860595703
2026-04-23;-6.25;-39.75;1.826448440551758
2026-04-23;-6.25;-39.25;1.70266592502594
2026-04-23;-6.25;-38.75;0.7122228741645813
2026-04-23;-6.25;-38.25;0.0
2026-04-23;-6.25;-37.75;0.0
2026-04-23;-6.25;-37.25;0.0
2026-04-23;-5.75;-41.25;40.87308502197266
2026-04-23;-5.75;-40.75;29.22508430480957
2026-04-23;-5.75;-40.25;7.310544967651367
2026-04-23;-5.75;-39.75;0.5288504362106323
2026-04-23;-5.75;-39.25;0.4027917087078094
2026-04-23;-5.75;-38.75;0.0
2026-04-23;-5.75;-38.25;0.0
2026-04-23;-5.75;-37.75;0.0
2026-04-23;-5.75;-37.25;0.0
2026-04-23;-5.25;-41.25;30.96220588684082
2026-04-23;-5.25;-40.75;18.3764533996582
2026-04-23;-5.25;-40.25;2.556206464767456
2026-04-23;-5.25;-39.75;0.0
2026-04-23;-5.25;-39.25;0.0
2026-04-23;-5.25;-38.75;0.0
2026-04-23;-5.25;-38.25;0.0
2026-04-23;-5.25;-37.75;0.0
2026-04-23;-5.25;-37.25;0.0
2026-04-23;-4.75;-41.25;20.35467147827148
2026-04-23;-4.75;-40.75;7.775570392608643
2026-04-23;-4.75;-40.25;1.704727530479431
2026-04-23;-4.75;-39.75;4.188835144042969
2026-04-23;-4.75;-39.25;6.652389526367188
2026-04-23;-4.75;-38.75;8.108734130859375
2026-04-23;-4.75;-38.25;6.741693496704102
2026-04-23;-4.75;-37.75;7.017838478088379
2026-04-23;-4.75;-37.25;3.85906982421875
2026-04-23;-4.25;-41.25;19.63102149963379
2026-04-23;-4.25;-40.75;5.017740726470947
2026-04-23;-4.25;-40.25;10.14486789703369
2026-04-23;-4.25;-39.75;18.48715209960938
2026-04-23;-4.25;-39.25;25.87716102600098
2026-04-23;-4.25;-38.75;34.33419418334961
2026-04-23;-4.25;-38.25;33.07278060913086
2026-04-23;-4.25;-37.75;25.47228622436523
2026-04-23;-4.25;-37.25;
2026-04-23;-3.75;-41.25;43.47577667236328
2026-04-23;-3.75;-40.75;16.29470062255859
2026-04-23;-3.75;-40.25;30.62914276123047
2026-04-23;-3.75;-39.75;39.69542694091797
2026-04-23;-3.75;-39.25;46.11403274536133
2026-04-23;-3.75;-38.75;55.35703277587891
2026-04-23;-3.75;-38.25;54.12446594238281
2026-04-23;-3.75;-37.75;
2026-04-23;-3.75;-37.25;
2026-04-23;-3.25;-41.25;110.8890914916992
2026-04-23;-3.25;-40.75;58.47746276855469
2026-04-23;-3.25;-40.25;52.28215026855469
2026-04-23;-3.25;-39.75;55.87336349487305
2026-04-23;-3.25;-39.25;57.00048446655273
2026-04-23;-3.25;-38.75;58.2276611328125
2026-04-23;-3.25;-38.25;
2026-04-23;-3.25;-37.75;
2026-04-23;-3.25;-37.25;
2026-04-23;-2.75;-41.25;129.3553619384766
2026-04-23;-2.75;-40.75;73.95555877685547
2026-04-23;-2.75;-40.25;58.40888977050781
2026-04-23;-2.75;-39.75;59.77366256713867
2026-04-23;-2.75;-39.25;
2026-04-23;-2.75;-38.75;
2026-04-23;-2.75;-38.25;
2026-04-23;-2.75;-37.75;
2026-04-23;-2.75;-37.25;
2026-04-24;-7.75;-41.25;12.8994665145874
2026-04-24;-7.75;-40.75;61.49583053588867
2026-04-24;-7.75;-40.25;165.5547180175781
2026-04-24;-7.75;-39.75;184.432373046875
2026-04-24;-7.75;-39.25;179.6936798095703
2026-04-24;-7.75;-38.75;166.4061431884766
2026-04-24;-7.75;-38.25;100.8478622436523
2026-04-24;-7.75;-37.75;51.15486907958984
2026-04-24;-7.75;-37.25;39.13215255737305
2026-04-24;-7.25;-41.25;16.7049503326416
2026-04-24;-7.25;-40.75;64.82456970214844
2026-04-24;-7.25;-40.25;127.9064559936523
2026-04-24;-7.25;-39.75;134.8464965820312
2026-04-24;-7.25;-39.25;117.9527969360352
2026-04-24;-7.25;-38.75;111.5956344604492
2026-04-24;-7.25;-38.25;103.5948638916016
2026-04-24;-7.25;-37.75;101.7893142700195
2026-04-24;-7.25;-37.25;107.4821243286133
2026-04-24;-6.75;-41.25;6.969222545623779
2026-04-24;-6.75;-40.75;37.0698127746582
2026-04-24;-6.75;-40.25;63.16645050048828
2026-04-24;-6.75;-39.75;47.54969024658203
2026-04-24;-6.75;-39.25;34.64369964599609
2026-04-24;-6.75;-38.75;69.46885681152344
2026-04-24;-6.75;-38.25;97.4992904663086
2026-04-24;-6.75;-37.75;87.6711196899414
2026-04-24;-6.75;-37.25;70.65194702148438
2026-04-24;-6.25;-41.25;0.2949519753456116
2026-04-24;-6.25;-40.75;8.416069984436035
2026-04-24;-6.25;-40.25;11.00995445251465
2026-04-24;-6.25;-39.75;7.13518238067627
2026-04-24;-6.25;-39.25;6.304270267486572
2026-04-24;-6.25;-38.75;42.7124137878418
2026-04-24;-6.25;-38.25;76.2974853515625
2026-04-24;-6.25;-37.75;54.57356262207031
2026-04-24;-6.25;-37.25;14.93875694274902
2026-04-24;-5.75;-41.25;0.0
2026-04-24;-5.75;-40.75;0.4220105111598969
2026-04-24;-5.75;-40.25;0.4248138964176178
2026-04-24;-5.75;-39.75;0.0
2026-04-24;-5.75;-39.25;0.9831157922744751
2026-04-24;-5.75;-38.75;10.03033638000488
2026-04-24;-5.75;-38.25;34.96403503417969
2026-04-24;-5.75;-37.75;43.3668212890625
2026-04-24;-5.75;-37.25;16.28374290466309
2026-04-24;-5.25;-41.25;1.360788822174072
2026-04-24;-5.25;-40.75;0.0
2026-04-24;-5.25;-40.25;0.0
2026-04-24;-5.25;-39.75;0.0
2026-04-24;-5.25;-39.25;0.0
2026-04-24;-5.25;-38.75;2.130809783935547
2026-04-24;-5.25;-38.25;8.780034065246582
2026-04-24;-5.25;-37.75;24.14140892028809
2026-04-24;-5.25;-37.25;13.16969776153564
2026-04-24;-4.75;-41.25;4.924398899078369
2026-04-24;-4.75;-40.75;0.0
2026-04-24;-4.75;-40.25;0.0
2026-04-24;-4.75;-39.75;0.0
2026-04-24;-4.75;-39.25;0.0
2026-04-24;-4.75;-38.75;0.0
2026-04-24;-4.75;-38.25;2.440734624862671
2026-04-24;-4.75;-37.75;9.519964218139648
2026-04-24;-4.75;-37.25;10.73295497894287
2026-04-24;-4.25;-41.25;11.81053829193115
2026-04-24;-4.25;-40.75;0.0
2026-04-24;-4.25;-40.25;0.0
2026-04-24;-4.25;-39.75;0.0
2026-04-24;-4.25;-39.25;0.0
2026-04-24;-4.25;-38.75;0.0
2026-04-24;-4.25;-38.25;0.9439694881439209
2026-04-24;-4.25;-37.75;3.907314300537109
2026-04-24;-4.25;-37.25;
2026-04-24;-3.75;-41.25;40.96599578857422
2026-04-24;-3.75;-40.75;2.00792932510376
2026-04-24;-3.75;-40.25;0.0
2026-04-24;-3.75;-39.75;0.0
2026-04-24;-3.75;-39.25;0.0
2026-04-24;-3.75;-38.75;0.0
2026-04-24;-3.75;-38.25;0.0
2026-04-24;-3.75;-37.75;
2026-04-24;-3.75;-37.25;
2026-04-24;-3.25;-41.25;126.9494094848633
2026-04-24;-3.25;-40.75;19.52128601074219
2026-04-24;-3.25;-40.25;0.0
2026-04-24;-3.25;-39.75;0.0
2026-04-24;-3.25;-39.25;0.0
2026-04-24;-3.25;-38.75;0.0
2026-04-24;-3.25;-38.25;
2026-04-24;-3.25;-37.75;
2026-04-24;-3.25;-37.25;
2026-04-24;-2.75;-41.25;148.5044250488281
2026-04-24;-2.75;-40.75;29.71408271789551
2026-04-24;-2.75;-40.25;0.0
2026-04-24;-2.75;-39.75;0.0
2026-04-24;-2.75;-39.25;
2026-04-24;-2.75;-38.75;
2026-04-24;-2.75;-38.25;
2026-04-24;-2.75;-37.75;
2026-04-24;-2.75;-37.25;
2026-04-25;-7.75;-41.25;38.53385543823242
2026-04-25;-7.75;-40.75;20.9713134765625
2026-04-25;-7.75;-40.25;16.86823463439941
2026-04-25;-7.75;-39.75;25.74418640136719
2026-04-25;-7.75;-39.25;17.61349296569824
2026-04-25;-7.75;-38.75;8.945372581481934
2026-04-25;-7.75;-38.25;0.2544575333595276
2026-04-25;-7.75;-37.75;0.0
2026-04-25;-7.75;-37.25;0.0
2026-04-25;-7.25;-41.25;201.2127075195312
2026-04-25;-7.25;-40.75;151.3288421630859
2026-04-25;-7.25;-40.25;112.9795074462891
2026-04-25;-7.25;-39.75;105.1731796264648
2026-04-25;-7.25;-39.25;86.30216979980469
2026-04-25;-7.25;-38.75;43.49050140380859
2026-04-25;-7.25;-38.25;7.043642044067383
2026-04-25;-7.25;-37.75;0.3697048425674438
2026-04-25;-7.25;-37.25;0.0
2026-04-25;-6.75;-41.25;382.4289245605469
2026-04-25;-6.75;-40.75;309.1296997070312
2026-04-25;-6.75;-40.25;226.4251556396484
2026-04-25;-6.75;-39.75;190.9172058105469
2026-04-25;-6.75;-39.25;178.8887481689453
2026-04-25;-6.75;-38.75;88.23944091796875
2026-04-25;-6.75;-38.25;14.21980381011963
2026-04-25;-6.75;-37.75;9.99921703338623
2026-04-25;-6.75;-37.25;1.766807198524475
2026-04-25;-6.25;-41.25;445.550048828125
2026-04-25;-6.25;-40.75;380.5534973144531
2026-04-25;-6.25;-40.25;276.1278991699219
2026-04-25;-6.25;-39.75;224.6211395263672
2026-04-25;-6.25;-39.25;219.0877990722656
2026-04-25;-6.25;-38.75;151.3833618164062
2026-04-25;-6.25;-38.25;81.30402374267578
2026-04-25;-6.25;-37.75;45.71817779541016
2026-04-25;-6.25;-37.25;18.87733459472656
2026-04-25;-5.75;-41.25;414.3582458496094
2026-04-25;-5.75;-40.75;373.8042907714844
2026-04-25;-5.75;-40.25;279.2892761230469
2026-04-25;-5.75;-39.75;225.7183532714844
2026-04-25;-5.75;-39.25;209.2272491455078
2026-04-25;-5.75;-38.75;184.1806030273438
2026-04-25;-5.75;-38.25;149.8853912353516
2026-04-25;-5.75;-37.75;92.98062133789062
2026-04-25;-5.75;-37.25;36.00621032714844
2026-04-25;-5.25;-41.25;327.7981872558594
2026-04-25;-5.25;-40.75;330.6210327148438
2026-04-25;-5.25;-40.25;259.2488403320312
2026-04-25;-5.25;-39.75;210.4070281982422
2026-04-25;-5.25;-39.25;196.7769317626953
2026-04-25;-5.25;-38.75;197.6698760986328
2026-04-25;-5.25;-38.25;195.8833160400391
2026-04-25;-5.25;-37.75;129.4605712890625
2026-04-25;-5.25;-37.25;53.38232421875
2026-04-25;-4.75;-41.25;232.8365020751953
2026-04-25;-4.75;-40.75;265.6785888671875
2026-04-25;-4.75;-40.25;176.6554870605469
2026-04-25;-4.75;-39.75;143.5211334228516
2026-04-25;-4.75;-39.25;140.1601257324219
2026-04-25;-4.75;-38.75;154.4066772460938
2026-04-25;-4.75;-38.25;166.2637634277344
2026-04-25;-4.75;-37.75;124.9530487060547
2026-04-25;-4.75;-37.25;73.49475860595703
2026-04-25;-4.25;-41.25;173.8040924072266
2026-04-25;-4.25;-40.75;113.6940536499023
2026-04-25;-4.25;-40.25;46.67890548706055
2026-04-25;-4.25;-39.75;69.88524627685547
2026-04-25;-4.25;-39.25;68.99874877929688
2026-04-25;-4.25;-38.75;63.33701324462891
2026-04-25;-4.25;-38.25;71.08168029785156
2026-04-25;-4.25;-37.75;77.56720733642578
2026-04-25;-4.25;-37.25;
2026-04-25;-3.75;-41.25;201.8017120361328
2026-04-25;-3.75;-40.75;52.89040756225586
2026-04-25;-3.75;-40.25;13.07675647735596
2026-04-25;-3.75;-39.75;35.20380020141602
2026-04-25;-3.75;-39.25;28.52924537658691
2026-04-25;-3.75;-38.75;10.58342361450195
2026-04-25;-3.75;-38.25;15.77291011810303
2026-04-25;-3.75;-37.75;
2026-04-25;-3.75;-37.25;
2026-04-25;-3.25;-41.25;314.6880187988281
2026-04-25;-3.25;-40.75;53.03152465820312
2026-04-25;-3.25;-40.25;5.1542067527771
2026-04-25;-3.25;-39.75;18.87532806396484
2026-04-25;-3.25;-39.25;16.76732635498047
2026-04-25;-3.25;-38.75;10.76432037353516
2026-04-25;-3.25;-38.25;
2026-04-25;-3.25;-37.75;
2026-04-25;-3.25;-37.25;
2026-04-25;-2.75;-41.25;344.2200317382812
2026-04-25;-2.75;-40.75;73.37714385986328
2026-04-25;-2.75;-40.25;1.59987473487854
2026-04-25;-2.75;-39.75;12.23442935943604
2026-04-25;-2.75;-39.25;
2026-04-25;-2.75;-38.75;
2026-04-25;-2.75;-38.25;
2026-04-25;-2.75;-37.75;
2026-04-25;-2.75;-37.25;
2026-04-26;-7.75;-41.25;19.11915969848633
2026-04-26;-7.75;-40.75;19.26163864135742
2026-04-26;-7.75;-40.25;13.50135231018066
2026-04-26;-7.75;-39.75;4.879630565643311
2026-04-26;-7.75;-39.25;0.0
2026-04-26;-7.75;-38.75;0.0
2026-04-26;-7.75;-38.25;0.659446656703949
2026-04-26;-7.75;-37.75;0.0
2026-04-26;-7.75;-37.25;0.0
2026-04-26;-7.25;-41.25;13.45634746551514
2026-04-26;-7.25;-40.75;16.12262725830078
2026-04-26;-7.25;-40.25;13.35258483886719
2026-04-26;-7.25;-39.75;5.050490379333496
2026-04-26;-7.25;-39.25;0.6827310919761658
2026-04-26;-7.25;-38.75;2.210470676422119
2026-04-26;-7.25;-38.25;2.916911602020264
2026-04-26;-7.25;-37.75;1.715901017189026
2026-04-26;-7.25;-37.25;0.0
2026-04-26;-6.75;-41.25;6.31619119644165
2026-04-26;-6.75;-40.75;9.341650009155273
2026-04-26;-6.75;-40.25;9.046220779418945
2026-04-26;-6.75;-39.75;4.459173679351807
2026-04-26;-6.75;-39.25;3.300106048583984
2026-04-26;-6.75;-38.75;3.694179058074951
2026-04-26;-6.75;-38.25;3.563022375106812
2026-04-26;-6.75;-37.75;3.062817573547363
2026-04-26;-6.75;-37.25;0.7714377045631409
2026-04-26;-6.25;-41.25;3.269620895385742
2026-04-26;-6.25;-40.75;3.776269912719727
2026-04-26;-6.25;-40.25;4.392854690551758
2026-04-26;-6.25;-39.75;6.064905166625977
2026-04-26;-6.25;-39.25;6.739665508270264
2026-04-26;-6.25;-38.75;6.888526916503906
2026-04-26;-6.25;-38.25;7.766627311706543
2026-04-26;-6.25;-37.75;12.41425800323486
2026-04-26;-6.25;-37.25;15.52349185943604
2026-04-26;-5.75;-41.25;7.139950275421143
2026-04-26;-5.75;-40.75;3.066657781600952
2026-04-26;-5.75;-40.25;5.676977157592773
2026-04-26;-5.75;-39.75;12.82906723022461
2026-04-26;-5.75;-39.25;13.16975879669189
2026-04-26;-5.75;-38.75;13.76339149475098
2026-04-26;-5.75;-38.25;17.31579399108887
2026-04-26;-5.75;-37.75;31.0206184387207
2026-04-26;-5.75;-37.25;59.51272201538086
2026-04-26;-5.25;-41.25;19.84198570251465
2026-04-26;-5.25;-40.75;7.562596321105957
2026-04-26;-5.25;-40.25;11.057692527771
2026-04-26;-5.25;-39.75;18.64409637451172
2026-04-26;-5.25;-39.25;18.39690399169922
2026-04-26;-5.25;-38.75;19.03024673461914
2026-04-26;-5.25;-38.25;21.45344543457031
2026-04-26;-5.25;-37.75;38.43051147460938
2026-04-26;-5.25;-37.25;70.59420776367188
2026-04-26;-4.75;-41.25;42.35185623168945
2026-04-26;-4.75;-40.75;21.93455696105957
2026-04-26;-4.75;-40.25;17.32919311523438
2026-04-26;-4.75;-39.75;19.95786285400391
2026-04-26;-4.75;-39.25;19.91606903076172
2026-04-26;-4.75;-38.75;20.10566902160645
2026-04-26;-4.75;-38.25;21.86108207702637
2026-04-26;-4.75;-37.75;35.92796325683594
2026-04-26;-4.75;-37.25;62.30379486083984
2026-04-26;-4.25;-41.25;75.51909637451172
2026-04-26;-4.25;-40.75;40.03461456298828
2026-04-26;-4.25;-40.25;19.98412704467773
2026-04-26;-4.25;-39.75;19.9879035949707
2026-04-26;-4.25;-39.25;19.99779891967773
2026-04-26;-4.25;-38.75;20.05803108215332
2026-04-26;-4.25;-38.25;21.00074768066406
2026-04-26;-4.25;-37.75;27.8518180847168
2026-04-26;-4.25;-37.25;
2026-04-26;-3.75;-41.25;142.7024230957031
2026-04-26;-3.75;-40.75;43.85610580444336
2026-04-26;-3.75;-40.25;20.00814437866211
2026-04-26;-3.75;-39.75;19.976318359375
2026-04-26;-3.75;-39.25;19.99987602233887
2026-04-26;-3.75;-38.75;20.01198196411133
2026-04-26;-3.75;-38.25;20.28697776794434
2026-04-26;-3.75;-37.75;
2026-04-26;-3.75;-37.25;
2026-04-26;-3.25;-41.25;246.0834655761719
2026-04-26;-3.25;-40.75;68.71163940429688
2026-04-26;-3.25;-40.25;19.92987060546875
2026-04-26;-3.25;-39.75;19.9654426574707
2026-04-26;-3.25;-39.25;20.01334953308105
2026-04-26;-3.25;-38.75;20.06776809692383
2026-04-26;-3.25;-38.25;
2026-04-26;-3.25;-37.75;
2026-04-26;-3.25;-37.25;
2026-04-26;-2.75;-41.25;284.9955444335938
2026-04-26;-2.75;-40.75;84.48181915283203
2026-04-26;-2.75;-40.25;20.38695526123047
2026-04-26;-2.75;-39.75;19.97530364990234
2026-04-26;-2.75;-39.25;
2026-04-26;-2.75;-38.75;
2026-04-26;-2.75;-38.25;
2026-04-26;-2.75;-37.75;
2026-04-26;-2.75;-37.25;
2026-04-27;-7.75;-41.25;0.0
2026-04-27;-7.75;-40.75;0.0
2026-04-27;-7.75;-40.25;0.0
2026-04-27;-7.75;-39.75;0.0
2026-04-27;-7.75;-39.25;0.0
2026-04-27;-7.75;-38.75;0.0
2026-04-27;-7.75;-38.25;0.0
2026-04-27;-7.75;-37.75;1.966088652610779
2026-04-27;-7.75;-37.25;1.609689950942993
2026-04-27;-7.25;-41.25;0.0
2026-04-27;-7.25;-40.75;0.0
2026-04-27;-7.25;-40.25;0.0
2026-04-27;-7.25;-39.75;0.0
2026-04-27;-7.25;-39.25;0.0
2026-04-27;-7.25;-38.75;0.0
2026-04-27;-7.25;-38.25;1.006898999214172
2026-04-27;-7.25;-37.75;7.596909523010254
2026-04-27;-7.25;-37.25;13.08606624603271
2026-04-27;-6.75;-41.25;0.0
2026-04-27;-6.75;-40.75;0.0
2026-04-27;-6.75;-40.25;1.412732839584351
2026-04-27;-6.75;-39.75;2.927021741867065
2026-04-27;-6.75;-39.25;1.585988879203796
2026-04-27;-6.75;-38.75;0.3748819828033447
2026-04-27;-6.75;-38.25;0.4114580452442169
2026-04-27;-6.75;-37.75;4.434071063995361
2026-04-27;-6.75;-37.25;8.649789810180664
2026-04-27;-6.25;-41.25;0.0
2026-04-27;-6.25;-40.75;2.833115577697754
2026-04-27;-6.25;-40.25;13.74376583099365
2026-04-27;-6.25;-39.75;20.44865226745605
2026-04-27;-6.25;-39.25;15.87771511077881
2026-04-27;-6.25;-38.75;9.655787467956543
2026-04-27;-6.25;-38.25;4.971395015716553
2026-04-27;-6.25;-37.75;0.546200692653656
2026-04-27;-6.25;-37.25;0.6183858513832092
2026-04-27;-5.75;-41.25;1.847118258476257
2026-04-27;-5.75;-40.75;9.44135570526123
2026-04-27;-5.75;-40.25;23.6570987701416
2026-04-27;-5.75;-39.75;30.00276756286621
2026-04-27;-5.75;-39.25;29.99958610534668
2026-04-27;-5.75;-38.75;30.86039733886719
2026-04-27;-5.75;-38.25;23.4981689453125
2026-04-27;-5.75;-37.75;3.378310203552246
2026-04-27;-5.75;-37.25;0.0
2026-04-27;-5.25;-41.25;9.203020095825195
2026-04-27;-5.25;-40.75;17.50659370422363
2026-04-27;-5.25;-40.25;28.70757484436035
2026-04-27;-5.25;-39.75;32.04025650024414
2026-04-27;-5.25;-39.25;30.97992324829102
2026-04-27;-5.25;-38.75;38.56220245361328
2026-04-27;-5.25;-38.25;48.97574615478516
2026-04-27;-5.25;-37.75;25.81218147277832
2026-04-27;-5.25;-37.25;7.000578880310059
2026-04-27;-4.75;-41.25;16.4372730255127
2026-04-27;-4.75;-40.75;24.41854667663574
2026-04-27;-4.75;-40.25;32.63619613647461
2026-04-27;-4.75;-39.75;37.5918083190918
2026-04-27;-4.75;-39.25;40.37732315063477
2026-04-27;-4.75;-38.75;46.02910995483398
2026-04-27;-4.75;-38.25;52.62116622924805
2026-04-27;-4.75;-37.75;44.57175064086914
2026-04-27;-4.75;-37.25;22.2265567779541
2026-04-27;-4.25;-41.25;19.18365287780762
2026-04-27;-4.25;-40.75;28.95992088317871
2026-04-27;-4.25;-40.25;41.68984222412109
2026-04-27;-4.25;-39.75;53.14398956298828
2026-04-27;-4.25;-39.25;63.07209396362305
2026-04-27;-4.25;-38.75;73.66422271728516
2026-04-27;-4.25;-38.25;74.9532241821289
2026-04-27;-4.25;-37.75;65.55291748046875
2026-04-27;-4.25;-37.25;
2026-04-27;-3.75;-41.25;16.35594749450684
2026-04-27;-3.75;-40.75;41.90303802490234
2026-04-27;-3.75;-40.25;64.40139770507812
2026-04-27;-3.75;-39.75;76.18822479248047
2026-04-27;-3.75;-39.25;84.7013931274414
2026-04-27;-3.75;-38.75;94.96331024169922
2026-04-27;-3.75;-38.25;95.00164794921875
2026-04-27;-3.75;-37.75;
2026-04-27;-3.75;-37.25;
2026-04-27;-3.25;-41.25;11.48811626434326
2026-04-27;-3.25;-40.75;73.9365005493164
2026-04-27;-3.25;-40.25;89.48235321044922
2026-04-27;-3.25;-39.75;94.05473327636719
2026-04-27;-3.25;-39.25;96.09880065917969
2026-04-27;-3.25;-38.75;98.1797103881836
2026-04-27;-3.25;-38.25;
2026-04-27;-3.25;-37.75;
2026-04-27;-3.25;-37.25;
2026-04-27;-2.75;-41.25;12.341139793396
2026-04-27;-2.75;-40.75;80.24578094482422
2026-04-27;-2.75;-40.25;96.86580657958984
2026-04-27;-2.75;-39.75;98.71755981445312
2026-04-27;-2.75;-39.25;
2026-04-27;-2.75;-38.75;
2026-04-27;-2.75;-38.25;
2026-04-27;-2.75;-37.75;
2026-04-27;-2.75;-37.25;
2026-04-28;-7.75;-41.25;0.0
2026-04-28;-7.75;-40.75;0.0
2026-04-28;-7.75;-40.25;0.0
2026-04-28;-7.75;-39.75;0.4007423520088196
2026-04-28;-7.75;-39.25;2.700511693954468
2026-04-28;-7.75;-38.75;8.121903419494629
2026-04-28;-7.75;-38.25;17.64221954345703
2026-04-28;-7.75;-37.75;17.37100982666016
2026-04-28;-7.75;-37.25;14.55443000793457
2026-04-28;-7.25;-41.25;0.0
2026-04-28;-7.25;-40.75;0.0
2026-04-28;-7.25;-40.25;0.0
2026-04-28;-7.25;-39.75;4.048746585845947
2026-04-28;-7.25;-39.25;14.80240249633789
2026-04-28;-7.25;-38.75;27.53134536743164
2026-04-28;-7.25;-38.25;34.43050003051758
2026-04-28;-7.25;-37.75;21.99808120727539
2026-04-28;-7.25;-37.25;10.40517520904541
2026-04-28;-6.75;-41.25;0.0
2026-04-28;-6.75;-40.75;0.0
2026-04-28;-6.75;-40.25;0.561047375202179
2026-04-28;-6.75;-39.75;10.50369739532471
2026-04-28;-6.75;-39.25;27.1926097869873
2026-04-28;-6.75;-38.75;37.37404632568359
2026-04-28;-6.75;-38.25;38.12051773071289
2026-04-28;-6.75;-37.75;24.30965614318848
2026-04-28;-6.75;-37.25;6.963621616363525
2026-04-28;-6.25;-41.25;0.0
2026-04-28;-6.25;-40.75;0.0
2026-04-28;-6.25;-40.25;0.7997714281082153
2026-04-28;-6.25;-39.75;8.205638885498047
2026-04-28;-6.25;-39.25;20.6164665222168
2026-04-28;-6.25;-38.75;31.8065128326416
2026-04-28;-6.25;-38.25;36.5173454284668
2026-04-28;-6.25;-37.75;29.12350273132324
2026-04-28;-6.25;-37.25;7.53133487701416
2026-04-28;-5.75;-41.25;2.134510040283203
2026-04-28;-5.75;-40.75;0.2238370776176453
2026-04-28;-5.75;-40.25;0.0
2026-04-28;-5.75;-39.75;2.648046493530273
2026-04-28;-5.75;-39.25;6.285720348358154
2026-04-28;-5.75;-38.75;14.29249286651611
2026-04-28;-5.75;-38.25;30.09848976135254
2026-04-28;-5.75;-37.75;46.78628921508789
2026-04-28;-5.75;-37.25;17.78620147705078
2026-04-28;-5.25;-41.25;6.635721683502197
2026-04-28;-5.25;-40.75;1.117568969726562
2026-04-28;-5.25;-40.25;0.0
2026-04-28;-5.25;-39.75;0.2065698206424713
2026-04-28;-5.25;-39.25;0.7654253840446472
2026-04-28;-5.25;-38.75;3.5755455493927
2026-04-28;-5.25;-38.25;10.21366310119629
2026-04-28;-5.25;-37.75;29.12332725524902
2026-04-28;-5.25;-37.25;16.84836769104004
2026-04-28;-4.75;-41.25;12.57711029052734
2026-04-28;-4.75;-40.75;2.438271284103394
2026-04-28;-4.75;-40.25;0.0
2026-04-28;-4.75;-39.75;0.0
2026-04-28;-4.75;-39.25;0.0
2026-04-28;-4.75;-38.75;0.270518034696579
2026-04-28;-4.75;-38.25;3.925993680953979
2026-04-28;-4.75;-37.75;12.70817089080811
2026-04-28;-4.75;-37.25;13.33543491363525
2026-04-28;-4.25;-41.25;21.2039794921875
2026-04-28;-4.25;-40.75;3.27260947227478
2026-04-28;-4.25;-40.25;0.0
2026-04-28;-4.25;-39.75;0.5302510857582092
2026-04-28;-4.25;-39.25;3.255605459213257
2026-04-28;-4.25;-38.75;5.897785663604736
2026-04-28;-4.25;-38.25;7.44720983505249
2026-04-28;-4.25;-37.75;9.496161460876465
2026-04-28;-4.25;-37.25;
2026-04-28;-3.75;-41.25;51.52356338500977
2026-04-28;-3.75;-40.75;6.176360607147217
2026-04-28;-3.75;-40.25;3.494075536727905
2026-04-28;-3.75;-39.75;6.362201690673828
2026-04-28;-3.75;-39.25;7.669013500213623
2026-04-28;-3.75;-38.75;9.257364273071289
2026-04-28;-3.75;-38.25;9.331880569458008
2026-04-28;-3.75;-37.75;
2026-04-28;-3.75;-37.25;
2026-04-28;-3.25;-41.25;133.9473876953125
2026-04-28;-3.25;-40.75;28.00117874145508
2026-04-28;-3.25;-40.25;8.644634246826172
2026-04-28;-3.25;-39.75;9.265953063964844
2026-04-28;-3.25;-39.25;9.476908683776855
2026-04-28;-3.25;-38.75;9.70301342010498
2026-04-28;-3.25;-38.25;
2026-04-28;-3.25;-37.75;
2026-04-28;-3.25;-37.25;
2026-04-28;-2.75;-41.25;155.0258178710938
2026-04-28;-2.75;-40.75;39.93677520751953
2026-04-28;-2.75;-40.25;9.713811874389648
2026-04-28;-2.75;-39.75;9.923789978027344
2026-04-28;-2.75;-39.25;
2026-04-28;-2.75;-38.75;
2026-04-28;-2.75;-38.25;
2026-04-28;-2.75;-37.75;
2026-04-28;-2.75;-37.25;
2026-04-29;-7.75;-41.25;0.0
2026-04-29;-7.75;-40.75;1.285938501358032
2026-04-29;-7.75;-40.25;0.6394995450973511
2026-04-29;-7.75;-39.75;10.41520595550537
2026-04-29;-7.75;-39.25;16.75940704345703
2026-04-29;-7.75;-38.75;27.50680923461914
2026-04-29;-7.75;-38.25;65.45243835449219
2026-04-29;-7.75;-37.75;99.32998657226562
2026-04-29;-7.75;-37.25;115.8481979370117
2026-04-29;-7.25;-41.25;0.0
2026-04-29;-7.25;-40.75;1.765564441680908
2026-04-29;-7.25;-40.25;30.41122627258301
2026-04-29;-7.25;-39.75;74.04766082763672
2026-04-29;-7.25;-39.25;99.7135238647461
2026-04-29;-7.25;-38.75;107.391731262207
2026-04-29;-7.25;-38.25;124.9849853515625
2026-04-29;-7.25;-37.75;168.2281341552734
2026-04-29;-7.25;-37.25;205.6874389648438
2026-04-29;-6.75;-41.25;0.0
2026-04-29;-6.75;-40.75;21.81108093261719
2026-04-29;-6.75;-40.25;119.9222412109375
2026-04-29;-6.75;-39.75;187.2285614013672
2026-04-29;-6.75;-39.25;202.82470703125
2026-04-29;-6.75;-38.75;160.4119110107422
2026-04-29;-6.75;-38.25;124.7795791625977
2026-04-29;-6.75;-37.75;128.9594421386719
2026-04-29;-6.75;-37.25;131.5674285888672
2026-04-29;-6.25;-41.25;4.302833080291748
2026-04-29;-6.25;-40.75;67.39978790283203
2026-04-29;-6.25;-40.25;205.9705657958984
2026-04-29;-6.25;-39.75;249.4557800292969
2026-04-29;-6.25;-39.25;240.5669555664062
2026-04-29;-6.25;-38.75;180.3588104248047
2026-04-29;-6.25;-38.25;100.3086395263672
2026-04-29;-6.25;-37.75;63.22963333129883
2026-04-29;-6.25;-37.25;35.12559127807617
2026-04-29;-5.75;-41.25;11.91622352600098
2026-04-29;-5.75;-40.75;116.4040603637695
2026-04-29;-5.75;-40.25;255.2551879882812
2026-04-29;-5.75;-39.75;286.9234008789062
2026-04-29;-5.75;-39.25;266.9530029296875
2026-04-29;-5.75;-38.75;186.3812408447266
2026-04-29;-5.75;-38.25;71.61834716796875
2026-04-29;-5.75;-37.75;14.03776168823242
2026-04-29;-5.75;-37.25;30.20129585266113
2026-04-29;-5.25;-41.25;26.47801208496094
2026-04-29;-5.25;-40.75;189.4129180908203
2026-04-29;-5.25;-40.25;300.6722717285156
2026-04-29;-5.25;-39.75;318.3918762207031
2026-04-29;-5.25;-39.25;323.2455139160156
2026-04-29;-5.25;-38.75;202.0540771484375
2026-04-29;-5.25;-38.25;108.5702819824219
2026-04-29;-5.25;-37.75;54.19684600830078
2026-04-29;-5.25;-37.25;40.12584686279297
2026-04-29;-4.75;-41.25;40.87806701660156
2026-04-29;-4.75;-40.75;252.2303771972656
2026-04-29;-4.75;-40.25;318.1714477539062
2026-04-29;-4.75;-39.75;304.9684448242188
2026-04-29;-4.75;-39.25;277.8909912109375
2026-04-29;-4.75;-38.75;197.3152770996094
2026-04-29;-4.75;-38.25;140.4395599365234
2026-04-29;-4.75;-37.75;100.9428100585938
2026-04-29;-4.75;-37.25;64.48178100585938
2026-04-29;-4.25;-41.25;36.81256866455078
2026-04-29;-4.25;-40.75;283.052490234375
2026-04-29;-4.25;-40.25;308.4058837890625
2026-04-29;-4.25;-39.75;271.6674194335938
2026-04-29;-4.25;-39.25;230.7373199462891
2026-04-29;-4.25;-38.75;193.6795349121094
2026-04-29;-4.25;-38.25;168.7842254638672
2026-04-29;-4.25;-37.75;140.9244384765625
2026-04-29;-4.25;-37.25;
2026-04-29;-3.75;-41.25;21.81071472167969
2026-04-29;-3.75;-40.75;273.0067749023438
2026-04-29;-3.75;-40.25;269.7146606445312
2026-04-29;-3.75;-39.75;233.1718139648438
2026-04-29;-3.75;-39.25;206.8514404296875
2026-04-29;-3.75;-38.75;191.9960632324219
2026-04-29;-3.75;-38.25;185.3568420410156
2026-04-29;-3.75;-37.75;
2026-04-29;-3.75;-37.25;
2026-04-29;-3.25;-41.25;12.49744892120361
2026-04-29;-3.25;-40.75;195.5043334960938
2026-04-29;-3.25;-40.25;214.0890960693359
2026-04-29;-3.25;-39.75;201.781005859375
2026-04-29;-3.25;-39.25;194.7834014892578
2026-04-29;-3.25;-38.75;190.3835906982422
2026-04-29;-3.25;-38.25;
2026-04-29;-3.25;-37.75;
2026-04-29;-3.25;-37.25;
2026-04-29;-2.75;-41.25;16.85489463806152
2026-04-29;-2.75;-40.75;160.3397521972656
2026-04-29;-2.75;-40.25;197.2742004394531
2026-04-29;-2.75;-39.75;192.9036712646484
2026-04-29;-2.75;-39.25;
2026-04-29;-2.75;-38.75;
2026-04-29;-2.75;-38.25;
2026-04-29;-2.75;-37.75;
2026-04-29;-2.75;-37.25;
2026-04-30;-7.75;-41.25;0.6030994653701782
2026-04-30;-7.75;-40.75;0.0
2026-04-30;-7.75;-40.25;0.0
2026-04-30;-7.75;-39.75;0.0
2026-04-30;-7.75;-39.25;0.0
2026-04-30;-7.75;-38.75;0.0
2026-04-30;-7.75;-38.25;0.0
2026-04-30;-7.75;-37.75;0.3056210577487946
2026-04-30;-7.75;-37.25;0.5339204668998718
2026-04-30;-7.25;-41.25;21.30031776428223
2026-04-30;-7.25;-40.75;6.84507417678833
2026-04-30;-7.25;-40.25;0.4351115524768829
2026-04-30;-7.25;-39.75;0.6351393461227417
2026-04-30;-7.25;-39.25;0.0
2026-04-30;-7.25;-38.75;0.0
2026-04-30;-7.25;-38.25;0.0
2026-04-30;-7.25;-37.75;0.0
2026-04-30;-7.25;-37.25;0.0
2026-04-30;-6.75;-41.25;64.75193786621094
2026-04-30;-6.75;-40.75;37.79684066772461
2026-04-30;-6.75;-40.25;4.957469940185547
2026-04-30;-6.75;-39.75;2.827446460723877
2026-04-30;-6.75;-39.25;0.0
2026-04-30;-6.75;-38.75;0.0
2026-04-30;-6.75;-38.25;0.0
2026-04-30;-6.75;-37.75;0.0
2026-04-30;-6.75;-37.25;0.0
2026-04-30;-6.25;-41.25;76.1966552734375
2026-04-30;-6.25;-40.75;48.11522674560547
2026-04-30;-6.25;-40.25;7.189016819000244
2026-04-30;-6.25;-39.75;3.4419105052948
2026-04-30;-6.25;-39.25;0.0
2026-04-30;-6.25;-38.75;0.0
2026-04-30;-6.25;-38.25;0.0
2026-04-30;-6.25;-37.75;0.0
2026-04-30;-6.25;-37.25;0.0
2026-04-30;-5.75;-41.25;39.39460754394531
2026-04-30;-5.75;-40.75;26.13925743103027
2026-04-30;-5.75;-40.25;9.234858512878418
2026-04-30;-5.75;-39.75;8.923547744750977
2026-04-30;-5.75;-39.25;6.371543407440186
2026-04-30;-5.75;-38.75;0.0
2026-04-30;-5.75;-38.25;0.0
2026-04-30;-5.75;-37.75;0.0
2026-04-30;-5.75;-37.25;0.0
2026-04-30;-5.25;-41.25;3.583895921707153
2026-04-30;-5.25;-40.75;3.134072303771973
2026-04-30;-5.25;-40.25;8.876723289489746
2026-04-30;-5.25;-39.75;16.45310401916504
2026-04-30;-5.25;-39.25;17.41562843322754
2026-04-30;-5.25;-38.75;3.676230430603027
2026-04-30;-5.25;-38.25;1.228780627250671
2026-04-30;-5.25;-37.75;0.2737418115139008
2026-04-30;-5.25;-37.25;0.0
2026-04-30;-4.75;-41.25;0.0
2026-04-30;-4.75;-40.75;0.0
2026-04-30;-4.75;-40.25;2.365712404251099
2026-04-30;-4.75;-39.75;14.74258518218994
2026-04-30;-4.75;-39.25;18.07378768920898
2026-04-30;-4.75;-38.75;11.56726455688477
2026-04-30;-4.75;-38.25;7.984987258911133
2026-04-30;-4.75;-37.75;5.268607139587402
2026-04-30;-4.75;-37.25;0.5842040777206421
2026-04-30;-4.25;-41.25;0.0
2026-04-30;-4.25;-40.75;0.0
2026-04-30;-4.25;-40.25;0.5377794504165649
2026-04-30;-4.25;-39.75;11.19459629058838
2026-04-30;-4.25;-39.25;27.15762519836426
2026-04-30;-4.25;-38.75;36.88715362548828
2026-04-30;-4.25;-38.25;35.08855819702148
2026-04-30;-4.25;-37.75;26.78233528137207
2026-04-30;-4.25;-37.25;
2026-04-30;-3.75;-41.25;0.0
2026-04-30;-3.75;-40.75;0.0
2026-04-30;-3.75;-40.25;0.3351433575153351
2026-04-30;-3.75;-39.75;11.662766456604
2026-04-30;-3.75;-39.25;35.43373489379883
2026-04-30;-3.75;-38.75;54.71061706542969
2026-04-30;-3.75;-38.25;54.74416732788086
2026-04-30;-3.75;-37.75;
2026-04-30;-3.75;-37.25;
2026-04-30;-3.25;-41.25;1.504108190536499
2026-04-30;-3.25;-40.75;0.6899283528327942
2026-04-30;-3.25;-40.25;0.9104461073875427
2026-04-30;-3.25;-39.75;12.96081161499023
2026-04-30;-3.25;-39.25;37.51971435546875
2026-04-30;-3.25;-38.75;54.81752014160156
2026-04-30;-3.25;-38.25;
2026-04-30;-3.25;-37.75;
2026-04-30;-3.25;-37.25;
2026-04-30;-2.75;-41.25;1.700507998466492
2026-04-30;-2.75;-40.75;1.309655666351318
2026-04-30;-2.75;-40.25;1.352283954620361
2026-04-30;-2.75;-39.75;11.64286804199219
2026-04-30;-2.75;-39.25;
2026-04-30;-2.75;-38.75;
2026-04-30;-2.75;-38.25;
2026-04-30;-2.75;-37.75;
2026-04-30;-2.75;-37.25;
2026-05-01;-7.75;-41.25;0.0
2026-05-01;-7.75;-40.75;0.0
2026-05-01;-7.75;-40.25;0.0
2026-05-01;-7.75;-39.75;0.0
2026-05-01;-7.75;-39.25;0.0
2026-05-01;-7.75;-38.75;0.0
2026-05-01;-7.75;-38.25;0.0
2026-05-01;-7.75;-37.75;0.0
2026-05-01;-7.75;-37.25;3.068819761276245
2026-05-01;-7.25;-41.25;0.0
2026-05-01;-7.25;-40.75;0.0
2026-05-01;-7.25;-40.25;0.0
2026-05-01;-7.25;-39.75;0.0
2026-05-01;-7.25;-39.25;0.0
2026-05-01;-7.25;-38.75;0.0
2026-05-01;-7.25;-38.25;0.0
2026-05-01;-7.25;-37.75;0.0
2026-05-01;-7.25;-37.25;3.603644847869873
2026-05-01;-6.75;-41.25;0.0
2026-05-01;-6.75;-40.75;0.0
2026-05-01;-6.75;-40.25;0.0
2026-05-01;-6.75;-39.75;0.0
2026-05-01;-6.75;-39.25;0.0
2026-05-01;-6.75;-38.75;0.2574704587459564
2026-05-01;-6.75;-38.25;1.181627035140991
2026-05-01;-6.75;-37.75;0.0
2026-05-01;-6.75;-37.25;0.0
2026-05-01;-6.25;-41.25;0.0
2026-05-01;-6.25;-40.75;0.0
2026-05-01;-6.25;-40.25;0.0
2026-05-01;-6.25;-39.75;0.0
2026-05-01;-6.25;-39.25;0.0
2026-05-01;-6.25;-38.75;0.8033927083015442
2026-05-01;-6.25;-38.25;1.415254592895508
2026-05-01;-6.25;-37.75;0.0
2026-05-01;-6.25;-37.25;0.7282965779304504
2026-05-01;-5.75;-41.25;0.0
2026-05-01;-5.75;-40.75;0.0
2026-05-01;-5.75;-40.25;3.360389709472656
2026-05-01;-5.75;-39.75;7.353032112121582
2026-05-01;-5.75;-39.25;7.859072685241699
2026-05-01;-5.75;-38.75;4.273396968841553
2026-05-01;-5.75;-38.25;8.995044708251953
2026-05-01;-5.75;-37.75;18.24368476867676
2026-05-01;-5.75;-37.25;23.61268997192383
2026-05-01;-5.25;-41.25;0.0
2026-05-01;-5.25;-40.75;0.0
2026-05-01;-5.25;-40.25;4.88071870803833
2026-05-01;-5.25;-39.75;11.00057983398438
2026-05-01;-5.25;-39.25;12.14388465881348
2026-05-01;-5.25;-38.75;15.50173473358154
2026-05-01;-5.25;-38.25;33.95759963989258
2026-05-01;-5.25;-37.75;47.41876220703125
2026-05-01;-5.25;-37.25;43.45497894287109
2026-05-01;-4.75;-41.25;0.0
2026-05-01;-4.75;-40.75;0.4230141937732697
2026-05-01;-4.75;-40.25;6.956292629241943
2026-05-01;-4.75;-39.75;15.92320919036865
2026-05-01;-4.75;-39.25;48.26068496704102
2026-05-01;-4.75;-38.75;43.49331665039062
2026-05-01;-4.75;-38.25;53.48684692382812
2026-05-01;-4.75;-37.75;68.68389129638672
2026-05-01;-4.75;-37.25;58.49334716796875
2026-05-01;-4.25;-41.25;0.0
2026-05-01;-4.25;-40.75;2.709750652313232
2026-05-01;-4.25;-40.25;8.932697296142578
2026-05-01;-4.25;-39.75;59.05559539794922
2026-05-01;-4.25;-39.25;212.9213256835938
2026-05-01;-4.25;-38.75;127.3720474243164
2026-05-01;-4.25;-38.25;71.78280639648438
2026-05-01;-4.25;-37.75;71.81795501708984
2026-05-01;-4.25;-37.25;
2026-05-01;-3.75;-41.25;0.0
2026-05-01;-3.75;-40.75;5.893908977508545
2026-05-01;-3.75;-40.25;11.68496322631836
2026-05-01;-3.75;-39.75;114.5903396606445
2026-05-01;-3.75;-39.25;302.5209350585938
2026-05-01;-3.75;-38.75;155.6400909423828
2026-05-01;-3.75;-38.25;85.859619140625
2026-05-01;-3.75;-37.75;
2026-05-01;-3.75;-37.25;
2026-05-01;-3.25;-41.25;2.416128396987915
2026-05-01;-3.25;-40.75;1.665036559104919
2026-05-01;-3.25;-40.25;1.819542050361633
2026-05-01;-3.25;-39.75;77.95512390136719
2026-05-01;-3.25;-39.25;219.9897155761719
2026-05-01;-3.25;-38.75;185.9150238037109
2026-05-01;-3.25;-38.25;
2026-05-01;-3.25;-37.75;
2026-05-01;-3.25;-37.25;
2026-05-01;-2.75;-41.25;6.300390243530273
2026-05-01;-2.75;-40.75;2.148520708084106
2026-05-01;-2.75;-40.25;2.378903865814209
2026-05-01;-2.75;-39.75;33.22785568237305
2026-05-01;-2.75;-39.25;
2026-05-01;-2.75;-38.75;
2026-05-01;-2.75;-38.25;
2026-05-01;-2.75;-37.75;
2026-05-01;-2.75;-37.25;
2026-05-02;-7.75;-41.25;1.537308096885681
2026-05-02;-7.75;-40.75;0.0
2026-05-02;-7.75;-40.25;0.481174111366272
2026-05-02;-7.75;-39.75;0.9411211013793945
2026-05-02;-7.75;-39.25;0.6786006093025208
2026-05-02;-7.75;-38.75;0.2432030886411667
2026-05-02;-7.75;-38.25;0.0
2026-05-02;-7.75;-37.75;3.260641098022461
2026-05-02;-7.75;-37.25;9.55724811553955
2026-05-02;-7.25;-41.25;16.30174255371094
2026-05-02;-7.25;-40.75;10.78781223297119
2026-05-02;-7.25;-40.25;12.70136737823486
2026-05-02;-7.25;-39.75;10.58033561706543
2026-05-02;-7.25;-39.25;4.282257080078125
2026-05-02;-7.25;-38.75;1.504605889320374
2026-05-02;-7.25;-38.25;0.0
2026-05-02;-7.25;-37.75;5.377435684204102
2026-05-02;-7.25;-37.25;8.644887924194336
2026-05-02;-6.75;-41.25;43.00741577148438
2026-05-02;-6.75;-40.75;35.03581619262695
2026-05-02;-6.75;-40.25;19.89216232299805
2026-05-02;-6.75;-39.75;16.58336448669434
2026-05-02;-6.75;-39.25;15.38615322113037
2026-05-02;-6.75;-38.75;6.608878612518311
2026-05-02;-6.75;-38.25;3.352714776992798
2026-05-02;-6.75;-37.75;7.236219882965088
2026-05-02;-6.75;-37.25;7.25565242767334
2026-05-02;-6.25;-41.25;46.38547897338867
2026-05-02;-6.25;-40.75;35.29730606079102
2026-05-02;-6.25;-40.25;20.34036827087402
2026-05-02;-6.25;-39.75;21.83937072753906
2026-05-02;-6.25;-39.25;27.65467071533203
2026-05-02;-6.25;-38.75;47.29565811157227
2026-05-02;-6.25;-38.25;44.37538528442383
2026-05-02;-6.25;-37.75;19.39912796020508
2026-05-02;-6.25;-37.25;88.86538696289062
2026-05-02;-5.75;-41.25;16.34426498413086
2026-05-02;-5.75;-40.75;8.18134880065918
2026-05-02;-5.75;-40.25;12.42375564575195
2026-05-02;-5.75;-39.75;15.35724544525146
2026-05-02;-5.75;-39.25;20.47808074951172
2026-05-02;-5.75;-38.75;66.36140441894531
2026-05-02;-5.75;-38.25;63.3258056640625
2026-05-02;-5.75;-37.75;107.6673278808594
2026-05-02;-5.75;-37.25;137.7201080322266
2026-05-02;-5.25;-41.25;0.3138525485992432
2026-05-02;-5.25;-40.75;0.0
2026-05-02;-5.25;-40.25;6.801237106323242
2026-05-02;-5.25;-39.75;18.39399147033691
2026-05-02;-5.25;-39.25;25.41747283935547
2026-05-02;-5.25;-38.75;29.69353103637695
2026-05-02;-5.25;-38.25;80.18362426757812
2026-05-02;-5.25;-37.75;158.9438018798828
2026-05-02;-5.25;-37.25;100.6118316650391
2026-05-02;-4.75;-41.25;0.5629748106002808
2026-05-02;-4.75;-40.75;1.58491325378418
2026-05-02;-4.75;-40.25;1.708007097244263
2026-05-02;-4.75;-39.75;13.1494665145874
2026-05-02;-4.75;-39.25;25.58964538574219
2026-05-02;-4.75;-38.75;40.5618782043457
2026-05-02;-4.75;-38.25;108.6827697753906
2026-05-02;-4.75;-37.75;193.6567687988281
2026-05-02;-4.75;-37.25;158.9209136962891
2026-05-02;-4.25;-41.25;0.8233728408813477
2026-05-02;-4.25;-40.75;3.809695482254028
2026-05-02;-4.25;-40.25;2.412101745605469
2026-05-02;-4.25;-39.75;2.282318115234375
2026-05-02;-4.25;-39.25;4.059471130371094
2026-05-02;-4.25;-38.75;17.80532264709473
2026-05-02;-4.25;-38.25;79.44712829589844
2026-05-02;-4.25;-37.75;165.2299499511719
2026-05-02;-4.25;-37.25;
2026-05-02;-3.75;-41.25;4.915682315826416
2026-05-02;-3.75;-40.75;5.890642166137695
2026-05-02;-3.75;-40.25;11.09711647033691
2026-05-02;-3.75;-39.75;3.111075639724731
2026-05-02;-3.75;-39.25;0.0
2026-05-02;-3.75;-38.75;0.6186174750328064
2026-05-02;-3.75;-38.25;22.11142539978027
2026-05-02;-3.75;-37.75;
2026-05-02;-3.75;-37.25;
2026-05-02;-3.25;-41.25;31.83926773071289
2026-05-02;-3.25;-40.75;8.512009620666504
2026-05-02;-3.25;-40.25;1.914808630943298
2026-05-02;-3.25;-39.75;0.7443869113922119
2026-05-02;-3.25;-39.25;0.0
2026-05-02;-3.25;-38.75;0.0
2026-05-02;-3.25;-38.25;
2026-05-02;-3.25;-37.75;
2026-05-02;-3.25;-37.25;
2026-05-02;-2.75;-41.25;49.39118957519531
2026-05-02;-2.75;-40.75;22.95719909667969
2026-05-02;-2.75;-40.25;0.6725630164146423
2026-05-02;-2.75;-39.75;0.0
2026-05-02;-2.75;-39.25;
2026-05-02;-2.75;-38.75;
2026-05-02;-2.75;-38.25;
2026-05-02;-2.75;-37.75;
2026-05-02;-2.75;-37.25;
2026-05-03;-7.75;-41.25;0.0
2026-05-03;-7.75;-40.75;0.81043541431427
2026-05-03;-7.75;-40.25;13.62484169006348
2026-05-03;-7.75;-39.75;21.66679191589355
2026-05-03;-7.75;-39.25;19.33471298217773
2026-05-03;-7.75;-38.75;39.34205627441406
2026-05-03;-7.75;-38.25;68.21540069580078
2026-05-03;-7.75;-37.75;32.94758987426758
2026-05-03;-7.75;-37.25;0.4360859096050262
2026-05-03;-7.25;-41.25;1.08115029335022
2026-05-03;-7.25;-40.75;48.23006439208984
2026-05-03;-7.25;-40.25;165.7157135009766
2026-05-03;-7.25;-39.75;134.8375091552734
2026-05-03;-7.25;-39.25;62.38617324829102
2026-05-03;-7.25;-38.75;67.51085662841797
2026-05-03;-7.25;-38.25;63.8795166015625
2026-05-03;-7.25;-37.75;57.75033950805664
2026-05-03;-7.25;-37.25;14.88719844818115
2026-05-03;-6.75;-41.25;3.640262603759766
2026-05-03;-6.75;-40.75;111.2788162231445
2026-05-03;-6.75;-40.25;223.2309722900391
2026-05-03;-6.75;-39.75;214.3170013427734
2026-05-03;-6.75;-39.25;141.3601989746094
2026-05-03;-6.75;-38.75;55.90610122680664
2026-05-03;-6.75;-38.25;17.13554382324219
2026-05-03;-6.75;-37.75;21.79731750488281
2026-05-03;-6.75;-37.25;14.21953105926514
2026-05-03;-6.25;-41.25;4.977094173431396
2026-05-03;-6.25;-40.75;99.40123748779297
2026-05-03;-6.25;-40.25;219.1730804443359
2026-05-03;-6.25;-39.75;202.6734161376953
2026-05-03;-6.25;-39.25;92.88961029052734
2026-05-03;-6.25;-38.75;12.30961513519287
2026-05-03;-6.25;-38.25;5.893466949462891
2026-05-03;-6.25;-37.75;7.045459747314453
2026-05-03;-6.25;-37.25;28.86568641662598
2026-05-03;-5.75;-41.25;9.005104064941406
2026-05-03;-5.75;-40.75;29.43863868713379
2026-05-03;-5.75;-40.25;124.3421783447266
2026-05-03;-5.75;-39.75;112.2855911254883
2026-05-03;-5.75;-39.25;43.99061965942383
2026-05-03;-5.75;-38.75;19.25461196899414
2026-05-03;-5.75;-38.25;66.54573059082031
2026-05-03;-5.75;-37.75;125.8393096923828
2026-05-03;-5.75;-37.25;76.70386505126953
2026-05-03;-5.25;-41.25;10.03426074981689
2026-05-03;-5.25;-40.75;15.65427398681641
2026-05-03;-5.25;-40.25;23.63097763061523
2026-05-03;-5.25;-39.75;15.31367683410645
2026-05-03;-5.25;-39.25;19.43172836303711
2026-05-03;-5.25;-38.75;104.5802383422852
2026-05-03;-5.25;-38.25;213.0345764160156
2026-05-03;-5.25;-37.75;205.3214416503906
2026-05-03;-5.25;-37.25;123.5819320678711
2026-05-03;-4.75;-41.25;24.63491630554199
2026-05-03;-4.75;-40.75;40.16257095336914
2026-05-03;-4.75;-40.25;40.06406402587891
2026-05-03;-4.75;-39.75;25.73709869384766
2026-05-03;-4.75;-39.25;50.27163314819336
2026-05-03;-4.75;-38.75;172.2986297607422
2026-05-03;-4.75;-38.25;182.218994140625
2026-05-03;-4.75;-37.75;79.89982604980469
2026-05-03;-4.75;-37.25;96.91240692138672
2026-05-03;-4.25;-41.25;36.18135452270508
2026-05-03;-4.25;-40.75;57.14698028564453
2026-05-03;-4.25;-40.25;46.95711135864258
2026-05-03;-4.25;-39.75;70.6242446899414
2026-05-03;-4.25;-39.25;166.5592346191406
2026-05-03;-4.25;-38.75;320.0508728027344
2026-05-03;-4.25;-38.25;283.8488464355469
2026-05-03;-4.25;-37.75;129.5800933837891
2026-05-03;-4.25;-37.25;
2026-05-03;-3.75;-41.25;45.37005615234375
2026-05-03;-3.75;-40.75;132.5986938476562
2026-05-03;-3.75;-40.25;115.1503677368164
2026-05-03;-3.75;-39.75;138.7473754882812
2026-05-03;-3.75;-39.25;169.8652496337891
2026-05-03;-3.75;-38.75;395.1176147460938
2026-05-03;-3.75;-38.25;430.7647705078125
2026-05-03;-3.75;-37.75;
2026-05-03;-3.75;-37.25;
2026-05-03;-3.25;-41.25;37.29067993164062
2026-05-03;-3.25;-40.75;161.2586364746094
2026-05-03;-3.25;-40.25;207.5834503173828
2026-05-03;-3.25;-39.75;174.9916076660156
2026-05-03;-3.25;-39.25;201.7241668701172
2026-05-03;-3.25;-38.75;343.4637756347656
2026-05-03;-3.25;-38.25;
2026-05-03;-3.25;-37.75;
2026-05-03;-3.25;-37.25;
2026-05-03;-2.75;-41.25;29.2409610748291
2026-05-03;-2.75;-40.75;97.22563171386719
2026-05-03;-2.75;-40.25;158.4945220947266
2026-05-03;-2.75;-39.75;167.3271331787109
2026-05-03;-2.75;-39.25;
2026-05-03;-2.75;-38.75;
2026-05-03;-2.75;-38.25;
2026-05-03;-2.75;-37.75;
2026-05-03;-2.75;-37.25;
2026-05-04;-7.75;-41.25;0.0
2026-05-04;-7.75;-40.75;0.0
2026-05-04;-7.75;-40.25;0.0
2026-05-04;-7.75;-39.75;0.0
2026-05-04;-7.75;-39.25;0.3709313869476318
2026-05-04;-7.75;-38.75;0.2624231278896332
2026-05-04;-7.75;-38.25;0.0
2026-05-04;-7.75;-37.75;0.0
2026-05-04;-7.75;-37.25;0.0
2026-05-04;-7.25;-41.25;0.0
2026-05-04;-7.25;-40.75;0.0
2026-05-04;-7.25;-40.25;0.0
2026-05-04;-7.25;-39.75;0.0
2026-05-04;-7.25;-39.25;0.0
2026-05-04;-7.25;-38.75;0.0
2026-05-04;-7.25;-38.25;0.0
2026-05-04;-7.25;-37.75;0.251945972442627
2026-05-04;-7.25;-37.25;0.0
2026-05-04;-6.75;-41.25;0.0
2026-05-04;-6.75;-40.75;0.0
2026-05-04;-6.75;-40.25;0.0
2026-05-04;-6.75;-39.75;0.0
2026-05-04;-6.75;-39.25;0.0
2026-05-04;-6.75;-38.75;0.0
2026-05-04;-6.75;-38.25;0.0
2026-05-04;-6.75;-37.75;0.2240960896015167
2026-05-04;-6.75;-37.25;0.0
2026-05-04;-6.25;-41.25;6.278441429138184
2026-05-04;-6.25;-40.75;1.401102304458618
2026-05-04;-6.25;-40.25;0.0
2026-05-04;-6.25;-39.75;0.3839860260486603
2026-05-04;-6.25;-39.25;1.331071853637695
2026-05-04;-6.25;-38.75;0.0
2026-05-04;-6.25;-38.25;0.0
2026-05-04;-6.25;-37.75;0.0
2026-05-04;-6.25;-37.25;2.087395906448364
2026-05-04;-5.75;-41.25;20.95428085327148
2026-05-04;-5.75;-40.75;9.229708671569824
2026-05-04;-5.75;-40.25;18.19858360290527
2026-05-04;-5.75;-39.75;28.58603286743164
2026-05-04;-5.75;-39.25;17.09828186035156
2026-05-04;-5.75;-38.75;1.521632194519043
2026-05-04;-5.75;-38.25;0.0
2026-05-04;-5.75;-37.75;0.432422399520874
2026-05-04;-5.75;-37.25;12.14056396484375
2026-05-04;-5.25;-41.25;17.87139892578125
2026-05-04;-5.25;-40.75;14.87941360473633
2026-05-04;-5.25;-40.25;60.97505950927734
2026-05-04;-5.25;-39.75;89.20651245117188
2026-05-04;-5.25;-39.25;88.01588439941406
2026-05-04;-5.25;-38.75;17.49806213378906
2026-05-04;-5.25;-38.25;0.9547528028488159
2026-05-04;-5.25;-37.75;0.4272094666957855
2026-05-04;-5.25;-37.25;27.6966438293457
2026-05-04;-4.75;-41.25;7.530331134796143
2026-05-04;-4.75;-40.75;33.41354751586914
2026-05-04;-4.75;-40.25;121.4335327148438
2026-05-04;-4.75;-39.75;131.6268463134766
2026-05-04;-4.75;-39.25;103.4745407104492
2026-05-04;-4.75;-38.75;16.04514312744141
2026-05-04;-4.75;-38.25;0.4302703142166138
2026-05-04;-4.75;-37.75;1.802466034889221
2026-05-04;-4.75;-37.25;20.6268424987793
2026-05-04;-4.25;-41.25;0.512444794178009
2026-05-04;-4.25;-40.75;37.24854278564453
2026-05-04;-4.25;-40.25;140.5933837890625
2026-05-04;-4.25;-39.75;135.2718963623047
2026-05-04;-4.25;-39.25;113.007942199707
2026-05-04;-4.25;-38.75;65.26663970947266
2026-05-04;-4.25;-38.25;31.23983573913574
2026-05-04;-4.25;-37.75;11.95357227325439
2026-05-04;-4.25;-37.25;
2026-05-04;-3.75;-41.25;1.07097601890564
2026-05-04;-3.75;-40.75;12.92716789245605
2026-05-04;-3.75;-40.25;29.34984397888184
2026-05-04;-3.75;-39.75;80.4466781616211
2026-05-04;-3.75;-39.25;109.9538726806641
2026-05-04;-3.75;-38.75;82.89009094238281
2026-05-04;-3.75;-38.25;64.1209487915039
2026-05-04;-3.75;-37.75;
2026-05-04;-3.75;-37.25;
2026-05-04;-3.25;-41.25;8.080805778503418
2026-05-04;-3.25;-40.75;13.06268882751465
2026-05-04;-3.25;-40.25;46.88002014160156
2026-05-04;-3.25;-39.75;72.0594711303711
2026-05-04;-3.25;-39.25;92.2578353881836
2026-05-04;-3.25;-38.75;87.39767456054688
2026-05-04;-3.25;-38.25;
2026-05-04;-3.25;-37.75;
2026-05-04;-3.25;-37.25;
2026-05-04;-2.75;-41.25;12.43438720703125
2026-05-04;-2.75;-40.75;26.32598495483398
2026-05-04;-2.75;-40.25;65.00853729248047
2026-05-04;-2.75;-39.75;80.10515594482422
2026-05-04;-2.75;-39.25;
2026-05-04;-2.75;-38.75;
2026-05-04;-2.75;-38.25;
2026-05-04;-2.75;-37.75;
2026-05-04;-2.75;-37.25;
2026-05-05;-7.75;-41.25;0.0
2026-05-05;-7.75;-40.75;0.0
2026-05-05;-7.75;-40.25;0.0
2026-05-05;-7.75;-39.75;0.0
2026-05-05;-7.75;-39.25;0.0
2026-05-05;-7.75;-38.75;0.0
2026-05-05;-7.75;-38.25;0.0
2026-05-05;-7.75;-37.75;0.0
2026-05-05;-7.75;-37.25;0.5105961561203003
2026-05-05;-7.25;-41.25;0.0
2026-05-05;-7.25;-40.75;0.0
2026-05-05;-7.25;-40.25;0.0
2026-05-05;-7.25;-39.75;0.0
2026-05-05;-7.25;-39.25;0.0
2026-05-05;-7.25;-38.75;0.0
2026-05-05;-7.25;-38.25;0.0
2026-05-05;-7.25;-37.75;0.0
2026-05-05;-7.25;-37.25;0.7901219725608826
2026-05-05;-6.75;-41.25;0.0
2026-05-05;-6.75;-40.75;0.0
2026-05-05;-6.75;-40.25;0.0
2026-05-05;-6.75;-39.75;0.0
2026-05-05;-6.75;-39.25;0.0
2026-05-05;-6.75;-38.75;0.0
2026-05-05;-6.75;-38.25;0.0
2026-05-05;-6.75;-37.75;0.4513255059719086
2026-05-05;-6.75;-37.25;0.8354259133338928
2026-05-05;-6.25;-41.25;0.9996116757392883
2026-05-05;-6.25;-40.75;0.0
2026-05-05;-6.25;-40.25;0.0
2026-05-05;-6.25;-39.75;0.0
2026-05-05;-6.25;-39.25;0.0
2026-05-05;-6.25;-38.75;0.0
2026-05-05;-6.25;-38.25;0.0
2026-05-05;-6.25;-37.75;9.54887580871582
2026-05-05;-6.25;-37.25;16.73927879333496
2026-05-05;-5.75;-41.25;8.31672191619873
2026-05-05;-5.75;-40.75;1.138803124427795
2026-05-05;-5.75;-40.25;0.0
2026-05-05;-5.75;-39.75;0.0
2026-05-05;-5.75;-39.25;0.0
2026-05-05;-5.75;-38.75;0.0
2026-05-05;-5.75;-38.25;3.270188093185425
2026-05-05;-5.75;-37.75;28.31352806091309
2026-05-05;-5.75;-37.25;64.64322662353516
2026-05-05;-5.25;-41.25;24.86037445068359
2026-05-05;-5.25;-40.75;4.342131614685059
2026-05-05;-5.25;-40.25;0.0
2026-05-05;-5.25;-39.75;0.0
2026-05-05;-5.25;-39.25;0.0
2026-05-05;-5.25;-38.75;0.0
2026-05-05;-5.25;-38.25;3.22882342338562
2026-05-05;-5.25;-37.75;30.1821231842041
2026-05-05;-5.25;-37.25;74.03897857666016
2026-05-05;-4.75;-41.25;44.1511116027832
2026-05-05;-4.75;-40.75;8.339412689208984
2026-05-05;-4.75;-40.25;0.0
2026-05-05;-4.75;-39.75;0.0
2026-05-05;-4.75;-39.25;0.0
2026-05-05;-4.75;-38.75;0.0
2026-05-05;-4.75;-38.25;2.783587694168091
2026-05-05;-4.75;-37.75;23.05855751037598
2026-05-05;-4.75;-37.25;58.34436798095703
2026-05-05;-4.25;-41.25;54.22338485717773
2026-05-05;-4.25;-40.75;9.815500259399414
2026-05-05;-4.25;-40.25;0.0
2026-05-05;-4.25;-39.75;0.0
2026-05-05;-4.25;-39.25;0.0
2026-05-05;-4.25;-38.75;0.0
2026-05-05;-4.25;-38.25;1.363051295280457
2026-05-05;-4.25;-37.75;11.20817184448242
2026-05-05;-4.25;-37.25;
2026-05-05;-3.75;-41.25;49.80422973632812
2026-05-05;-3.75;-40.75;7.616969585418701
2026-05-05;-3.75;-40.25;0.0
2026-05-05;-3.75;-39.75;0.0
2026-05-05;-3.75;-39.25;0.0
2026-05-05;-3.75;-38.75;0.0
2026-05-05;-3.75;-38.25;0.0
2026-05-05;-3.75;-37.75;
2026-05-05;-3.75;-37.25;
2026-05-05;-3.25;-41.25;34.45941162109375
2026-05-05;-3.25;-40.75;4.350744247436523
2026-05-05;-3.25;-40.25;0.0
2026-05-05;-3.25;-39.75;0.0
2026-05-05;-3.25;-39.25;0.0
2026-05-05;-3.25;-38.75;0.0
2026-05-05;-3.25;-38.25;
2026-05-05;-3.25;-37.75;
2026-05-05;-3.25;-37.25;
2026-05-05;-2.75;-41.25;28.66566276550293
2026-05-05;-2.75;-40.75;4.641452312469482
2026-05-05;-2.75;-40.25;0.0
2026-05-05;-2.75;-39.75;0.0
2026-05-05;-2.75;-39.25;
2026-05-05;-2.75;-38.75;
2026-05-05;-2.75;-38.25;
2026-05-05;-2.75;-37.75;
2026-05-05;-2.75;-37.25;
2026-05-06;-7.75;-41.25;0.0
2026-05-06;-7.75;-40.75;0.0
2026-05-06;-7.75;-40.25;0.0
2026-05-06;-7.75;-39.75;2.506193399429321
2026-05-06;-7.75;-39.25;4.588464260101318
2026-05-06;-7.75;-38.75;3.251048564910889
2026-05-06;-7.75;-38.25;0.0
2026-05-06;-7.75;-37.75;0.0
2026-05-06;-7.75;-37.25;0.0
2026-05-06;-7.25;-41.25;0.0
2026-05-06;-7.25;-40.75;0.0
2026-05-06;-7.25;-40.25;0.0
2026-05-06;-7.25;-39.75;0.0
2026-05-06;-7.25;-39.25;0.0
2026-05-06;-7.25;-38.75;0.0
2026-05-06;-7.25;-38.25;0.0
2026-05-06;-7.25;-37.75;0.0
2026-05-06;-7.25;-37.25;0.0
2026-05-06;-6.75;-41.25;0.0
2026-05-06;-6.75;-40.75;0.0
2026-05-06;-6.75;-40.25;0.0
2026-05-06;-6.75;-39.75;0.0
2026-05-06;-6.75;-39.25;0.0
2026-05-06;-6.75;-38.75;0.0
2026-05-06;-6.75;-38.25;0.0
2026-05-06;-6.75;-37.75;0.2860758304595947
2026-05-06;-6.75;-37.25;0.0
2026-05-06;-6.25;-41.25;0.0
2026-05-06;-6.25;-40.75;0.0
2026-05-06;-6.25;-40.25;0.0
2026-05-06;-6.25;-39.75;0.0
2026-05-06;-6.25;-39.25;0.0
2026-05-06;-6.25;-38.75;0.0
2026-05-06;-6.25;-38.25;0.0
2026-05-06;-6.25;-37.75;0.5564597249031067
2026-05-06;-6.25;-37.25;0.0
2026-05-06;-5.75;-41.25;0.0
2026-05-06;-5.75;-40.75;0.0
2026-05-06;-5.75;-40.25;0.0
2026-05-06;-5.75;-39.75;0.0
2026-05-06;-5.75;-39.25;0.0
2026-05-06;-5.75;-38.75;0.0
2026-05-06;-5.75;-38.25;0.0
2026-05-06;-5.75;-37.75;0.0
2026-05-06;-5.75;-37.25;0.0
2026-05-06;-5.25;-41.25;0.0
2026-05-06;-5.25;-40.75;0.0
2026-05-06;-5.25;-40.25;0.0
2026-05-06;-5.25;-39.75;0.0
2026-05-06;-5.25;-39.25;0.0
2026-05-06;-5.25;-38.75;0.0
2026-05-06;-5.25;-38.25;0.0
2026-05-06;-5.25;-37.75;0.0
2026-05-06;-5.25;-37.25;0.0
2026-05-06;-4.75;-41.25;0.0
2026-05-06;-4.75;-40.75;0.0
2026-05-06;-4.75;-40.25;0.0
2026-05-06;-4.75;-39.75;0.0
2026-05-06;-4.75;-39.25;0.5413842797279358
2026-05-06;-4.75;-38.75;2.071598291397095
2026-05-06;-4.75;-38.25;0.2297031581401825
2026-05-06;-4.75;-37.75;0.0
2026-05-06;-4.75;-37.25;0.0
2026-05-06;-4.25;-41.25;0.9138242602348328
2026-05-06;-4.25;-40.75;0.0
2026-05-06;-4.25;-40.25;0.0
2026-05-06;-4.25;-39.75;0.0
2026-05-06;-4.25;-39.25;8.798998832702637
2026-05-06;-4.25;-38.75;34.74313354492188
2026-05-06;-4.25;-38.25;28.20853996276855
2026-05-06;-4.25;-37.75;10.62806797027588
2026-05-06;-4.25;-37.25;
2026-05-06;-3.75;-41.25;1.144506335258484
2026-05-06;-3.75;-40.75;0.9649434089660645
2026-05-06;-3.75;-40.25;0.0
2026-05-06;-3.75;-39.75;0.0
2026-05-06;-3.75;-39.25;6.195272445678711
2026-05-06;-3.75;-38.75;48.81203079223633
2026-05-06;-3.75;-38.25;57.12542724609375
2026-05-06;-3.75;-37.75;
2026-05-06;-3.75;-37.25;
2026-05-06;-3.25;-41.25;0.0
2026-05-06;-3.25;-40.75;0.8841292262077332
2026-05-06;-3.25;-40.25;0.0
2026-05-06;-3.25;-39.75;0.0
2026-05-06;-3.25;-39.25;9.71187686920166
2026-05-06;-3.25;-38.75;38.949951171875
2026-05-06;-3.25;-38.25;
2026-05-06;-3.25;-37.75;
2026-05-06;-3.25;-37.25;
2026-05-06;-2.75;-41.25;0.0
2026-05-06;-2.75;-40.75;0.0
2026-05-06;-2.75;-40.25;0.0
2026-05-06;-2.75;-39.75;0.0
2026-05-06;-2.75;-39.25;
2026-05-06;-2.75;-38.75;
2026-05-06;-2.75;-38.25;
2026-05-06;-2.75;-37.75;
2026-05-06;-2.75;-37.25;
2026-05-07;-7.75;-41.25;0.0
2026-05-07;-7.75;-40.75;0.0
2026-05-07;-7.75;-40.25;0.0
2026-05-07;-7.75;-39.75;0.0
2026-05-07;-7.75;-39.25;0.0
2026-05-07;-7.75;-38.75;0.0
2026-05-07;-7.75;-38.25;0.0
2026-05-07;-7.75;-37.75;0.0
2026-05-07;-7.75;-37.25;0.0
2026-05-07;-7.25;-41.25;0.0
2026-05-07;-7.25;-40.75;0.0
2026-05-07;-7.25;-40.25;0.0
2026-05-07;-7.25;-39.75;0.0
2026-05-07;-7.25;-39.25;0.0
2026-05-07;-7.25;-38.75;0.0
2026-05-07;-7.25;-38.25;0.0
2026-05-07;-7.25;-37.75;0.0
2026-05-07;-7.25;-37.25;0.0
2026-05-07;-6.75;-41.25;0.0
2026-05-07;-6.75;-40.75;0.0
2026-05-07;-6.75;-40.25;0.0
2026-05-07;-6.75;-39.75;0.0
2026-05-07;-6.75;-39.25;0.0
2026-05-07;-6.75;-38.75;0.0
2026-05-07;-6.75;-38.25;0.0
2026-05-07;-6.75;-37.75;0.0
2026-05-07;-6.75;-37.25;0.0
2026-05-07;-6.25;-41.25;0.0
2026-05-07;-6.25;-40.75;0.0
2026-05-07;-6.25;-40.25;0.0
2026-05-07;-6.25;-39.75;0.0
2026-05-07;-6.25;-39.25;0.0
2026-05-07;-6.25;-38.75;0.0
2026-05-07;-6.25;-38.25;0.0
2026-05-07;-6.25;-37.75;0.0
2026-05-07;-6.25;-37.25;0.0
2026-05-07;-5.75;-41.25;0.0
2026-05-07;-5.75;-40.75;0.0
2026-05-07;-5.75;-40.25;0.0
2026-05-07;-5.75;-39.75;0.0
2026-05-07;-5.75;-39.25;0.0
2026-05-07;-5.75;-38.75;0.0
2026-05-07;-5.75;-38.25;0.0
2026-05-07;-5.75;-37.75;0.0
2026-05-07;-5.75;-37.25;0.0
2026-05-07;-5.25;-41.25;0.0
2026-05-07;-5.25;-40.75;0.0
2026-05-07;-5.25;-40.25;0.0
2026-05-07;-5.25;-39.75;0.0
2026-05-07;-5.25;-39.25;0.0
2026-05-07;-5.25;-38.75;0.0
2026-05-07;-5.25;-38.25;0.0
2026-05-07;-5.25;-37.75;0.0
2026-05-07;-5.25;-37.25;0.0
2026-05-07;-4.75;-41.25;0.0
2026-05-07;-4.75;-40.75;0.0
2026-05-07;-4.75;-40.25;0.0
2026-05-07;-4.75;-39.75;0.0
2026-05-07;-4.75;-39.25;0.0
2026-05-07;-4.75;-38.75;0.0
2026-05-07;-4.75;-38.25;0.0
2026-05-07;-4.75;-37.75;0.0
2026-05-07;-4.75;-37.25;0.0
2026-05-07;-4.25;-41.25;0.0
2026-05-07;-4.25;-40.75;0.0
2026-05-07;-4.25;-40.25;0.0
2026-05-07;-4.25;-39.75;0.0
2026-05-07;-4.25;-39.25;0.0
2026-05-07;-4.25;-38.75;0.0
2026-05-07;-4.25;-38.25;0.0
2026-05-07;-4.25;-37.75;0.0
2026-05-07;-4.25;-37.25;
2026-05-07;-3.75;-41.25;0.0
2026-05-07;-3.75;-40.75;0.0
2026-05-07;-3.75;-40.25;0.0
2026-05-07;-3.75;-39.75;0.0
2026-05-07;-3.75;-39.25;0.0
2026-05-07;-3.75;-38.75;0.0
2026-05-07;-3.75;-38.25;0.0
2026-05-07;-3.75;-37.75;
2026-05-07;-3.75;-37.25;
2026-05-07;-3.25;-41.25;0.0
2026-05-07;-3.25;-40.75;0.0
2026-05-07;-3.25;-40.25;0.0
2026-05-07;-3.25;-39.75;0.0
2026-05-07;-3.25;-39.25;0.0
2026-05-07;-3.25;-38.75;0.0
2026-05-07;-3.25;-38.25;
2026-05-07;-3.25;-37.75;
2026-05-07;-3.25;-37.25;
2026-05-07;-2.75;-41.25;0.0
2026-05-07;-2.75;-40.75;0.0
2026-05-07;-2.75;-40.25;0.0
2026-05-07;-2.75;-39.75;0.0
2026-05-07;-2.75;-39.25;
2026-05-07;-2.75;-38.75;
2026-05-07;-2.75;-38.25;
2026-05-07;-2.75;-37.75;
2026-05-07;-2.75;-37.25;
2026-05-08;-7.75;-41.25;0.0
2026-05-08;-7.75;-40.75;0.0
2026-05-08;-7.75;-40.25;0.0
2026-05-08;-7.75;-39.75;0.0
2026-05-08;-7.75;-39.25;0.0
2026-05-08;-7.75;-38.75;0.0
2026-05-08;-7.75;-38.25;0.0
2026-05-08;-7.75;-37.75;1.378027558326721
2026-05-08;-7.75;-37.25;4.094990730285645
2026-05-08;-7.25;-41.25;0.0
2026-05-08;-7.25;-40.75;0.0
2026-05-08;-7.25;-40.25;0.0
2026-05-08;-7.25;-39.75;0.0
2026-05-08;-7.25;-39.25;0.0
2026-05-08;-7.25;-38.75;0.0
2026-05-08;-7.25;-38.25;0.0
2026-05-08;-7.25;-37.75;0.0
2026-05-08;-7.25;-37.25;0.0
2026-05-08;-6.75;-41.25;0.0
2026-05-08;-6.75;-40.75;0.0
2026-05-08;-6.75;-40.25;0.0
2026-05-08;-6.75;-39.75;0.0
2026-05-08;-6.75;-39.25;0.0
2026-05-08;-6.75;-38.75;0.0
2026-05-08;-6.75;-38.25;0.0
2026-05-08;-6.75;-37.75;0.0
2026-05-08;-6.75;-37.25;1.147073268890381
2026-05-08;-6.25;-41.25;0.0
2026-05-08;-6.25;-40.75;0.0
2026-05-08;-6.25;-40.25;0.0
2026-05-08;-6.25;-39.75;0.0
2026-05-08;-6.25;-39.25;0.0
2026-05-08;-6.25;-38.75;0.0
2026-05-08;-6.25;-38.25;0.0
2026-05-08;-6.25;-37.75;0.0
2026-05-08;-6.25;-37.25;6.89366340637207
2026-05-08;-5.75;-41.25;0.0
2026-05-08;-5.75;-40.75;0.0
2026-05-08;-5.75;-40.25;0.0
2026-05-08;-5.75;-39.75;0.0
2026-05-08;-5.75;-39.25;0.0
2026-05-08;-5.75;-38.75;0.6398968696594238
2026-05-08;-5.75;-38.25;0.6843379735946655
2026-05-08;-5.75;-37.75;0.5426079630851746
2026-05-08;-5.75;-37.25;13.68311595916748
2026-05-08;-5.25;-41.25;0.0
2026-05-08;-5.25;-40.75;0.0
2026-05-08;-5.25;-40.25;0.0
2026-05-08;-5.25;-39.75;0.0
2026-05-08;-5.25;-39.25;0.0
2026-05-08;-5.25;-38.75;1.405726790428162
2026-05-08;-5.25;-38.25;2.717191219329834
2026-05-08;-5.25;-37.75;3.445684909820557
2026-05-08;-5.25;-37.25;24.34821510314941
2026-05-08;-4.75;-41.25;0.0
2026-05-08;-4.75;-40.75;0.0
2026-05-08;-4.75;-40.25;0.0
2026-05-08;-4.75;-39.75;0.0
2026-05-08;-4.75;-39.25;0.0
2026-05-08;-4.75;-38.75;3.454267740249634
2026-05-08;-4.75;-38.25;5.548823833465576
2026-05-08;-4.75;-37.75;7.204801559448242
2026-05-08;-4.75;-37.25;16.91190338134766
2026-05-08;-4.25;-41.25;0.0
2026-05-08;-4.25;-40.75;0.0
2026-05-08;-4.25;-40.25;0.0
2026-05-08;-4.25;-39.75;0.5878756642341614
2026-05-08;-4.25;-39.25;3.803758382797241
2026-05-08;-4.25;-38.75;7.348345279693604
2026-05-08;-4.25;-38.25;8.303513526916504
2026-05-08;-4.25;-37.75;8.875314712524414
2026-05-08;-4.25;-37.25;
2026-05-08;-3.75;-41.25;0.4898489713668823
2026-05-08;-3.75;-40.75;2.373327493667603
2026-05-08;-3.75;-40.25;3.12611198425293
2026-05-08;-3.75;-39.75;5.7803955078125
2026-05-08;-3.75;-39.25;7.620386600494385
2026-05-08;-3.75;-38.75;9.420644760131836
2026-05-08;-3.75;-38.25;9.69397258758545
2026-05-08;-3.75;-37.75;
2026-05-08;-3.75;-37.25;
2026-05-08;-3.25;-41.25;2.101972103118896
2026-05-08;-3.25;-40.75;5.390504837036133
2026-05-08;-3.25;-40.25;6.531102657318115
2026-05-08;-3.25;-39.75;7.165472030639648
2026-05-08;-3.25;-39.25;8.307862281799316
2026-05-08;-3.25;-38.75;9.294113159179688
2026-05-08;-3.25;-38.25;
2026-05-08;-3.25;-37.75;
2026-05-08;-3.25;-37.25;
2026-05-08;-2.75;-41.25;50.60424423217773
2026-05-08;-2.75;-40.75;8.347140312194824
2026-05-08;-2.75;-40.25;8.0696439743042
2026-05-08;-2.75;-39.75;8.050357818603516
2026-05-08;-2.75;-39.25;
2026-05-08;-2.75;-38.75;
2026-05-08;-2.75;-38.25;
2026-05-08;-2.75;-37.75;
2026-05-08;-2.75;-37.25;
2026-05-09;-7.75;-41.25;0.9904746413230896
2026-05-09;-7.75;-40.75;11.63397312164307
2026-05-09;-7.75;-40.25;14.17358684539795
2026-05-09;-7.75;-39.75;5.544876575469971
2026-05-09;-7.75;-39.25;2.2960524559021
2026-05-09;-7.75;-38.75;4.810085773468018
2026-05-09;-7.75;-38.25;7.291042804718018
2026-05-09;-7.75;-37.75;4.75203800201416
2026-05-09;-7.75;-37.25;5.394867420196533
2026-05-09;-7.25;-41.25;1.347305655479431
2026-05-09;-7.25;-40.75;23.58431434631348
2026-05-09;-7.25;-40.25;35.77256011962891
2026-05-09;-7.25;-39.75;23.63787651062012
2026-05-09;-7.25;-39.25;6.160011768341064
2026-05-09;-7.25;-38.75;3.392383813858032
2026-05-09;-7.25;-38.25;5.707053184509277
2026-05-09;-7.25;-37.75;3.544594287872314
2026-05-09;-7.25;-37.25;2.140455007553101
2026-05-09;-6.75;-41.25;2.051170110702515
2026-05-09;-6.75;-40.75;32.73545074462891
2026-05-09;-6.75;-40.25;48.21173477172852
2026-05-09;-6.75;-39.75;44.52071762084961
2026-05-09;-6.75;-39.25;38.69830703735352
2026-05-09;-6.75;-38.75;23.32854461669922
2026-05-09;-6.75;-38.25;12.27778625488281
2026-05-09;-6.75;-37.75;11.53769683837891
2026-05-09;-6.75;-37.25;21.8531379699707
2026-05-09;-6.25;-41.25;0.7957888841629028
2026-05-09;-6.25;-40.75;27.76004409790039
2026-05-09;-6.25;-40.25;49.44269943237305
2026-05-09;-6.25;-39.75;56.12074661254883
2026-05-09;-6.25;-39.25;95.58183288574219
2026-05-09;-6.25;-38.75;59.82285690307617
2026-05-09;-6.25;-38.25;30.84191513061523
2026-05-09;-6.25;-37.75;28.45171737670898
2026-05-09;-6.25;-37.25;40.26850128173828
2026-05-09;-5.75;-41.25;0.3757375180721283
2026-05-09;-5.75;-40.75;4.691305637359619
2026-05-09;-5.75;-40.25;26.32911491394043
2026-05-09;-5.75;-39.75;30.88637733459473
2026-05-09;-5.75;-39.25;27.3484935760498
2026-05-09;-5.75;-38.75;27.260498046875
2026-05-09;-5.75;-38.25;16.65087890625
2026-05-09;-5.75;-37.75;18.90388488769531
2026-05-09;-5.75;-37.25;11.70918560028076
2026-05-09;-5.25;-41.25;0.2485014349222183
2026-05-09;-5.25;-40.75;0.0
2026-05-09;-5.25;-40.25;8.430708885192871
2026-05-09;-5.25;-39.75;24.15085983276367
2026-05-09;-5.25;-39.25;33.82791137695312
2026-05-09;-5.25;-38.75;29.83065223693848
2026-05-09;-5.25;-38.25;22.21036529541016
2026-05-09;-5.25;-37.75;23.22651481628418
2026-05-09;-5.25;-37.25;9.832833290100098
2026-05-09;-4.75;-41.25;0.6114632487297058
2026-05-09;-4.75;-40.75;1.530207514762878
2026-05-09;-4.75;-40.25;1.682888746261597
2026-05-09;-4.75;-39.75;18.21645736694336
2026-05-09;-4.75;-39.25;42.21567916870117
2026-05-09;-4.75;-38.75;51.19355010986328
2026-05-09;-4.75;-38.25;64.39634704589844
2026-05-09;-4.75;-37.75;107.8654479980469
2026-05-09;-4.75;-37.25;70.51850891113281
2026-05-09;-4.25;-41.25;0.7495456337928772
2026-05-09;-4.25;-40.75;2.51336145401001
2026-05-09;-4.25;-40.25;0.662234365940094
2026-05-09;-4.25;-39.75;12.8419132232666
2026-05-09;-4.25;-39.25;77.1910629272461
2026-05-09;-4.25;-38.75;110.7523193359375
2026-05-09;-4.25;-38.25;113.3737869262695
2026-05-09;-4.25;-37.75;125.3838729858398
2026-05-09;-4.25;-37.25;
2026-05-09;-3.75;-41.25;0.0
2026-05-09;-3.75;-40.75;1.850126624107361
2026-05-09;-3.75;-40.25;31.59420013427734
2026-05-09;-3.75;-39.75;71.98511505126953
2026-05-09;-3.75;-39.25;101.3879241943359
2026-05-09;-3.75;-38.75;128.244384765625
2026-05-09;-3.75;-38.25;134.9349212646484
2026-05-09;-3.75;-37.75;
2026-05-09;-3.75;-37.25;
2026-05-09;-3.25;-41.25;0.0
2026-05-09;-3.25;-40.75;31.96907424926758
2026-05-09;-3.25;-40.25;199.0193634033203
2026-05-09;-3.25;-39.75;199.0040740966797
2026-05-09;-3.25;-39.25;137.0585632324219
2026-05-09;-3.25;-38.75;128.5625152587891
2026-05-09;-3.25;-38.25;
2026-05-09;-3.25;-37.75;
2026-05-09;-3.25;-37.25;
2026-05-09;-2.75;-41.25;3.022947549819946
2026-05-09;-2.75;-40.75;74.22575378417969
2026-05-09;-2.75;-40.25;240.8970489501953
2026-05-09;-2.75;-39.75;268.352783203125
2026-05-09;-2.75;-39.25;
2026-05-09;-2.75;-38.75;
2026-05-09;-2.75;-38.25;
2026-05-09;-2.75;-37.75;
2026-05-09;-2.75;-37.25;
2026-05-10;-7.75;-41.25;0.0
2026-05-10;-7.75;-40.75;1.818153500556946
2026-05-10;-7.75;-40.25;22.40556716918945
2026-05-10;-7.75;-39.75;35.1883544921875
2026-05-10;-7.75;-39.25;57.41411972045898
2026-05-10;-7.75;-38.75;55.40838623046875
2026-05-10;-7.75;-38.25;17.32715797424316
2026-05-10;-7.75;-37.75;23.05574607849121
2026-05-10;-7.75;-37.25;14.82149314880371
2026-05-10;-7.25;-41.25;1.831838726997375
2026-05-10;-7.25;-40.75;63.63156890869141
2026-05-10;-7.25;-40.25;205.3064270019531
2026-05-10;-7.25;-39.75;184.1465606689453
2026-05-10;-7.25;-39.25;108.4388122558594
2026-05-10;-7.25;-38.75;163.8539733886719
2026-05-10;-7.25;-38.25;30.95538139343262
2026-05-10;-7.25;-37.75;19.28484916687012
2026-05-10;-7.25;-37.25;14.08099937438965
2026-05-10;-6.75;-41.25;4.844717025756836
2026-05-10;-6.75;-40.75;143.5183410644531
2026-05-10;-6.75;-40.25;292.2850952148438
2026-05-10;-6.75;-39.75;283.5385437011719
2026-05-10;-6.75;-39.25;239.7814788818359
2026-05-10;-6.75;-38.75;221.8421478271484
2026-05-10;-6.75;-38.25;54.42318725585938
2026-05-10;-6.75;-37.75;19.34804725646973
2026-05-10;-6.75;-37.25;20.84375
2026-05-10;-6.25;-41.25;13.81928634643555
2026-05-10;-6.25;-40.75;124.7217712402344
2026-05-10;-6.25;-40.25;279.263916015625
2026-05-10;-6.25;-39.75;266.4164733886719
2026-05-10;-6.25;-39.25;155.3998260498047
2026-05-10;-6.25;-38.75;44.25725936889648
2026-05-10;-6.25;-38.25;34.16690826416016
2026-05-10;-6.25;-37.75;35.53347396850586
2026-05-10;-6.25;-37.25;86.91264343261719
2026-05-10;-5.75;-41.25;23.71294975280762
2026-05-10;-5.75;-40.75;29.21601295471191
2026-05-10;-5.75;-40.25;124.7538909912109
2026-05-10;-5.75;-39.75;96.42552185058594
2026-05-10;-5.75;-39.25;41.85177993774414
2026-05-10;-5.75;-38.75;65.02239990234375
2026-05-10;-5.75;-38.25;109.1657333374023
2026-05-10;-5.75;-37.75;85.29275512695312
2026-05-10;-5.75;-37.25;106.1360321044922
2026-05-10;-5.25;-41.25;4.610282897949219
2026-05-10;-5.25;-40.75;0.407884418964386
2026-05-10;-5.25;-40.25;17.99283599853516
2026-05-10;-5.25;-39.75;37.56024551391602
2026-05-10;-5.25;-39.25;51.72669982910156
2026-05-10;-5.25;-38.75;73.6314697265625
2026-05-10;-5.25;-38.25;58.75543975830078
2026-05-10;-5.25;-37.75;43.58997344970703
2026-05-10;-5.25;-37.25;47.90787887573242
2026-05-10;-4.75;-41.25;4.58888053894043
2026-05-10;-4.75;-40.75;0.2997768223285675
2026-05-10;-4.75;-40.25;7.069093704223633
2026-05-10;-4.75;-39.75;33.80825805664062
2026-05-10;-4.75;-39.25;51.5629997253418
2026-05-10;-4.75;-38.75;33.38792419433594
2026-05-10;-4.75;-38.25;27.15531539916992
2026-05-10;-4.75;-37.75;26.03348922729492
2026-05-10;-4.75;-37.25;33.98042678833008
2026-05-10;-4.25;-41.25;23.89336204528809
2026-05-10;-4.25;-40.75;6.801065444946289
2026-05-10;-4.25;-40.25;10.88424873352051
2026-05-10;-4.25;-39.75;29.07769775390625
2026-05-10;-4.25;-39.25;32.80120468139648
2026-05-10;-4.25;-38.75;49.38402557373047
2026-05-10;-4.25;-38.25;46.39168930053711
2026-05-10;-4.25;-37.75;31.56171035766602
2026-05-10;-4.25;-37.25;
2026-05-10;-3.75;-41.25;51.34577560424805
2026-05-10;-3.75;-40.75;72.88856506347656
2026-05-10;-3.75;-40.25;102.7036666870117
2026-05-10;-3.75;-39.75;75.83325958251953
2026-05-10;-3.75;-39.25;28.83807754516602
2026-05-10;-3.75;-38.75;60.48130035400391
2026-05-10;-3.75;-38.25;68.57971954345703
2026-05-10;-3.75;-37.75;
2026-05-10;-3.75;-37.25;
2026-05-10;-3.25;-41.25;57.97876358032227
2026-05-10;-3.25;-40.75;97.34290313720703
2026-05-10;-3.25;-40.25;143.6072235107422
2026-05-10;-3.25;-39.75;109.026725769043
2026-05-10;-3.25;-39.25;58.80411911010742
2026-05-10;-3.25;-38.75;57.01808547973633
2026-05-10;-3.25;-38.25;
2026-05-10;-3.25;-37.75;
2026-05-10;-3.25;-37.25;
2026-05-10;-2.75;-41.25;71.32469177246094
2026-05-10;-2.75;-40.75;85.06916046142578
2026-05-10;-2.75;-40.25;116.1516189575195
2026-05-10;-2.75;-39.75;114.3023300170898
2026-05-10;-2.75;-39.25;
2026-05-10;-2.75;-38.75;
2026-05-10;-2.75;-38.25;
2026-05-10;-2.75;-37.75;
2026-05-10;-2.75;-37.25;
2026-05-11;-7.75;-41.25;1.44262170791626
2026-05-11;-7.75;-40.75;5.193020820617676
2026-05-11;-7.75;-40.25;12.58983898162842
2026-05-11;-7.75;-39.75;16.84427642822266
2026-05-11;-7.75;-39.25;29.72907447814941
2026-05-11;-7.75;-38.75;23.97651100158691
2026-05-11;-7.75;-38.25;12.19698524475098
2026-05-11;-7.75;-37.75;48.91490173339844
2026-05-11;-7.75;-37.25;84.72257232666016
2026-05-11;-7.25;-41.25;10.27714729309082
2026-05-11;-7.25;-40.75;10.32492542266846
2026-05-11;-7.25;-40.25;13.88671970367432
2026-05-11;-7.25;-39.75;22.7040843963623
2026-05-11;-7.25;-39.25;39.72345352172852
2026-05-11;-7.25;-38.75;39.73041152954102
2026-05-11;-7.25;-38.25;17.20016479492188
2026-05-11;-7.25;-37.75;183.9018707275391
2026-05-11;-7.25;-37.25;708.8040161132812
2026-05-11;-6.75;-41.25;25.95088958740234
2026-05-11;-6.75;-40.75;21.45958137512207
2026-05-11;-6.75;-40.25;13.08483409881592
2026-05-11;-6.75;-39.75;15.47327995300293
2026-05-11;-6.75;-39.25;25.43472099304199
2026-05-11;-6.75;-38.75;40.66423797607422
2026-05-11;-6.75;-38.25;52.11960220336914
2026-05-11;-6.75;-37.75;65.62811279296875
2026-05-11;-6.75;-37.25;434.8885498046875
2026-05-11;-6.25;-41.25;32.63485336303711
2026-05-11;-6.25;-40.75;27.50888633728027
2026-05-11;-6.25;-40.25;12.9293851852417
2026-05-11;-6.25;-39.75;14.24458026885986
2026-05-11;-6.25;-39.25;28.1191349029541
2026-05-11;-6.25;-38.75;35.63207626342773
2026-05-11;-6.25;-38.25;40.50688552856445
2026-05-11;-6.25;-37.75;18.57848739624023
2026-05-11;-6.25;-37.25;89.0659408569336
2026-05-11;-5.75;-41.25;35.47289657592773
2026-05-11;-5.75;-40.75;39.3448600769043
2026-05-11;-5.75;-40.25;18.13931274414062
2026-05-11;-5.75;-39.75;12.53885650634766
2026-05-11;-5.75;-39.25;12.86814022064209
2026-05-11;-5.75;-38.75;27.58708190917969
2026-05-11;-5.75;-38.25;21.76777458190918
2026-05-11;-5.75;-37.75;14.51411533355713
2026-05-11;-5.75;-37.25;20.94472694396973
2026-05-11;-5.25;-41.25;42.47649765014648
2026-05-11;-5.25;-40.75;44.94856643676758
2026-05-11;-5.25;-40.25;30.27193450927734
2026-05-11;-5.25;-39.75;22.0903263092041
2026-05-11;-5.25;-39.25;28.95097351074219
2026-05-11;-5.25;-38.75;41.24602127075195
2026-05-11;-5.25;-38.25;34.67008590698242
2026-05-11;-5.25;-37.75;39.71464157104492
2026-05-11;-5.25;-37.25;21.94631004333496
2026-05-11;-4.75;-41.25;65.20745086669922
2026-05-11;-4.75;-40.75;54.98363876342773
2026-05-11;-4.75;-40.25;38.80080413818359
2026-05-11;-4.75;-39.75;28.55545043945312
2026-05-11;-4.75;-39.25;42.32411575317383
2026-05-11;-4.75;-38.75;63.55400848388672
2026-05-11;-4.75;-38.25;77.01116180419922
2026-05-11;-4.75;-37.75;106.525146484375
2026-05-11;-4.75;-37.25;70.71051025390625
2026-05-11;-4.25;-41.25;144.9363708496094
2026-05-11;-4.25;-40.75;72.56636047363281
2026-05-11;-4.25;-40.25;45.53945922851562
2026-05-11;-4.25;-39.75;50.49031448364258
2026-05-11;-4.25;-39.25;132.1433715820312
2026-05-11;-4.25;-38.75;125.4374237060547
2026-05-11;-4.25;-38.25;108.4880142211914
2026-05-11;-4.25;-37.75;118.484504699707
2026-05-11;-4.25;-37.25;
2026-05-11;-3.75;-41.25;131.4275970458984
2026-05-11;-3.75;-40.75;77.98217010498047
2026-05-11;-3.75;-40.25;104.5312423706055
2026-05-11;-3.75;-39.75;110.0901336669922
2026-05-11;-3.75;-39.25;190.8524780273438
2026-05-11;-3.75;-38.75;146.400146484375
2026-05-11;-3.75;-38.25;124.05029296875
2026-05-11;-3.75;-37.75;
2026-05-11;-3.75;-37.25;
2026-05-11;-3.25;-41.25;14.58070659637451
2026-05-11;-3.25;-40.75;16.08165740966797
2026-05-11;-3.25;-40.25;47.06725692749023
2026-05-11;-3.25;-39.75;85.39861297607422
2026-05-11;-3.25;-39.25;153.8201599121094
2026-05-11;-3.25;-38.75;153.8052978515625
2026-05-11;-3.25;-38.25;
2026-05-11;-3.25;-37.75;
2026-05-11;-3.25;-37.25;
2026-05-11;-2.75;-41.25;3.843012809753418
2026-05-11;-2.75;-40.75;16.57478713989258
2026-05-11;-2.75;-40.25;36.3328742980957
2026-05-11;-2.75;-39.75;56.65166473388672
2026-05-11;-2.75;-39.25;
2026-05-11;-2.75;-38.75;
2026-05-11;-2.75;-38.25;
2026-05-11;-2.75;-37.75;
2026-05-11;-2.75;-37.25;
2026-05-12;-7.75;-41.25;0.0
2026-05-12;-7.75;-40.75;0.0
2026-05-12;-7.75;-40.25;0.0
2026-05-12;-7.75;-39.75;0.4915137588977814
2026-05-12;-7.75;-39.25;0.9104501008987427
2026-05-12;-7.75;-38.75;0.666100025177002
2026-05-12;-7.75;-38.25;0.0
2026-05-12;-7.75;-37.75;0.5257755517959595
2026-05-12;-7.75;-37.25;1.197660803794861
2026-05-12;-7.25;-41.25;0.0
2026-05-12;-7.25;-40.75;0.0
2026-05-12;-7.25;-40.25;0.0
2026-05-12;-7.25;-39.75;0.0
2026-05-12;-7.25;-39.25;0.0
2026-05-12;-7.25;-38.75;1.662859559059143
2026-05-12;-7.25;-38.25;2.898029565811157
2026-05-12;-7.25;-37.75;1.263257265090942
2026-05-12;-7.25;-37.25;0.2867801189422607
2026-05-12;-6.75;-41.25;0.0
2026-05-12;-6.75;-40.75;0.4705192744731903
2026-05-12;-6.75;-40.25;6.790413379669189
2026-05-12;-6.75;-39.75;3.39353609085083
2026-05-12;-6.75;-39.25;5.733108043670654
2026-05-12;-6.75;-38.75;4.534902572631836
2026-05-12;-6.75;-38.25;10.65778255462646
2026-05-12;-6.75;-37.75;2.121469736099243
2026-05-12;-6.75;-37.25;9.352532386779785
2026-05-12;-6.25;-41.25;0.0
2026-05-12;-6.25;-40.75;0.8906823992729187
2026-05-12;-6.25;-40.25;11.5449047088623
2026-05-12;-6.25;-39.75;23.74746894836426
2026-05-12;-6.25;-39.25;53.98850631713867
2026-05-12;-6.25;-38.75;16.28712463378906
2026-05-12;-6.25;-38.25;12.74930667877197
2026-05-12;-6.25;-37.75;2.23691725730896
2026-05-12;-6.25;-37.25;9.082003593444824
2026-05-12;-5.75;-41.25;0.0
2026-05-12;-5.75;-40.75;0.0
2026-05-12;-5.75;-40.25;0.3449643850326538
2026-05-12;-5.75;-39.75;13.92671585083008
2026-05-12;-5.75;-39.25;17.70029830932617
2026-05-12;-5.75;-38.75;16.24208068847656
2026-05-12;-5.75;-38.25;10.96966457366943
2026-05-12;-5.75;-37.75;4.233535289764404
2026-05-12;-5.75;-37.25;0.6854715943336487
2026-05-12;-5.25;-41.25;0.0
2026-05-12;-5.25;-40.75;0.8308769464492798
2026-05-12;-5.25;-40.25;3.978063583374023
2026-05-12;-5.25;-39.75;2.527216672897339
2026-05-12;-5.25;-39.25;0.503219485282898
2026-05-12;-5.25;-38.75;4.565790176391602
2026-05-12;-5.25;-38.25;7.139255046844482
2026-05-12;-5.25;-37.75;4.031031608581543
2026-05-12;-5.25;-37.25;0.20517697930336
2026-05-12;-4.75;-41.25;0.5275899171829224
2026-05-12;-4.75;-40.75;5.710532665252686
2026-05-12;-4.75;-40.25;17.09776878356934
2026-05-12;-4.75;-39.75;12.44154834747314
2026-05-12;-4.75;-39.25;2.473488569259644
2026-05-12;-4.75;-38.75;5.845357894897461
2026-05-12;-4.75;-38.25;4.46390438079834
2026-05-12;-4.75;-37.75;0.5504274964332581
2026-05-12;-4.75;-37.25;0.0
2026-05-12;-4.25;-41.25;3.577913761138916
2026-05-12;-4.25;-40.75;14.32794666290283
2026-05-12;-4.25;-40.25;21.95366668701172
2026-05-12;-4.25;-39.75;21.07989692687988
2026-05-12;-4.25;-39.25;12.47853660583496
2026-05-12;-4.25;-38.75;14.09482192993164
2026-05-12;-4.25;-38.25;10.34448623657227
2026-05-12;-4.25;-37.75;3.481909990310669
2026-05-12;-4.25;-37.25;
2026-05-12;-3.75;-41.25;3.551749229431152
2026-05-12;-3.75;-40.75;9.85053539276123
2026-05-12;-3.75;-40.25;14.73391056060791
2026-05-12;-3.75;-39.75;18.98247528076172
2026-05-12;-3.75;-39.25;10.69346714019775
2026-05-12;-3.75;-38.75;16.60478210449219
2026-05-12;-3.75;-38.25;17.29958534240723
2026-05-12;-3.75;-37.75;
2026-05-12;-3.75;-37.25;
2026-05-12;-3.25;-41.25;1.646228432655334
2026-05-12;-3.25;-40.75;9.150306701660156
2026-05-12;-3.25;-40.25;38.86489486694336
2026-05-12;-3.25;-39.75;36.82853317260742
2026-05-12;-3.25;-39.25;19.41901016235352
2026-05-12;-3.25;-38.75;16.22619438171387
2026-05-12;-3.25;-38.25;
2026-05-12;-3.25;-37.75;
2026-05-12;-3.25;-37.25;
2026-05-12;-2.75;-41.25;1.138012528419495
2026-05-12;-2.75;-40.75;15.6732234954834
2026-05-12;-2.75;-40.25;46.47230911254883
2026-05-12;-2.75;-39.75;50.33195495605469
2026-05-12;-2.75;-39.25;
2026-05-12;-2.75;-38.75;
2026-05-12;-2.75;-38.25;
2026-05-12;-2.75;-37.75;
2026-05-12;-2.75;-37.25;
2026-05-13;-7.75;-41.25;0.0
2026-05-13;-7.75;-40.75;0.0
2026-05-13;-7.75;-40.25;0.4898048937320709
2026-05-13;-7.75;-39.75;0.4034933745861053
2026-05-13;-7.75;-39.25;0.3973253965377808
2026-05-13;-7.75;-38.75;0.0
2026-05-13;-7.75;-38.25;0.0
2026-05-13;-7.75;-37.75;0.4881099462509155
2026-05-13;-7.75;-37.25;0.2436377704143524
2026-05-13;-7.25;-41.25;0.0
2026-05-13;-7.25;-40.75;1.794080495834351
2026-05-13;-7.25;-40.25;10.05712985992432
2026-05-13;-7.25;-39.75;11.24970054626465
2026-05-13;-7.25;-39.25;6.927170753479004
2026-05-13;-7.25;-38.75;10.14223861694336
2026-05-13;-7.25;-38.25;4.190633296966553
2026-05-13;-7.25;-37.75;12.40597057342529
2026-05-13;-7.25;-37.25;11.40887451171875
2026-05-13;-6.75;-41.25;0.5737892985343933
2026-05-13;-6.75;-40.75;5.144540786743164
2026-05-13;-6.75;-40.25;13.28710460662842
2026-05-13;-6.75;-39.75;15.33448886871338
2026-05-13;-6.75;-39.25;28.03655052185059
2026-05-13;-6.75;-38.75;40.81814193725586
2026-05-13;-6.75;-38.25;30.77611541748047
2026-05-13;-6.75;-37.75;70.95552825927734
2026-05-13;-6.75;-37.25;142.1355895996094
2026-05-13;-6.25;-41.25;12.11543655395508
2026-05-13;-6.25;-40.75;11.51910781860352
2026-05-13;-6.25;-40.25;15.93694400787354
2026-05-13;-6.25;-39.75;15.58636569976807
2026-05-13;-6.25;-39.25;12.93278789520264
2026-05-13;-6.25;-38.75;28.49759483337402
2026-05-13;-6.25;-38.25;71.40426635742188
2026-05-13;-6.25;-37.75;128.2920532226562
2026-05-13;-6.25;-37.25;176.4561614990234
2026-05-13;-5.75;-41.25;47.29647064208984
2026-05-13;-5.75;-40.75;42.26777648925781
2026-05-13;-5.75;-40.25;58.59397888183594
2026-05-13;-5.75;-39.75;77.86488342285156
2026-05-13;-5.75;-39.25;83.92151641845703
2026-05-13;-5.75;-38.75;113.8859481811523
2026-05-13;-5.75;-38.25;141.8886260986328
2026-05-13;-5.75;-37.75;84.99837493896484
2026-05-13;-5.75;-37.25;47.60293960571289
2026-05-13;-5.25;-41.25;57.80462646484375
2026-05-13;-5.25;-40.75;40.67339706420898
2026-05-13;-5.25;-40.25;75.42788696289062
2026-05-13;-5.25;-39.75;141.3993225097656
2026-05-13;-5.25;-39.25;167.7357330322266
2026-05-13;-5.25;-38.75;126.8291625976562
2026-05-13;-5.25;-38.25;69.87711334228516
2026-05-13;-5.25;-37.75;26.42336273193359
2026-05-13;-5.25;-37.25;25.8980598449707
2026-05-13;-4.75;-41.25;36.37643051147461
2026-05-13;-4.75;-40.75;20.41240310668945
2026-05-13;-4.75;-40.25;20.36078643798828
2026-05-13;-4.75;-39.75;86.78016662597656
2026-05-13;-4.75;-39.25;154.4223022460938
2026-05-13;-4.75;-38.75;78.9995346069336
2026-05-13;-4.75;-38.25;64.00830841064453
2026-05-13;-4.75;-37.75;115.5008773803711
2026-05-13;-4.75;-37.25;86.0925521850586
2026-05-13;-4.25;-41.25;4.941473484039307
2026-05-13;-4.25;-40.75;13.2493782043457
2026-05-13;-4.25;-40.25;9.736234664916992
2026-05-13;-4.25;-39.75;13.37324714660645
2026-05-13;-4.25;-39.25;48.35196685791016
2026-05-13;-4.25;-38.75;31.48251342773438
2026-05-13;-4.25;-38.25;53.66559219360352
2026-05-13;-4.25;-37.75;112.1490783691406
2026-05-13;-4.25;-37.25;
2026-05-13;-3.75;-41.25;0.8239213824272156
2026-05-13;-3.75;-40.75;6.744483470916748
2026-05-13;-3.75;-40.25;8.503668785095215
2026-05-13;-3.75;-39.75;20.28440284729004
2026-05-13;-3.75;-39.25;37.86197662353516
2026-05-13;-3.75;-38.75;16.25834083557129
2026-05-13;-3.75;-38.25;20.58996200561523
2026-05-13;-3.75;-37.75;
2026-05-13;-3.75;-37.25;
2026-05-13;-3.25;-41.25;0.2445423752069473
2026-05-13;-3.25;-40.75;6.044394016265869
2026-05-13;-3.25;-40.25;25.53425025939941
2026-05-13;-3.25;-39.75;30.1728515625
2026-05-13;-3.25;-39.25;32.94989395141602
2026-05-13;-3.25;-38.75;21.4616584777832
2026-05-13;-3.25;-38.25;
2026-05-13;-3.25;-37.75;
2026-05-13;-3.25;-37.25;
2026-05-13;-2.75;-41.25;1.172817707061768
2026-05-13;-2.75;-40.75;10.93055820465088
2026-05-13;-2.75;-40.25;26.18521499633789
2026-05-13;-2.75;-39.75;31.7933349609375
2026-05-13;-2.75;-39.25;
2026-05-13;-2.75;-38.75;
2026-05-13;-2.75;-38.25;
2026-05-13;-2.75;-37.75;
2026-05-13;-2.75;-37.25;
2026-05-14;-7.75;-41.25;0.0
2026-05-14;-7.75;-40.75;0.0
2026-05-14;-7.75;-40.25;0.3553550541400909
2026-05-14;-7.75;-39.75;0.0
2026-05-14;-7.75;-39.25;0.0
2026-05-14;-7.75;-38.75;0.0
2026-05-14;-7.75;-38.25;0.0
2026-05-14;-7.75;-37.75;0.4011932909488678
2026-05-14;-7.75;-37.25;0.7405343055725098
2026-05-14;-7.25;-41.25;0.0
2026-05-14;-7.25;-40.75;2.115488290786743
2026-05-14;-7.25;-40.25;11.80322742462158
2026-05-14;-7.25;-39.75;7.45768404006958
2026-05-14;-7.25;-39.25;0.5920435786247253
2026-05-14;-7.25;-38.75;0.4966239333152771
2026-05-14;-7.25;-38.25;0.0
2026-05-14;-7.25;-37.75;0.0
2026-05-14;-7.25;-37.25;0.0
2026-05-14;-6.75;-41.25;0.0
2026-05-14;-6.75;-40.75;7.796532154083252
2026-05-14;-6.75;-40.25;19.31097602844238
2026-05-14;-6.75;-39.75;16.17825126647949
2026-05-14;-6.75;-39.25;7.68336009979248
2026-05-14;-6.75;-38.75;0.2393874973058701
2026-05-14;-6.75;-38.25;0.0
2026-05-14;-6.75;-37.75;0.0
2026-05-14;-6.75;-37.25;0.0
2026-05-14;-6.25;-41.25;0.0
2026-05-14;-6.25;-40.75;6.237031936645508
2026-05-14;-6.25;-40.25;18.60681533813477
2026-05-14;-6.25;-39.75;17.77287483215332
2026-05-14;-6.25;-39.25;8.677404403686523
2026-05-14;-6.25;-38.75;1.136536478996277
2026-05-14;-6.25;-38.25;7.15834379196167
2026-05-14;-6.25;-37.75;5.339413166046143
2026-05-14;-6.25;-37.25;12.03315448760986
2026-05-14;-5.75;-41.25;0.0
2026-05-14;-5.75;-40.75;0.6704704165458679
2026-05-14;-5.75;-40.25;6.209297657012939
2026-05-14;-5.75;-39.75;5.476506233215332
2026-05-14;-5.75;-39.25;3.481309413909912
2026-05-14;-5.75;-38.75;37.76394271850586
2026-05-14;-5.75;-38.25;63.58731842041016
2026-05-14;-5.75;-37.75;24.40842437744141
2026-05-14;-5.75;-37.25;15.17125034332275
2026-05-14;-5.25;-41.25;0.0
2026-05-14;-5.25;-40.75;0.0
2026-05-14;-5.25;-40.25;0.0
2026-05-14;-5.25;-39.75;0.0
2026-05-14;-5.25;-39.25;2.944447994232178
2026-05-14;-5.25;-38.75;42.27204895019531
2026-05-14;-5.25;-38.25;38.86900329589844
2026-05-14;-5.25;-37.75;13.14745998382568
2026-05-14;-5.25;-37.25;3.231160163879395
2026-05-14;-4.75;-41.25;0.0
2026-05-14;-4.75;-40.75;0.0
2026-05-14;-4.75;-40.25;0.0
2026-05-14;-4.75;-39.75;0.0
2026-05-14;-4.75;-39.25;0.3649082481861115
2026-05-14;-4.75;-38.75;8.216050148010254
2026-05-14;-4.75;-38.25;5.880791187286377
2026-05-14;-4.75;-37.75;1.522479653358459
2026-05-14;-4.75;-37.25;0.0
2026-05-14;-4.25;-41.25;2.148251295089722
2026-05-14;-4.25;-40.75;0.0
2026-05-14;-4.25;-40.25;0.2090882360935211
2026-05-14;-4.25;-39.75;1.099680185317993
2026-05-14;-4.25;-39.25;8.474970817565918
2026-05-14;-4.25;-38.75;9.061888694763184
2026-05-14;-4.25;-38.25;4.611804008483887
2026-05-14;-4.25;-37.75;0.2722504138946533
2026-05-14;-4.25;-37.25;
2026-05-14;-3.75;-41.25;2.839885234832764
2026-05-14;-3.75;-40.75;0.927342414855957
2026-05-14;-3.75;-40.25;2.34460973739624
2026-05-14;-3.75;-39.75;7.553524017333984
2026-05-14;-3.75;-39.25;14.51846408843994
2026-05-14;-3.75;-38.75;11.57580375671387
2026-05-14;-3.75;-38.25;9.164482116699219
2026-05-14;-3.75;-37.75;
2026-05-14;-3.75;-37.25;
2026-05-14;-3.25;-41.25;0.789070188999176
2026-05-14;-3.25;-40.75;2.279073715209961
2026-05-14;-3.25;-40.25;13.70425701141357
2026-05-14;-3.25;-39.75;16.12053680419922
2026-05-14;-3.25;-39.25;14.93690013885498
2026-05-14;-3.25;-38.75;12.74220943450928
2026-05-14;-3.25;-38.25;
2026-05-14;-3.25;-37.75;
2026-05-14;-3.25;-37.25;
2026-05-14;-2.75;-41.25;0.4820617139339447
2026-05-14;-2.75;-40.75;5.83772087097168
2026-05-14;-2.75;-40.25;18.01212310791016
2026-05-14;-2.75;-39.75;20.68062591552734
2026-05-14;-2.75;-39.25;
2026-05-14;-2.75;-38.75;
2026-05-14;-2.75;-38.25;
2026-05-14;-2.75;-37.75;
2026-05-14;-2.75;-37.25;
2026-05-15;-7.75;-41.25;0.0
2026-05-15;-7.75;-40.75;0.0
2026-05-15;-7.75;-40.25;0.0
2026-05-15;-7.75;-39.75;0.0
2026-05-15;-7.75;-39.25;0.0
2026-05-15;-7.75;-38.75;0.0
2026-05-15;-7.75;-38.25;0.0
2026-05-15;-7.75;-37.75;0.0
2026-05-15;-7.75;-37.25;0.0
2026-05-15;-7.25;-41.25;0.0
2026-05-15;-7.25;-40.75;0.0
2026-05-15;-7.25;-40.25;0.0
2026-05-15;-7.25;-39.75;0.0
2026-05-15;-7.25;-39.25;0.0
2026-05-15;-7.25;-38.75;0.0
2026-05-15;-7.25;-38.25;0.0
2026-05-15;-7.25;-37.75;0.0
2026-05-15;-7.25;-37.25;0.0
2026-05-15;-6.75;-41.25;1.196603894233704
2026-05-15;-6.75;-40.75;0.0
2026-05-15;-6.75;-40.25;0.0
2026-05-15;-6.75;-39.75;0.0
2026-05-15;-6.75;-39.25;0.0
2026-05-15;-6.75;-38.75;0.0
2026-05-15;-6.75;-38.25;0.0
2026-05-15;-6.75;-37.75;0.0
2026-05-15;-6.75;-37.25;0.0
2026-05-15;-6.25;-41.25;5.751031398773193
2026-05-15;-6.25;-40.75;1.771121025085449
2026-05-15;-6.25;-40.25;0.0
2026-05-15;-6.25;-39.75;0.0
2026-05-15;-6.25;-39.25;0.0
2026-05-15;-6.25;-38.75;0.0
2026-05-15;-6.25;-38.25;0.0
2026-05-15;-6.25;-37.75;0.0
2026-05-15;-6.25;-37.25;0.0
2026-05-15;-5.75;-41.25;9.331690788269043
2026-05-15;-5.75;-40.75;2.725004196166992
2026-05-15;-5.75;-40.25;0.0
2026-05-15;-5.75;-39.75;0.0
2026-05-15;-5.75;-39.25;0.0
2026-05-15;-5.75;-38.75;0.0
2026-05-15;-5.75;-38.25;0.0
2026-05-15;-5.75;-37.75;0.0
2026-05-15;-5.75;-37.25;0.0
2026-05-15;-5.25;-41.25;12.48649883270264
2026-05-15;-5.25;-40.75;3.174290895462036
2026-05-15;-5.25;-40.25;0.283263236284256
2026-05-15;-5.25;-39.75;0.0
2026-05-15;-5.25;-39.25;0.0
2026-05-15;-5.25;-38.75;0.0
2026-05-15;-5.25;-38.25;0.0
2026-05-15;-5.25;-37.75;0.0
2026-05-15;-5.25;-37.25;0.0
2026-05-15;-4.75;-41.25;14.35825729370117
2026-05-15;-4.75;-40.75;4.321531772613525
2026-05-15;-4.75;-40.25;0.6582809686660767
2026-05-15;-4.75;-39.75;0.0
2026-05-15;-4.75;-39.25;0.0
2026-05-15;-4.75;-38.75;0.0
2026-05-15;-4.75;-38.25;0.0
2026-05-15;-4.75;-37.75;0.0
2026-05-15;-4.75;-37.25;0.0
2026-05-15;-4.25;-41.25;14.90148448944092
2026-05-15;-4.25;-40.75;5.141314029693604
2026-05-15;-4.25;-40.25;1.011924743652344
2026-05-15;-4.25;-39.75;0.0
2026-05-15;-4.25;-39.25;0.0
2026-05-15;-4.25;-38.75;0.0
2026-05-15;-4.25;-38.25;0.0
2026-05-15;-4.25;-37.75;0.0
2026-05-15;-4.25;-37.25;
2026-05-15;-3.75;-41.25;15.26761245727539
2026-05-15;-3.75;-40.75;4.883820056915283
2026-05-15;-3.75;-40.25;1.155222654342651
2026-05-15;-3.75;-39.75;0.0
2026-05-15;-3.75;-39.25;0.0
2026-05-15;-3.75;-38.75;0.0
2026-05-15;-3.75;-38.25;0.0
2026-05-15;-3.75;-37.75;
2026-05-15;-3.75;-37.25;
2026-05-15;-3.25;-41.25;16.15266990661621
2026-05-15;-3.25;-40.75;3.237958669662476
2026-05-15;-3.25;-40.25;0.6604284644126892
2026-05-15;-3.25;-39.75;0.0
2026-05-15;-3.25;-39.25;0.0
2026-05-15;-3.25;-38.75;0.0
2026-05-15;-3.25;-38.25;
2026-05-15;-3.25;-37.75;
2026-05-15;-3.25;-37.25;
2026-05-15;-2.75;-41.25;20.27785873413086
2026-05-15;-2.75;-40.75;0.9137133955955505
2026-05-15;-2.75;-40.25;0.0
2026-05-15;-2.75;-39.75;0.0
2026-05-15;-2.75;-39.25;
2026-05-15;-2.75;-38.75;
2026-05-15;-2.75;-38.25;
2026-05-15;-2.75;-37.75;
2026-05-15;-2.75;-37.25;
2026-05-16;-7.75;-41.25;0.0
2026-05-16;-7.75;-40.75;0.0
2026-05-16;-7.75;-40.25;0.2338113188743591
2026-05-16;-7.75;-39.75;0.7936322093009949
2026-05-16;-7.75;-39.25;2.029636859893799
2026-05-16;-7.75;-38.75;3.027789354324341
2026-05-16;-7.75;-38.25;3.042394876480103
2026-05-16;-7.75;-37.75;2.984547138214111
2026-05-16;-7.75;-37.25;3.010848522186279
2026-05-16;-7.25;-41.25;0.4364000856876373
2026-05-16;-7.25;-40.75;2.732010364532471
2026-05-16;-7.25;-40.25;8.142767906188965
2026-05-16;-7.25;-39.75;10.38391494750977
2026-05-16;-7.25;-39.25;9.097599029541016
2026-05-16;-7.25;-38.75;6.2730393409729
2026-05-16;-7.25;-38.25;3.991517782211304
2026-05-16;-7.25;-37.75;3.066593170166016
2026-05-16;-7.25;-37.25;3.001325130462646
2026-05-16;-6.75;-41.25;11.71175289154053
2026-05-16;-6.75;-40.75;13.14526271820068
2026-05-16;-6.75;-40.25;18.84508895874023
2026-05-16;-6.75;-39.75;18.31510925292969
2026-05-16;-6.75;-39.25;15.30667781829834
2026-05-16;-6.75;-38.75;10.37185096740723
2026-05-16;-6.75;-38.25;5.914463520050049
2026-05-16;-6.75;-37.75;3.449208498001099
2026-05-16;-6.75;-37.25;2.987700939178467
2026-05-16;-6.25;-41.25;56.21716690063477
2026-05-16;-6.25;-40.75;30.96846389770508
2026-05-16;-6.25;-40.25;20.16052055358887
2026-05-16;-6.25;-39.75;20.11225318908691
2026-05-16;-6.25;-39.25;20.18483543395996
2026-05-16;-6.25;-38.75;18.12077331542969
2026-05-16;-6.25;-38.25;10.85670948028564
2026-05-16;-6.25;-37.75;4.619716167449951
2026-05-16;-6.25;-37.25;2.999816417694092
2026-05-16;-5.75;-41.25;90.3176040649414
2026-05-16;-5.75;-40.75;40.90475845336914
2026-05-16;-5.75;-40.25;20.83596992492676
2026-05-16;-5.75;-39.75;21.77483367919922
2026-05-16;-5.75;-39.25;24.90911102294922
2026-05-16;-5.75;-38.75;30.00090026855469
2026-05-16;-5.75;-38.25;27.57223510742188
2026-05-16;-5.75;-37.75;15.52083969116211
2026-05-16;-5.75;-37.25;5.842761516571045
2026-05-16;-5.25;-41.25;118.7735366821289
2026-05-16;-5.25;-40.75;45.59948348999023
2026-05-16;-5.25;-40.25;27.72155570983887
2026-05-16;-5.25;-39.75;25.3687686920166
2026-05-16;-5.25;-39.25;23.99283409118652
2026-05-16;-5.25;-38.75;46.94279098510742
2026-05-16;-5.25;-38.25;70.12364959716797
2026-05-16;-5.25;-37.75;79.00250244140625
2026-05-16;-5.25;-37.25;60.5447998046875
2026-05-16;-4.75;-41.25;134.8026428222656
2026-05-16;-4.75;-40.75;60.77033233642578
2026-05-16;-4.75;-40.25;50.06453704833984
2026-05-16;-4.75;-39.75;50.43551254272461
2026-05-16;-4.75;-39.25;57.32641220092773
2026-05-16;-4.75;-38.75;91.86705780029297
2026-05-16;-4.75;-38.25;125.210334777832
2026-05-16;-4.75;-37.75;156.2730560302734
2026-05-16;-4.75;-37.25;175.0424194335938
2026-05-16;-4.25;-41.25;142.0656890869141
2026-05-16;-4.25;-40.75;89.2027587890625
2026-05-16;-4.25;-40.25;87.21179962158203
2026-05-16;-4.25;-39.75;98.10501861572266
2026-05-16;-4.25;-39.25;122.1617279052734
2026-05-16;-4.25;-38.75;160.9491577148438
2026-05-16;-4.25;-38.25;177.746826171875
2026-05-16;-4.25;-37.75;188.6227722167969
2026-05-16;-4.25;-37.25;
2026-05-16;-3.75;-41.25;152.7178955078125
2026-05-16;-3.75;-40.75;119.4770431518555
2026-05-16;-3.75;-40.25;122.1743392944336
2026-05-16;-3.75;-39.75;135.5491485595703
2026-05-16;-3.75;-39.25;164.8204498291016
2026-05-16;-3.75;-38.75;198.9938507080078
2026-05-16;-3.75;-38.25;204.1843872070312
2026-05-16;-3.75;-37.75;
2026-05-16;-3.75;-37.25;
2026-05-16;-3.25;-41.25;170.2737731933594
2026-05-16;-3.25;-40.75;148.6537933349609
2026-05-16;-3.25;-40.25;149.5387725830078
2026-05-16;-3.25;-39.75;157.6494750976562
2026-05-16;-3.25;-39.25;177.9334716796875
2026-05-16;-3.25;-38.75;196.5934143066406
2026-05-16;-3.25;-38.25;
2026-05-16;-3.25;-37.75;
2026-05-16;-3.25;-37.25;
2026-05-16;-2.75;-41.25;163.3428955078125
2026-05-16;-2.75;-40.75;186.1914825439453
2026-05-16;-2.75;-40.25;174.9836578369141
2026-05-16;-2.75;-39.75;173.673095703125
2026-05-16;-2.75;-39.25;
2026-05-16;-2.75;-38.75;
2026-05-16;-2.75;-38.25;
2026-05-16;-2.75;-37.75;
2026-05-16;-2.75;-37.25;
2026-05-17;-7.75;-41.25;3.407828807830811
2026-05-17;-7.75;-40.75;4.013297557830811
2026-05-17;-7.75;-40.25;4.434420585632324
2026-05-17;-7.75;-39.75;6.560115814208984
2026-05-17;-7.75;-39.25;48.15106201171875
2026-05-17;-7.75;-38.75;29.48875617980957
2026-05-17;-7.75;-38.25;24.15930938720703
2026-05-17;-7.75;-37.75;28.94452857971191
2026-05-17;-7.75;-37.25;31.83403015136719
2026-05-17;-7.25;-41.25;7.054731845855713
2026-05-17;-7.25;-40.75;18.37977600097656
2026-05-17;-7.25;-40.25;36.19120025634766
2026-05-17;-7.25;-39.75;83.62294006347656
2026-05-17;-7.25;-39.25;122.0423126220703
2026-05-17;-7.25;-38.75;115.7662582397461
2026-05-17;-7.25;-38.25;52.8170280456543
2026-05-17;-7.25;-37.75;31.05511283874512
2026-05-17;-7.25;-37.25;33.76792907714844
2026-05-17;-6.75;-41.25;9.305685043334961
2026-05-17;-6.75;-40.75;38.00465393066406
2026-05-17;-6.75;-40.25;85.73161315917969
2026-05-17;-6.75;-39.75;126.2868804931641
2026-05-17;-6.75;-39.25;135.4095153808594
2026-05-17;-6.75;-38.75;139.9636535644531
2026-05-17;-6.75;-38.25;139.5561676025391
2026-05-17;-6.75;-37.75;69.09228515625
2026-05-17;-6.75;-37.25;33.01153182983398
2026-05-17;-6.25;-41.25;12.52222061157227
2026-05-17;-6.25;-40.75;57.72584915161133
2026-05-17;-6.25;-40.25;129.3367004394531
2026-05-17;-6.25;-39.75;164.4644165039062
2026-05-17;-6.25;-39.25;195.3967590332031
2026-05-17;-6.25;-38.75;213.2830505371094
2026-05-17;-6.25;-38.25;208.1128692626953
2026-05-17;-6.25;-37.75;178.1332550048828
2026-05-17;-6.25;-37.25;79.12015533447266
2026-05-17;-5.75;-41.25;17.47819709777832
2026-05-17;-5.75;-40.75;84.92896270751953
2026-05-17;-5.75;-40.25;164.3974304199219
2026-05-17;-5.75;-39.75;226.3268585205078
2026-05-17;-5.75;-39.25;286.2948608398438
2026-05-17;-5.75;-38.75;302.9942016601562
2026-05-17;-5.75;-38.25;284.0272216796875
2026-05-17;-5.75;-37.75;245.0475921630859
2026-05-17;-5.75;-37.25;172.3660125732422
2026-05-17;-5.25;-41.25;24.27894592285156
2026-05-17;-5.25;-40.75;117.0956039428711
2026-05-17;-5.25;-40.25;188.1832733154297
2026-05-17;-5.25;-39.75;273.5052490234375
2026-05-17;-5.25;-39.25;345.2153930664062
2026-05-17;-5.25;-38.75;358.9942932128906
2026-05-17;-5.25;-38.25;338.4100341796875
2026-05-17;-5.25;-37.75;290.7441101074219
2026-05-17;-5.25;-37.25;232.7540435791016
2026-05-17;-4.75;-41.25;31.91664123535156
2026-05-17;-4.75;-40.75;149.8260040283203
2026-05-17;-4.75;-40.25;220.2395782470703
2026-05-17;-4.75;-39.75;311.3455810546875
2026-05-17;-4.75;-39.25;392.7445068359375
2026-05-17;-4.75;-38.75;412.267333984375
2026-05-17;-4.75;-38.25;398.323486328125
2026-05-17;-4.75;-37.75;347.3960876464844
2026-05-17;-4.75;-37.25;279.6175231933594
2026-05-17;-4.25;-41.25;39.56730651855469
2026-05-17;-4.25;-40.75;192.4904479980469
2026-05-17;-4.25;-40.25;267.9876403808594
2026-05-17;-4.25;-39.75;351.4241638183594
2026-05-17;-4.25;-39.25;421.2916870117188
2026-05-17;-4.25;-38.75;428.424072265625
2026-05-17;-4.25;-38.25;423.1205749511719
2026-05-17;-4.25;-37.75;393.5323486328125
2026-05-17;-4.25;-37.25;
2026-05-17;-3.75;-41.25;70.81737518310547
2026-05-17;-3.75;-40.75;247.2389831542969
2026-05-17;-3.75;-40.25;316.2761535644531
2026-05-17;-3.75;-39.75;380.7804565429688
2026-05-17;-3.75;-39.25;426.1264343261719
2026-05-17;-3.75;-38.75;429.6449279785156
2026-05-17;-3.75;-38.25;427.7394104003906
2026-05-17;-3.75;-37.75;
2026-05-17;-3.75;-37.25;
2026-05-17;-3.25;-41.25;128.4468688964844
2026-05-17;-3.25;-40.75;284.021728515625
2026-05-17;-3.25;-40.25;333.2782592773438
2026-05-17;-3.25;-39.75;384.5168762207031
2026-05-17;-3.25;-39.25;422.8303527832031
2026-05-17;-3.25;-38.75;429.0124206542969
2026-05-17;-3.25;-38.25;
2026-05-17;-3.25;-37.75;
2026-05-17;-3.25;-37.25;
2026-05-17;-2.75;-41.25;158.0894470214844
2026-05-17;-2.75;-40.75;290.0178527832031
2026-05-17;-2.75;-40.25;329.7540588378906
2026-05-17;-2.75;-39.75;370.5011596679688
2026-05-17;-2.75;-39.25;
2026-05-17;-2.75;-38.75;
2026-05-17;-2.75;-38.25;
2026-05-17;-2.75;-37.75;
2026-05-17;-2.75;-37.25;
2026-05-18;-7.75;-41.25;0.0
2026-05-18;-7.75;-40.75;1.461918473243713
2026-05-18;-7.75;-40.25;3.407439947128296
2026-05-18;-7.75;-39.75;20.31982040405273
2026-05-18;-7.75;-39.25;51.52000427246094
2026-05-18;-7.75;-38.75;85.12504577636719
2026-05-18;-7.75;-38.25;99.24016571044922
2026-05-18;-7.75;-37.75;99.53430938720703
2026-05-18;-7.75;-37.25;98.56005859375
2026-05-18;-7.25;-41.25;0.0
2026-05-18;-7.25;-40.75;18.54917526245117
2026-05-18;-7.25;-40.25;53.766357421875
2026-05-18;-7.25;-39.75;77.97171783447266
2026-05-18;-7.25;-39.25;95.37699890136719
2026-05-18;-7.25;-38.75;102.5253601074219
2026-05-18;-7.25;-38.25;101.6782913208008
2026-05-18;-7.25;-37.75;100.1527252197266
2026-05-18;-7.25;-37.25;100.009147644043
2026-05-18;-6.75;-41.25;6.623533725738525
2026-05-18;-6.75;-40.75;77.49634552001953
2026-05-18;-6.75;-40.25;118.7105560302734
2026-05-18;-6.75;-39.75;123.2847213745117
2026-05-18;-6.75;-39.25;121.3643798828125
2026-05-18;-6.75;-38.75;112.833251953125
2026-05-18;-6.75;-38.25;105.1791000366211
2026-05-18;-6.75;-37.75;100.9129180908203
2026-05-18;-6.75;-37.25;100.478141784668
2026-05-18;-6.25;-41.25;31.07001113891602
2026-05-18;-6.25;-40.75;98.92942810058594
2026-05-18;-6.25;-40.25;128.8236389160156
2026-05-18;-6.25;-39.75;129.3385620117188
2026-05-18;-6.25;-39.25;125.3102722167969
2026-05-18;-6.25;-38.75;118.3781280517578
2026-05-18;-6.25;-38.25;111.0
2026-05-18;-6.25;-37.75;102.8936309814453
2026-05-18;-6.25;-37.25;102.9543685913086
2026-05-18;-5.75;-41.25;44.42641830444336
2026-05-18;-5.75;-40.75;108.2694244384766
2026-05-18;-5.75;-40.25;129.4677276611328
2026-05-18;-5.75;-39.75;129.1457977294922
2026-05-18;-5.75;-39.25;126.4624099731445
2026-05-18;-5.75;-38.75;120.7962799072266
2026-05-18;-5.75;-38.25;114.9356307983398
2026-05-18;-5.75;-37.75;107.1259231567383
2026-05-18;-5.75;-37.25;106.1978073120117
2026-05-18;-5.25;-41.25;45.80784606933594
2026-05-18;-5.25;-40.75;110.0315475463867
2026-05-18;-5.25;-40.25;125.9697494506836
2026-05-18;-5.25;-39.75;127.7334213256836
2026-05-18;-5.25;-39.25;128.2140045166016
2026-05-18;-5.25;-38.75;117.5309066772461
2026-05-18;-5.25;-38.25;105.6157913208008
2026-05-18;-5.25;-37.75;96.38105773925781
2026-05-18;-5.25;-37.25;98.61250305175781
2026-05-18;-4.75;-41.25;40.51550674438477
2026-05-18;-4.75;-40.75;100.647590637207
2026-05-18;-4.75;-40.25;115.5002517700195
2026-05-18;-4.75;-39.75;117.1114883422852
2026-05-18;-4.75;-39.25;114.2626495361328
2026-05-18;-4.75;-38.75;99.4955825805664
2026-05-18;-4.75;-38.25;85.23596954345703
2026-05-18;-4.75;-37.75;71.94204711914062
2026-05-18;-4.75;-37.25;64.11275482177734
2026-05-18;-4.25;-41.25;36.52290725708008
2026-05-18;-4.25;-40.75;86.36714935302734
2026-05-18;-4.25;-40.25;98.8613510131836
2026-05-18;-4.25;-39.75;96.87425231933594
2026-05-18;-4.25;-39.25;86.98519897460938
2026-05-18;-4.25;-38.75;70.61278533935547
2026-05-18;-4.25;-38.25;63.54364395141602
2026-05-18;-4.25;-37.75;58.99011993408203
2026-05-18;-4.25;-37.25;
2026-05-18;-3.75;-41.25;31.01250648498535
2026-05-18;-3.75;-40.75;74.35989379882812
2026-05-18;-3.75;-40.25;83.74089813232422
2026-05-18;-3.75;-39.75;80.88123321533203
2026-05-18;-3.75;-39.25;69.02527618408203
2026-05-18;-3.75;-38.75;54.63359451293945
2026-05-18;-3.75;-38.25;52.44836807250977
2026-05-18;-3.75;-37.75;
2026-05-18;-3.75;-37.25;
2026-05-18;-3.25;-41.25;21.26424217224121
2026-05-18;-3.25;-40.75;66.7318115234375
2026-05-18;-3.25;-40.25;73.62256622314453
2026-05-18;-3.25;-39.75;71.55194091796875
2026-05-18;-3.25;-39.25;63.48950958251953
2026-05-18;-3.25;-38.75;55.64597320556641
2026-05-18;-3.25;-38.25;
2026-05-18;-3.25;-37.75;
2026-05-18;-3.25;-37.25;
2026-05-18;-2.75;-41.25;20.66807746887207
2026-05-18;-2.75;-40.75;57.49869918823242
2026-05-18;-2.75;-40.25;64.24858093261719
2026-05-18;-2.75;-39.75;65.08776092529297
2026-05-18;-2.75;-39.25;
2026-05-18;-2.75;-38.75;
2026-05-18;-2.75;-38.25;
2026-05-18;-2.75;-37.75;
2026-05-18;-2.75;-37.25;
2026-05-19;-7.75;-41.25;0.0
2026-05-19;-7.75;-40.75;0.0
2026-05-19;-7.75;-40.25;0.0
2026-05-19;-7.75;-39.75;0.0
2026-05-19;-7.75;-39.25;0.0
2026-05-19;-7.75;-38.75;0.0
2026-05-19;-7.75;-38.25;0.0
2026-05-19;-7.75;-37.75;0.0
2026-05-19;-7.75;-37.25;0.0
2026-05-19;-7.25;-41.25;0.0
2026-05-19;-7.25;-40.75;0.0
2026-05-19;-7.25;-40.25;0.0
2026-05-19;-7.25;-39.75;0.0
2026-05-19;-7.25;-39.25;0.0
2026-05-19;-7.25;-38.75;0.0
2026-05-19;-7.25;-38.25;0.0
2026-05-19;-7.25;-37.75;0.0
2026-05-19;-7.25;-37.25;0.0
2026-05-19;-6.75;-41.25;0.0
2026-05-19;-6.75;-40.75;0.0
2026-05-19;-6.75;-40.25;0.0
2026-05-19;-6.75;-39.75;0.0
2026-05-19;-6.75;-39.25;0.0
2026-05-19;-6.75;-38.75;0.0
2026-05-19;-6.75;-38.25;0.0
2026-05-19;-6.75;-37.75;0.0
2026-05-19;-6.75;-37.25;0.0
2026-05-19;-6.25;-41.25;0.0
2026-05-19;-6.25;-40.75;0.0
2026-05-19;-6.25;-40.25;0.0
2026-05-19;-6.25;-39.75;0.0
2026-05-19;-6.25;-39.25;0.0
2026-05-19;-6.25;-38.75;0.0
2026-05-19;-6.25;-38.25;0.0
2026-05-19;-6.25;-37.75;0.0
2026-05-19;-6.25;-37.25;0.0
2026-05-19;-5.75;-41.25;0.0
2026-05-19;-5.75;-40.75;0.0
2026-05-19;-5.75;-40.25;0.0
2026-05-19;-5.75;-39.75;0.0
2026-05-19;-5.75;-39.25;0.0
2026-05-19;-5.75;-38.75;0.0
2026-05-19;-5.75;-38.25;0.0
2026-05-19;-5.75;-37.75;0.0
2026-05-19;-5.75;-37.25;0.0
2026-05-19;-5.25;-41.25;0.0
2026-05-19;-5.25;-40.75;0.0
2026-05-19;-5.25;-40.25;0.0
2026-05-19;-5.25;-39.75;0.0
2026-05-19;-5.25;-39.25;0.0
2026-05-19;-5.25;-38.75;0.0
2026-05-19;-5.25;-38.25;0.0
2026-05-19;-5.25;-37.75;0.0
2026-05-19;-5.25;-37.25;0.0
2026-05-19;-4.75;-41.25;0.0
2026-05-19;-4.75;-40.75;0.0
2026-05-19;-4.75;-40.25;0.0
2026-05-19;-4.75;-39.75;0.0
2026-05-19;-4.75;-39.25;0.0
2026-05-19;-4.75;-38.75;0.0
2026-05-19;-4.75;-38.25;0.0
2026-05-19;-4.75;-37.75;0.0
2026-05-19;-4.75;-37.25;0.0
2026-05-19;-4.25;-41.25;0.0
2026-05-19;-4.25;-40.75;0.0
2026-05-19;-4.25;-40.25;0.0
2026-05-19;-4.25;-39.75;0.0
2026-05-19;-4.25;-39.25;0.0
2026-05-19;-4.25;-38.75;0.0
2026-05-19;-4.25;-38.25;0.0
2026-05-19;-4.25;-37.75;0.0
2026-05-19;-4.25;-37.25;
2026-05-19;-3.75;-41.25;0.474496454000473
2026-05-19;-3.75;-40.75;0.0
2026-05-19;-3.75;-40.25;0.0
2026-05-19;-3.75;-39.75;0.0
2026-05-19;-3.75;-39.25;0.0
2026-05-19;-3.75;-38.75;0.0
2026-05-19;-3.75;-38.25;0.0
2026-05-19;-3.75;-37.75;
2026-05-19;-3.75;-37.25;
2026-05-19;-3.25;-41.25;6.511488437652588
2026-05-19;-3.25;-40.75;1.260852336883545
2026-05-19;-3.25;-40.25;0.0
2026-05-19;-3.25;-39.75;0.0
2026-05-19;-3.25;-39.25;0.0
2026-05-19;-3.25;-38.75;0.0
2026-05-19;-3.25;-38.25;
2026-05-19;-3.25;-37.75;
2026-05-19;-3.25;-37.25;
2026-05-19;-2.75;-41.25;18.54999351501465
2026-05-19;-2.75;-40.75;5.468701839447021
2026-05-19;-2.75;-40.25;1.268004655838013
2026-05-19;-2.75;-39.75;0.2544932067394257
2026-05-19;-2.75;-39.25;
2026-05-19;-2.75;-38.75;
2026-05-19;-2.75;-38.25;
2026-05-19;-2.75;-37.75;
2026-05-19;-2.75;-37.25;
2026-05-20;-7.75;-41.25;0.0
2026-05-20;-7.75;-40.75;0.0
2026-05-20;-7.75;-40.25;0.0
2026-05-20;-7.75;-39.75;0.0
2026-05-20;-7.75;-39.25;0.0
2026-05-20;-7.75;-38.75;0.0
2026-05-20;-7.75;-38.25;0.0
2026-05-20;-7.75;-37.75;0.0
2026-05-20;-7.75;-37.25;0.0
2026-05-20;-7.25;-41.25;0.0
2026-05-20;-7.25;-40.75;0.0
2026-05-20;-7.25;-40.25;0.0
2026-05-20;-7.25;-39.75;0.0
2026-05-20;-7.25;-39.25;0.0
2026-05-20;-7.25;-38.75;0.0
2026-05-20;-7.25;-38.25;0.0
2026-05-20;-7.25;-37.75;0.0
2026-05-20;-7.25;-37.25;0.0
2026-05-20;-6.75;-41.25;0.0
2026-05-20;-6.75;-40.75;0.0
2026-05-20;-6.75;-40.25;0.0
2026-05-20;-6.75;-39.75;0.0
2026-05-20;-6.75;-39.25;0.0
2026-05-20;-6.75;-38.75;0.0
2026-05-20;-6.75;-38.25;0.0
2026-05-20;-6.75;-37.75;0.0
2026-05-20;-6.75;-37.25;0.0
2026-05-20;-6.25;-41.25;0.0
2026-05-20;-6.25;-40.75;0.0
2026-05-20;-6.25;-40.25;0.0
2026-05-20;-6.25;-39.75;0.0
2026-05-20;-6.25;-39.25;0.0
2026-05-20;-6.25;-38.75;0.0
2026-05-20;-6.25;-38.25;0.0
2026-05-20;-6.25;-37.75;0.0
2026-05-20;-6.25;-37.25;0.0
2026-05-20;-5.75;-41.25;0.0
2026-05-20;-5.75;-40.75;0.0
2026-05-20;-5.75;-40.25;0.0
2026-05-20;-5.75;-39.75;0.0
2026-05-20;-5.75;-39.25;0.0
2026-05-20;-5.75;-38.75;0.0
2026-05-20;-5.75;-38.25;0.0
2026-05-20;-5.75;-37.75;0.0
2026-05-20;-5.75;-37.25;0.0
2026-05-20;-5.25;-41.25;0.0
2026-05-20;-5.25;-40.75;0.0
2026-05-20;-5.25;-40.25;0.0
2026-05-20;-5.25;-39.75;0.0
2026-05-20;-5.25;-39.25;0.0
2026-05-20;-5.25;-38.75;0.0
2026-05-20;-5.25;-38.25;0.0
2026-05-20;-5.25;-37.75;0.0
2026-05-20;-5.25;-37.25;0.0
2026-05-20;-4.75;-41.25;0.0
2026-05-20;-4.75;-40.75;0.0
2026-05-20;-4.75;-40.25;0.0
2026-05-20;-4.75;-39.75;0.0
2026-05-20;-4.75;-39.25;0.0
2026-05-20;-4.75;-38.75;0.0
2026-05-20;-4.75;-38.25;0.0
2026-05-20;-4.75;-37.75;0.0
2026-05-20;-4.75;-37.25;0.0
2026-05-20;-4.25;-41.25;0.0
2026-05-20;-4.25;-40.75;0.0
2026-05-20;-4.25;-40.25;0.0
2026-05-20;-4.25;-39.75;0.0
2026-05-20;-4.25;-39.25;0.0
2026-05-20;-4.25;-38.75;0.0
2026-05-20;-4.25;-38.25;0.0
2026-05-20;-4.25;-37.75;0.0
2026-05-20;-4.25;-37.25;
2026-05-20;-3.75;-41.25;0.0
2026-05-20;-3.75;-40.75;0.0
2026-05-20;-3.75;-40.25;0.0
2026-05-20;-3.75;-39.75;0.0
2026-05-20;-3.75;-39.25;0.0
2026-05-20;-3.75;-38.75;0.0
2026-05-20;-3.75;-38.25;0.0
2026-05-20;-3.75;-37.75;
2026-05-20;-3.75;-37.25;
2026-05-20;-3.25;-41.25;0.0
2026-05-20;-3.25;-40.75;0.0
2026-05-20;-3.25;-40.25;0.0
2026-05-20;-3.25;-39.75;0.0
2026-05-20;-3.25;-39.25;0.0
2026-05-20;-3.25;-38.75;0.0
2026-05-20;-3.25;-38.25;
2026-05-20;-3.25;-37.75;
2026-05-20;-3.25;-37.25;
2026-05-20;-2.75;-41.25;0.0
2026-05-20;-2.75;-40.75;0.0
2026-05-20;-2.75;-40.25;0.0
2026-05-20;-2.75;-39.75;0.0
2026-05-20;-2.75;-39.25;
2026-05-20;-2.75;-38.75;
2026-05-20;-2.75;-38.25;
2026-05-20;-2.75;-37.75;
2026-05-20;-2.75;-37.25;
2026-05-21;-7.75;-41.25;0.0
2026-05-21;-7.75;-40.75;0.0
2026-05-21;-7.75;-40.25;0.0
2026-05-21;-7.75;-39.75;0.0
2026-05-21;-7.75;-39.25;0.0
2026-05-21;-7.75;-38.75;0.4430204033851624
2026-05-21;-7.75;-38.25;7.215028762817383
2026-05-21;-7.75;-37.75;25.12842559814453
2026-05-21;-7.75;-37.25;17.48442649841309
2026-05-21;-7.25;-41.25;0.0
2026-05-21;-7.25;-40.75;0.0
2026-05-21;-7.25;-40.25;0.0
2026-05-21;-7.25;-39.75;0.0
2026-05-21;-7.25;-39.25;0.0
2026-05-21;-7.25;-38.75;0.0
2026-05-21;-7.25;-38.25;4.301901817321777
2026-05-21;-7.25;-37.75;13.01292133331299
2026-05-21;-7.25;-37.25;10.4611120223999
2026-05-21;-6.75;-41.25;0.0
2026-05-21;-6.75;-40.75;0.0
2026-05-21;-6.75;-40.25;0.0
2026-05-21;-6.75;-39.75;0.0
2026-05-21;-6.75;-39.25;0.0
2026-05-21;-6.75;-38.75;0.0
2026-05-21;-6.75;-38.25;2.105217933654785
2026-05-21;-6.75;-37.75;7.92902660369873
2026-05-21;-6.75;-37.25;8.388646125793457
2026-05-21;-6.25;-41.25;0.0
2026-05-21;-6.25;-40.75;0.0
2026-05-21;-6.25;-40.25;0.0
2026-05-21;-6.25;-39.75;0.0
2026-05-21;-6.25;-39.25;0.0
2026-05-21;-6.25;-38.75;0.0
2026-05-21;-6.25;-38.25;0.4038315713405609
2026-05-21;-6.25;-37.75;4.946717739105225
2026-05-21;-6.25;-37.25;7.706886768341064
2026-05-21;-5.75;-41.25;0.0
2026-05-21;-5.75;-40.75;0.0
2026-05-21;-5.75;-40.25;0.0
2026-05-21;-5.75;-39.75;0.0
2026-05-21;-5.75;-39.25;0.0
2026-05-21;-5.75;-38.75;0.0
2026-05-21;-5.75;-38.25;0.2630036175251007
2026-05-21;-5.75;-37.75;3.134648323059082
2026-05-21;-5.75;-37.25;5.62008810043335
2026-05-21;-5.25;-41.25;0.0
2026-05-21;-5.25;-40.75;0.0
2026-05-21;-5.25;-40.25;0.0
2026-05-21;-5.25;-39.75;0.0
2026-05-21;-5.25;-39.25;0.0
2026-05-21;-5.25;-38.75;0.0
2026-05-21;-5.25;-38.25;0.0
2026-05-21;-5.25;-37.75;2.077016353607178
2026-05-21;-5.25;-37.25;3.983646392822266
2026-05-21;-4.75;-41.25;0.0
2026-05-21;-4.75;-40.75;0.0
2026-05-21;-4.75;-40.25;0.0
2026-05-21;-4.75;-39.75;0.0
2026-05-21;-4.75;-39.25;0.0
2026-05-21;-4.75;-38.75;0.0
2026-05-21;-4.75;-38.25;0.0
2026-05-21;-4.75;-37.75;0.7203885912895203
2026-05-21;-4.75;-37.25;2.886690616607666
2026-05-21;-4.25;-41.25;0.0
2026-05-21;-4.25;-40.75;0.0
2026-05-21;-4.25;-40.25;0.0
2026-05-21;-4.25;-39.75;0.0
2026-05-21;-4.25;-39.25;0.0
2026-05-21;-4.25;-38.75;0.0
2026-05-21;-4.25;-38.25;0.0
2026-05-21;-4.25;-37.75;0.0
2026-05-21;-4.25;-37.25;
2026-05-21;-3.75;-41.25;0.0
2026-05-21;-3.75;-40.75;0.0
2026-05-21;-3.75;-40.25;0.0
2026-05-21;-3.75;-39.75;0.0
2026-05-21;-3.75;-39.25;0.0
2026-05-21;-3.75;-38.75;0.0
2026-05-21;-3.75;-38.25;0.0
2026-05-21;-3.75;-37.75;
2026-05-21;-3.75;-37.25;
2026-05-21;-3.25;-41.25;0.0
2026-05-21;-3.25;-40.75;0.0
2026-05-21;-3.25;-40.25;0.0
2026-05-21;-3.25;-39.75;0.0
2026-05-21;-3.25;-39.25;0.0
2026-05-21;-3.25;-38.75;0.0
2026-05-21;-3.25;-38.25;
2026-05-21;-3.25;-37.75;
2026-05-21;-3.25;-37.25;
2026-05-21;-2.75;-41.25;0.0
2026-05-21;-2.75;-40.75;0.0
2026-05-21;-2.75;-40.25;0.0
2026-05-21;-2.75;-39.75;0.0
2026-05-21;-2.75;-39.25;
2026-05-21;-2.75;-38.75;
2026-05-21;-2.75;-38.25;
2026-05-21;-2.75;-37.75;
2026-05-21;-2.75;-37.25;
2026-05-22;-7.75;-41.25;0.0
2026-05-22;-7.75;-40.75;0.0
2026-05-22;-7.75;-40.25;1.150272130966187
2026-05-22;-7.75;-39.75;1.032747149467468
2026-05-22;-7.75;-39.25;0.2744803726673126
2026-05-22;-7.75;-38.75;0.0
2026-05-22;-7.75;-38.25;0.0
2026-05-22;-7.75;-37.75;0.0
2026-05-22;-7.75;-37.25;0.0
2026-05-22;-7.25;-41.25;0.0
2026-05-22;-7.25;-40.75;0.0
2026-05-22;-7.25;-40.25;0.0
2026-05-22;-7.25;-39.75;0.0
2026-05-22;-7.25;-39.25;0.0
2026-05-22;-7.25;-38.75;0.0
2026-05-22;-7.25;-38.25;0.0
2026-05-22;-7.25;-37.75;0.0
2026-05-22;-7.25;-37.25;0.0
2026-05-22;-6.75;-41.25;0.0
2026-05-22;-6.75;-40.75;0.0
2026-05-22;-6.75;-40.25;0.0
2026-05-22;-6.75;-39.75;0.0
2026-05-22;-6.75;-39.25;0.0
2026-05-22;-6.75;-38.75;0.0
2026-05-22;-6.75;-38.25;0.0
2026-05-22;-6.75;-37.75;0.0
2026-05-22;-6.75;-37.25;0.0
2026-05-22;-6.25;-41.25;0.0
2026-05-22;-6.25;-40.75;0.0
2026-05-22;-6.25;-40.25;0.0
2026-05-22;-6.25;-39.75;0.0
2026-05-22;-6.25;-39.25;0.0
2026-05-22;-6.25;-38.75;0.0
2026-05-22;-6.25;-38.25;0.0
2026-05-22;-6.25;-37.75;0.0
2026-05-22;-6.25;-37.25;0.0
2026-05-22;-5.75;-41.25;0.0
2026-05-22;-5.75;-40.75;0.0
2026-05-22;-5.75;-40.25;0.0
2026-05-22;-5.75;-39.75;0.0
2026-05-22;-5.75;-39.25;0.0
2026-05-22;-5.75;-38.75;0.0
2026-05-22;-5.75;-38.25;0.0
2026-05-22;-5.75;-37.75;0.0
2026-05-22;-5.75;-37.25;0.0
2026-05-22;-5.25;-41.25;0.0
2026-05-22;-5.25;-40.75;0.0
2026-05-22;-5.25;-40.25;0.0
2026-05-22;-5.25;-39.75;0.0
2026-05-22;-5.25;-39.25;0.0
2026-05-22;-5.25;-38.75;0.0
2026-05-22;-5.25;-38.25;0.0
2026-05-22;-5.25;-37.75;0.0
2026-05-22;-5.25;-37.25;0.0
2026-05-22;-4.75;-41.25;0.0
2026-05-22;-4.75;-40.75;0.0
2026-05-22;-4.75;-40.25;0.0
2026-05-22;-4.75;-39.75;0.0
2026-05-22;-4.75;-39.25;0.0
2026-05-22;-4.75;-38.75;0.0
2026-05-22;-4.75;-38.25;0.0
2026-05-22;-4.75;-37.75;0.0
2026-05-22;-4.75;-37.25;0.0
2026-05-22;-4.25;-41.25;0.0
2026-05-22;-4.25;-40.75;0.0
2026-05-22;-4.25;-40.25;0.0
2026-05-22;-4.25;-39.75;0.0
2026-05-22;-4.25;-39.25;0.0
2026-05-22;-4.25;-38.75;0.0
2026-05-22;-4.25;-38.25;0.0
2026-05-22;-4.25;-37.75;0.0
2026-05-22;-4.25;-37.25;
2026-05-22;-3.75;-41.25;0.0
2026-05-22;-3.75;-40.75;0.0
2026-05-22;-3.75;-40.25;0.0
2026-05-22;-3.75;-39.75;0.0
2026-05-22;-3.75;-39.25;0.0
2026-05-22;-3.75;-38.75;0.0
2026-05-22;-3.75;-38.25;0.0
2026-05-22;-3.75;-37.75;
2026-05-22;-3.75;-37.25;
2026-05-22;-3.25;-41.25;0.0
2026-05-22;-3.25;-40.75;0.0
2026-05-22;-3.25;-40.25;0.0
2026-05-22;-3.25;-39.75;0.0
2026-05-22;-3.25;-39.25;0.0
2026-05-22;-3.25;-38.75;0.0
2026-05-22;-3.25;-38.25;
2026-05-22;-3.25;-37.75;
2026-05-22;-3.25;-37.25;
2026-05-22;-2.75;-41.25;0.0
2026-05-22;-2.75;-40.75;0.0
2026-05-22;-2.75;-40.25;0.0
2026-05-22;-2.75;-39.75;0.0
2026-05-22;-2.75;-39.25;
2026-05-22;-2.75;-38.75;
2026-05-22;-2.75;-38.25;
2026-05-22;-2.75;-37.75;
2026-05-22;-2.75;-37.25;
2026-05-23;-7.75;-41.25;0.0
2026-05-23;-7.75;-40.75;0.0
2026-05-23;-7.75;-40.25;0.2082272469997406
2026-05-23;-7.75;-39.75;2.408848524093628
2026-05-23;-7.75;-39.25;3.120730400085449
2026-05-23;-7.75;-38.75;2.183768272399902
2026-05-23;-7.75;-38.25;0.2965352833271027
2026-05-23;-7.75;-37.75;0.0
2026-05-23;-7.75;-37.25;0.2060310542583466
2026-05-23;-7.25;-41.25;0.0
2026-05-23;-7.25;-40.75;0.0
2026-05-23;-7.25;-40.25;0.0
2026-05-23;-7.25;-39.75;0.0
2026-05-23;-7.25;-39.25;0.0
2026-05-23;-7.25;-38.75;0.0
2026-05-23;-7.25;-38.25;0.0
2026-05-23;-7.25;-37.75;0.0
2026-05-23;-7.25;-37.25;0.0
2026-05-23;-6.75;-41.25;0.0
2026-05-23;-6.75;-40.75;0.0
2026-05-23;-6.75;-40.25;0.0
2026-05-23;-6.75;-39.75;0.0
2026-05-23;-6.75;-39.25;0.0
2026-05-23;-6.75;-38.75;0.0
2026-05-23;-6.75;-38.25;0.0
2026-05-23;-6.75;-37.75;0.0
2026-05-23;-6.75;-37.25;0.0
2026-05-23;-6.25;-41.25;0.0
2026-05-23;-6.25;-40.75;0.0
2026-05-23;-6.25;-40.25;0.0
2026-05-23;-6.25;-39.75;0.0
2026-05-23;-6.25;-39.25;0.0
2026-05-23;-6.25;-38.75;0.0
2026-05-23;-6.25;-38.25;0.0
2026-05-23;-6.25;-37.75;0.0
2026-05-23;-6.25;-37.25;0.0
2026-05-23;-5.75;-41.25;0.0
2026-05-23;-5.75;-40.75;0.0
2026-05-23;-5.75;-40.25;0.0
2026-05-23;-5.75;-39.75;0.0
2026-05-23;-5.75;-39.25;0.0
2026-05-23;-5.75;-38.75;0.0
2026-05-23;-5.75;-38.25;0.0
2026-05-23;-5.75;-37.75;0.0
2026-05-23;-5.75;-37.25;0.0
2026-05-23;-5.25;-41.25;0.0
2026-05-23;-5.25;-40.75;0.0
2026-05-23;-5.25;-40.25;0.0
2026-05-23;-5.25;-39.75;0.0
2026-05-23;-5.25;-39.25;0.0
2026-05-23;-5.25;-38.75;0.0
2026-05-23;-5.25;-38.25;0.0
2026-05-23;-5.25;-37.75;0.0
2026-05-23;-5.25;-37.25;0.0
2026-05-23;-4.75;-41.25;0.0
2026-05-23;-4.75;-40.75;0.0
2026-05-23;-4.75;-40.25;0.0
2026-05-23;-4.75;-39.75;0.0
2026-05-23;-4.75;-39.25;0.0
2026-05-23;-4.75;-38.75;0.0
2026-05-23;-4.75;-38.25;0.0
2026-05-23;-4.75;-37.75;0.0
2026-05-23;-4.75;-37.25;0.0
2026-05-23;-4.25;-41.25;0.0
2026-05-23;-4.25;-40.75;0.0
2026-05-23;-4.25;-40.25;0.0
2026-05-23;-4.25;-39.75;0.0
2026-05-23;-4.25;-39.25;0.9099190831184387
2026-05-23;-4.25;-38.75;0.0
2026-05-23;-4.25;-38.25;0.0
2026-05-23;-4.25;-37.75;0.0
2026-05-23;-4.25;-37.25;
2026-05-23;-3.75;-41.25;0.0
2026-05-23;-3.75;-40.75;0.0
2026-05-23;-3.75;-40.25;0.0
2026-05-23;-3.75;-39.75;0.4234788119792938
2026-05-23;-3.75;-39.25;1.663873314857483
2026-05-23;-3.75;-38.75;0.2645329833030701
2026-05-23;-3.75;-38.25;0.0
2026-05-23;-3.75;-37.75;
2026-05-23;-3.75;-37.25;
2026-05-23;-3.25;-41.25;0.0
2026-05-23;-3.25;-40.75;0.0
2026-05-23;-3.25;-40.25;0.0
2026-05-23;-3.25;-39.75;0.0
2026-05-23;-3.25;-39.25;1.150463104248047
2026-05-23;-3.25;-38.75;0.3891007602214813
2026-05-23;-3.25;-38.25;
2026-05-23;-3.25;-37.75;
2026-05-23;-3.25;-37.25;
2026-05-23;-2.75;-41.25;0.0
2026-05-23;-2.75;-40.75;0.0
2026-05-23;-2.75;-40.25;0.0
2026-05-23;-2.75;-39.75;0.0
2026-05-23;-2.75;-39.25;
2026-05-23;-2.75;-38.75;
2026-05-23;-2.75;-38.25;
2026-05-23;-2.75;-37.75;
2026-05-23;-2.75;-37.25;
2026-05-24;-7.75;-41.25;0.0
2026-05-24;-7.75;-40.75;0.0
2026-05-24;-7.75;-40.25;1.920976042747498
2026-05-24;-7.75;-39.75;4.507651329040527
2026-05-24;-7.75;-39.25;5.971236705780029
2026-05-24;-7.75;-38.75;3.20953893661499
2026-05-24;-7.75;-38.25;0.0
2026-05-24;-7.75;-37.75;0.0
2026-05-24;-7.75;-37.25;0.0
2026-05-24;-7.25;-41.25;0.0
2026-05-24;-7.25;-40.75;0.713271975517273
2026-05-24;-7.25;-40.25;1.221036076545715
2026-05-24;-7.25;-39.75;0.3381558954715729
2026-05-24;-7.25;-39.25;0.0
2026-05-24;-7.25;-38.75;0.0
2026-05-24;-7.25;-38.25;0.0
2026-05-24;-7.25;-37.75;0.0
2026-05-24;-7.25;-37.25;0.0
2026-05-24;-6.75;-41.25;0.0
2026-05-24;-6.75;-40.75;1.474845886230469
2026-05-24;-6.75;-40.25;2.185551643371582
2026-05-24;-6.75;-39.75;2.122735261917114
2026-05-24;-6.75;-39.25;0.7874207496643066
2026-05-24;-6.75;-38.75;0.2750214636325836
2026-05-24;-6.75;-38.25;0.0
2026-05-24;-6.75;-37.75;0.0
2026-05-24;-6.75;-37.25;0.0
2026-05-24;-6.25;-41.25;0.0
2026-05-24;-6.25;-40.75;1.111617088317871
2026-05-24;-6.25;-40.25;2.099771022796631
2026-05-24;-6.25;-39.75;1.739102840423584
2026-05-24;-6.25;-39.25;0.2984619736671448
2026-05-24;-6.25;-38.75;0.9489503502845764
2026-05-24;-6.25;-38.25;0.0
2026-05-24;-6.25;-37.75;0.0
2026-05-24;-6.25;-37.25;0.0
2026-05-24;-5.75;-41.25;0.0
2026-05-24;-5.75;-40.75;0.0
2026-05-24;-5.75;-40.25;0.3733505606651306
2026-05-24;-5.75;-39.75;0.0
2026-05-24;-5.75;-39.25;0.0
2026-05-24;-5.75;-38.75;0.0
2026-05-24;-5.75;-38.25;0.0
2026-05-24;-5.75;-37.75;0.0
2026-05-24;-5.75;-37.25;0.0
2026-05-24;-5.25;-41.25;0.0
2026-05-24;-5.25;-40.75;0.0
2026-05-24;-5.25;-40.25;0.0
2026-05-24;-5.25;-39.75;0.0
2026-05-24;-5.25;-39.25;0.0
2026-05-24;-5.25;-38.75;0.0
2026-05-24;-5.25;-38.25;0.0
2026-05-24;-5.25;-37.75;0.0
2026-05-24;-5.25;-37.25;0.0
2026-05-24;-4.75;-41.25;0.0
2026-05-24;-4.75;-40.75;0.0
2026-05-24;-4.75;-40.25;0.0
2026-05-24;-4.75;-39.75;0.0
2026-05-24;-4.75;-39.25;0.0
2026-05-24;-4.75;-38.75;0.0
2026-05-24;-4.75;-38.25;0.0
2026-05-24;-4.75;-37.75;0.0
2026-05-24;-4.75;-37.25;0.0
2026-05-24;-4.25;-41.25;0.0
2026-05-24;-4.25;-40.75;0.0
2026-05-24;-4.25;-40.25;0.0
2026-05-24;-4.25;-39.75;0.0
2026-05-24;-4.25;-39.25;0.0
2026-05-24;-4.25;-38.75;0.0
2026-05-24;-4.25;-38.25;0.0
2026-05-24;-4.25;-37.75;0.0
2026-05-24;-4.25;-37.25;
2026-05-24;-3.75;-41.25;0.0
2026-05-24;-3.75;-40.75;0.0
2026-05-24;-3.75;-40.25;0.0
2026-05-24;-3.75;-39.75;0.0
2026-05-24;-3.75;-39.25;0.0
2026-05-24;-3.75;-38.75;0.0
2026-05-24;-3.75;-38.25;0.0
2026-05-24;-3.75;-37.75;
2026-05-24;-3.75;-37.25;
2026-05-24;-3.25;-41.25;0.0
2026-05-24;-3.25;-40.75;0.0
2026-05-24;-3.25;-40.25;0.0
2026-05-24;-3.25;-39.75;0.0
2026-05-24;-3.25;-39.25;0.0
2026-05-24;-3.25;-38.75;0.0
2026-05-24;-3.25;-38.25;
2026-05-24;-3.25;-37.75;
2026-05-24;-3.25;-37.25;
2026-05-24;-2.75;-41.25;0.0
2026-05-24;-2.75;-40.75;0.0
2026-05-24;-2.75;-40.25;0.0
2026-05-24;-2.75;-39.75;0.0
2026-05-24;-2.75;-39.25;
2026-05-24;-2.75;-38.75;
2026-05-24;-2.75;-38.25;
2026-05-24;-2.75;-37.75;
2026-05-24;-2.75;-37.25;
2026-05-25;-7.75;-41.25;0.0
2026-05-25;-7.75;-40.75;0.0
2026-05-25;-7.75;-40.25;0.646668553352356
2026-05-25;-7.75;-39.75;1.498627305030823
2026-05-25;-7.75;-39.25;1.954414963722229
2026-05-25;-7.75;-38.75;1.016711235046387
2026-05-25;-7.75;-38.25;0.0
2026-05-25;-7.75;-37.75;0.4140081703662872
2026-05-25;-7.75;-37.25;3.333589315414429
2026-05-25;-7.25;-41.25;0.0
2026-05-25;-7.25;-40.75;0.2726709246635437
2026-05-25;-7.25;-40.25;0.4078716933727264
2026-05-25;-7.25;-39.75;0.0
2026-05-25;-7.25;-39.25;0.0
2026-05-25;-7.25;-38.75;0.0
2026-05-25;-7.25;-38.25;0.0
2026-05-25;-7.25;-37.75;0.0
2026-05-25;-7.25;-37.25;1.118388295173645
2026-05-25;-6.75;-41.25;0.0
2026-05-25;-6.75;-40.75;0.5685155987739563
2026-05-25;-6.75;-40.25;0.6884216666221619
2026-05-25;-6.75;-39.75;0.6419671177864075
2026-05-25;-6.75;-39.25;0.0
2026-05-25;-6.75;-38.75;0.0
2026-05-25;-6.75;-38.25;0.0
2026-05-25;-6.75;-37.75;0.0
2026-05-25;-6.75;-37.25;2.717671871185303
2026-05-25;-6.25;-41.25;0.0
2026-05-25;-6.25;-40.75;0.47446608543396
2026-05-25;-6.25;-40.25;0.7683453559875488
2026-05-25;-6.25;-39.75;0.6565718054771423
2026-05-25;-6.25;-39.25;0.0
2026-05-25;-6.25;-38.75;0.0
2026-05-25;-6.25;-38.25;0.0
2026-05-25;-6.25;-37.75;2.520715713500977
2026-05-25;-6.25;-37.25;10.20884323120117
2026-05-25;-5.75;-41.25;0.0
2026-05-25;-5.75;-40.75;0.0
2026-05-25;-5.75;-40.25;0.0
2026-05-25;-5.75;-39.75;0.0
2026-05-25;-5.75;-39.25;0.0
2026-05-25;-5.75;-38.75;0.8473977446556091
2026-05-25;-5.75;-38.25;2.371627807617188
2026-05-25;-5.75;-37.75;6.155234336853027
2026-05-25;-5.75;-37.25;18.7183952331543
2026-05-25;-5.25;-41.25;0.0
2026-05-25;-5.25;-40.75;0.0
2026-05-25;-5.25;-40.25;0.0
2026-05-25;-5.25;-39.75;0.0
2026-05-25;-5.25;-39.25;0.0
2026-05-25;-5.25;-38.75;1.150011539459229
2026-05-25;-5.25;-38.25;1.259690999984741
2026-05-25;-5.25;-37.75;3.762693881988525
2026-05-25;-5.25;-37.25;26.75725555419922
2026-05-25;-4.75;-41.25;0.0
2026-05-25;-4.75;-40.75;0.0
2026-05-25;-4.75;-40.25;0.0
2026-05-25;-4.75;-39.75;0.0
2026-05-25;-4.75;-39.25;0.0
2026-05-25;-4.75;-38.75;0.0
2026-05-25;-4.75;-38.25;0.2754331529140472
2026-05-25;-4.75;-37.75;0.6033872961997986
2026-05-25;-4.75;-37.25;16.55960464477539
2026-05-25;-4.25;-41.25;0.0
2026-05-25;-4.25;-40.75;0.0
2026-05-25;-4.25;-40.25;0.0
2026-05-25;-4.25;-39.75;0.0
2026-05-25;-4.25;-39.25;0.0
2026-05-25;-4.25;-38.75;0.0
2026-05-25;-4.25;-38.25;0.0
2026-05-25;-4.25;-37.75;0.0
2026-05-25;-4.25;-37.25;
2026-05-25;-3.75;-41.25;0.0
2026-05-25;-3.75;-40.75;0.0
2026-05-25;-3.75;-40.25;0.0
2026-05-25;-3.75;-39.75;0.0
2026-05-25;-3.75;-39.25;0.0
2026-05-25;-3.75;-38.75;0.0
2026-05-25;-3.75;-38.25;0.0
2026-05-25;-3.75;-37.75;
2026-05-25;-3.75;-37.25;
2026-05-25;-3.25;-41.25;0.0
2026-05-25;-3.25;-40.75;0.0
2026-05-25;-3.25;-40.25;0.0
2026-05-25;-3.25;-39.75;0.0
2026-05-25;-3.25;-39.25;0.0
2026-05-25;-3.25;-38.75;0.0
2026-05-25;-3.25;-38.25;
2026-05-25;-3.25;-37.75;
2026-05-25;-3.25;-37.25;
2026-05-25;-2.75;-41.25;0.0
2026-05-25;-2.75;-40.75;0.0
2026-05-25;-2.75;-40.25;0.0
2026-05-25;-2.75;-39.75;0.0
2026-05-25;-2.75;-39.25;
2026-05-25;-2.75;-38.75;
2026-05-25;-2.75;-38.25;
2026-05-25;-2.75;-37.75;
2026-05-25;-2.75;-37.25;
2026-05-26;-7.75;-41.25;0.0
2026-05-26;-7.75;-40.75;0.0
2026-05-26;-7.75;-40.25;0.0
2026-05-26;-7.75;-39.75;0.0
2026-05-26;-7.75;-39.25;0.0
2026-05-26;-7.75;-38.75;0.0
2026-05-26;-7.75;-38.25;0.0
2026-05-26;-7.75;-37.75;0.0
2026-05-26;-7.75;-37.25;0.0
2026-05-26;-7.25;-41.25;0.0
2026-05-26;-7.25;-40.75;0.0
2026-05-26;-7.25;-40.25;0.0
2026-05-26;-7.25;-39.75;0.0
2026-05-26;-7.25;-39.25;0.0
2026-05-26;-7.25;-38.75;0.0
2026-05-26;-7.25;-38.25;0.0
2026-05-26;-7.25;-37.75;0.4201081395149231
2026-05-26;-7.25;-37.25;3.867936134338379
2026-05-26;-6.75;-41.25;0.0
2026-05-26;-6.75;-40.75;0.0
2026-05-26;-6.75;-40.25;0.0
2026-05-26;-6.75;-39.75;0.0
2026-05-26;-6.75;-39.25;0.0
2026-05-26;-6.75;-38.75;0.0
2026-05-26;-6.75;-38.25;0.0
2026-05-26;-6.75;-37.75;0.0
2026-05-26;-6.75;-37.25;1.943405389785767
2026-05-26;-6.25;-41.25;0.0
2026-05-26;-6.25;-40.75;0.0
2026-05-26;-6.25;-40.25;0.0
2026-05-26;-6.25;-39.75;0.0
2026-05-26;-6.25;-39.25;0.0
2026-05-26;-6.25;-38.75;0.0
2026-05-26;-6.25;-38.25;0.0
2026-05-26;-6.25;-37.75;0.0
2026-05-26;-6.25;-37.25;0.0
2026-05-26;-5.75;-41.25;0.0
2026-05-26;-5.75;-40.75;0.0
2026-05-26;-5.75;-40.25;0.0
2026-05-26;-5.75;-39.75;0.0
2026-05-26;-5.75;-39.25;0.0
2026-05-26;-5.75;-38.75;0.0
2026-05-26;-5.75;-38.25;0.0
2026-05-26;-5.75;-37.75;0.0
2026-05-26;-5.75;-37.25;0.0
2026-05-26;-5.25;-41.25;0.0
2026-05-26;-5.25;-40.75;0.0
2026-05-26;-5.25;-40.25;0.0
2026-05-26;-5.25;-39.75;1.434882164001465
2026-05-26;-5.25;-39.25;2.651944875717163
2026-05-26;-5.25;-38.75;0.4195429980754852
2026-05-26;-5.25;-38.25;0.0
2026-05-26;-5.25;-37.75;3.712267398834229
2026-05-26;-5.25;-37.25;1.889300107955933
2026-05-26;-4.75;-41.25;0.2015669196844101
2026-05-26;-4.75;-40.75;0.0
2026-05-26;-4.75;-40.25;0.0
2026-05-26;-4.75;-39.75;1.115309119224548
2026-05-26;-4.75;-39.25;2.983636617660522
2026-05-26;-4.75;-38.75;0.5640773773193359
2026-05-26;-4.75;-38.25;7.796850681304932
2026-05-26;-4.75;-37.75;26.56938934326172
2026-05-26;-4.75;-37.25;17.66123962402344
2026-05-26;-4.25;-41.25;2.949872970581055
2026-05-26;-4.25;-40.75;0.0
2026-05-26;-4.25;-40.25;0.0
2026-05-26;-4.25;-39.75;0.0
2026-05-26;-4.25;-39.25;0.260066956281662
2026-05-26;-4.25;-38.75;4.185214042663574
2026-05-26;-4.25;-38.25;12.41373538970947
2026-05-26;-4.25;-37.75;26.6998291015625
2026-05-26;-4.25;-37.25;
2026-05-26;-3.75;-41.25;4.952013969421387
2026-05-26;-3.75;-40.75;0.0
2026-05-26;-3.75;-40.25;0.0
2026-05-26;-3.75;-39.75;0.0
2026-05-26;-3.75;-39.25;0.0
2026-05-26;-3.75;-38.75;3.798577547073364
2026-05-26;-3.75;-38.25;8.208976745605469
2026-05-26;-3.75;-37.75;
2026-05-26;-3.75;-37.25;
2026-05-26;-3.25;-41.25;1.238860487937927
2026-05-26;-3.25;-40.75;0.0
2026-05-26;-3.25;-40.25;0.0
2026-05-26;-3.25;-39.75;0.0
2026-05-26;-3.25;-39.25;0.0
2026-05-26;-3.25;-38.75;2.464437484741211
2026-05-26;-3.25;-38.25;
2026-05-26;-3.25;-37.75;
2026-05-26;-3.25;-37.25;
2026-05-26;-2.75;-41.25;0.0
2026-05-26;-2.75;-40.75;0.0
2026-05-26;-2.75;-40.25;0.0
2026-05-26;-2.75;-39.75;0.0
2026-05-26;-2.75;-39.25;
2026-05-26;-2.75;-38.75;
2026-05-26;-2.75;-38.25;
2026-05-26;-2.75;-37.75;
2026-05-26;-2.75;-37.25;
2026-05-27;-7.75;-41.25;1.619622230529785
2026-05-27;-7.75;-40.75;2.004400730133057
2026-05-27;-7.75;-40.25;18.25450134277344
2026-05-27;-7.75;-39.75;55.41132354736328
2026-05-27;-7.75;-39.25;68.37142181396484
2026-05-27;-7.75;-38.75;55.11494064331055
2026-05-27;-7.75;-38.25;24.92046165466309
2026-05-27;-7.75;-37.75;42.04982376098633
2026-05-27;-7.75;-37.25;58.57491302490234
2026-05-27;-7.25;-41.25;0.7575807571411133
2026-05-27;-7.25;-40.75;10.40919399261475
2026-05-27;-7.25;-40.25;47.27957534790039
2026-05-27;-7.25;-39.75;84.16410827636719
2026-05-27;-7.25;-39.25;122.2279205322266
2026-05-27;-7.25;-38.75;124.8846206665039
2026-05-27;-7.25;-38.25;19.71212768554688
2026-05-27;-7.25;-37.75;5.597994804382324
2026-05-27;-7.25;-37.25;11.18589496612549
2026-05-27;-6.75;-41.25;0.4073577225208282
2026-05-27;-6.75;-40.75;20.1554069519043
2026-05-27;-6.75;-40.25;45.02748870849609
2026-05-27;-6.75;-39.75;52.1633186340332
2026-05-27;-6.75;-39.25;77.39727783203125
2026-05-27;-6.75;-38.75;79.45596313476562
2026-05-27;-6.75;-38.25;10.63964176177979
2026-05-27;-6.75;-37.75;0.6912335753440857
2026-05-27;-6.75;-37.25;0.7363057732582092
2026-05-27;-6.25;-41.25;0.0
2026-05-27;-6.25;-40.75;17.67967224121094
2026-05-27;-6.25;-40.25;45.20513916015625
2026-05-27;-6.25;-39.75;45.32219314575195
2026-05-27;-6.25;-39.25;27.06017684936523
2026-05-27;-6.25;-38.75;9.517328262329102
2026-05-27;-6.25;-38.25;9.435460090637207
2026-05-27;-6.25;-37.75;11.1812915802002
2026-05-27;-6.25;-37.25;2.711513042449951
2026-05-27;-5.75;-41.25;0.0
2026-05-27;-5.75;-40.75;5.343143939971924
2026-05-27;-5.75;-40.25;67.24729919433594
2026-05-27;-5.75;-39.75;94.27173614501953
2026-05-27;-5.75;-39.25;90.66695404052734
2026-05-27;-5.75;-38.75;16.60653877258301
2026-05-27;-5.75;-38.25;16.14356994628906
2026-05-27;-5.75;-37.75;43.54671859741211
2026-05-27;-5.75;-37.25;8.097357749938965
2026-05-27;-5.25;-41.25;0.0
2026-05-27;-5.25;-40.75;0.5567860007286072
2026-05-27;-5.25;-40.25;57.48544311523438
2026-05-27;-5.25;-39.75;118.7736053466797
2026-05-27;-5.25;-39.25;121.0088882446289
2026-05-27;-5.25;-38.75;62.8736457824707
2026-05-27;-5.25;-38.25;25.21309852600098
2026-05-27;-5.25;-37.75;19.98034286499023
2026-05-27;-5.25;-37.25;5.358375549316406
2026-05-27;-4.75;-41.25;0.2886577546596527
2026-05-27;-4.75;-40.75;0.7047961354255676
2026-05-27;-4.75;-40.25;7.08060359954834
2026-05-27;-4.75;-39.75;67.19015502929688
2026-05-27;-4.75;-39.25;114.1869506835938
2026-05-27;-4.75;-38.75;74.60795593261719
2026-05-27;-4.75;-38.25;36.128173828125
2026-05-27;-4.75;-37.75;4.907859325408936
2026-05-27;-4.75;-37.25;0.91971355676651
2026-05-27;-4.25;-41.25;0.3723889589309692
2026-05-27;-4.25;-40.75;0.757133424282074
2026-05-27;-4.25;-40.25;0.0
2026-05-27;-4.25;-39.75;3.202007532119751
2026-05-27;-4.25;-39.25;23.87514114379883
2026-05-27;-4.25;-38.75;21.81370735168457
2026-05-27;-4.25;-38.25;16.87204360961914
2026-05-27;-4.25;-37.75;6.184207916259766
2026-05-27;-4.25;-37.25;
2026-05-27;-3.75;-41.25;0.0
2026-05-27;-3.75;-40.75;0.0
2026-05-27;-3.75;-40.25;0.0
2026-05-27;-3.75;-39.75;0.0
2026-05-27;-3.75;-39.25;0.0
2026-05-27;-3.75;-38.75;5.146754741668701
2026-05-27;-3.75;-38.25;8.238262176513672
2026-05-27;-3.75;-37.75;
2026-05-27;-3.75;-37.25;
2026-05-27;-3.25;-41.25;0.0
2026-05-27;-3.25;-40.75;0.0
2026-05-27;-3.25;-40.25;0.0
2026-05-27;-3.25;-39.75;0.0
2026-05-27;-3.25;-39.25;0.0
2026-05-27;-3.25;-38.75;3.211792945861816
2026-05-27;-3.25;-38.25;
2026-05-27;-3.25;-37.75;
2026-05-27;-3.25;-37.25;
2026-05-27;-2.75;-41.25;0.0
2026-05-27;-2.75;-40.75;0.0
2026-05-27;-2.75;-40.25;0.0
2026-05-27;-2.75;-39.75;0.0
2026-05-27;-2.75;-39.25;
2026-05-27;-2.75;-38.75;
2026-05-27;-2.75;-38.25;
2026-05-27;-2.75;-37.75;
2026-05-27;-2.75;-37.25;
2026-05-28;-7.75;-41.25;0.0
2026-05-28;-7.75;-40.75;0.0
2026-05-28;-7.75;-40.25;0.3162658512592316
2026-05-28;-7.75;-39.75;1.313725829124451
2026-05-28;-7.75;-39.25;0.7575485706329346
2026-05-28;-7.75;-38.75;0.2251404672861099
2026-05-28;-7.75;-38.25;0.0
2026-05-28;-7.75;-37.75;0.0
2026-05-28;-7.75;-37.25;0.4037874341011047
2026-05-28;-7.25;-41.25;0.0
2026-05-28;-7.25;-40.75;0.0
2026-05-28;-7.25;-40.25;0.0
2026-05-28;-7.25;-39.75;0.6128867864608765
2026-05-28;-7.25;-39.25;1.267668128013611
2026-05-28;-7.25;-38.75;0.0
2026-05-28;-7.25;-38.25;0.0
2026-05-28;-7.25;-37.75;0.0
2026-05-28;-7.25;-37.25;0.0
2026-05-28;-6.75;-41.25;0.0
2026-05-28;-6.75;-40.75;0.0
2026-05-28;-6.75;-40.25;0.0
2026-05-28;-6.75;-39.75;0.0
2026-05-28;-6.75;-39.25;0.0
2026-05-28;-6.75;-38.75;0.0
2026-05-28;-6.75;-38.25;0.0
2026-05-28;-6.75;-37.75;2.529406785964966
2026-05-28;-6.75;-37.25;6.588327884674072
2026-05-28;-6.25;-41.25;0.6321086287498474
2026-05-28;-6.25;-40.75;0.3852201700210571
2026-05-28;-6.25;-40.25;0.4077771306037903
2026-05-28;-6.25;-39.75;0.7337741851806641
2026-05-28;-6.25;-39.25;0.7328339219093323
2026-05-28;-6.25;-38.75;0.0
2026-05-28;-6.25;-38.25;0.7308062314987183
2026-05-28;-6.25;-37.75;11.6077995300293
2026-05-28;-6.25;-37.25;15.94002819061279
2026-05-28;-5.75;-41.25;3.522199869155884
2026-05-28;-5.75;-40.75;2.6726233959198
2026-05-28;-5.75;-40.25;8.611671447753906
2026-05-28;-5.75;-39.75;13.13268566131592
2026-05-28;-5.75;-39.25;14.20793056488037
2026-05-28;-5.75;-38.75;2.273246288299561
2026-05-28;-5.75;-38.25;0.37677401304245
2026-05-28;-5.75;-37.75;6.304107189178467
2026-05-28;-5.75;-37.25;5.04649543762207
2026-05-28;-5.25;-41.25;4.052497386932373
2026-05-28;-5.25;-40.75;2.341487646102905
2026-05-28;-5.25;-40.25;10.08135986328125
2026-05-28;-5.25;-39.75;16.99113082885742
2026-05-28;-5.25;-39.25;16.4733943939209
2026-05-28;-5.25;-38.75;9.018651008605957
2026-05-28;-5.25;-38.25;6.901663303375244
2026-05-28;-5.25;-37.75;1.437548756599426
2026-05-28;-5.25;-37.25;0.9317015409469604
2026-05-28;-4.75;-41.25;2.023529052734375
2026-05-28;-4.75;-40.75;2.188561677932739
2026-05-28;-4.75;-40.25;5.55706787109375
2026-05-28;-4.75;-39.75;11.79646015167236
2026-05-28;-4.75;-39.25;16.27730560302734
2026-05-28;-4.75;-38.75;13.29977703094482
2026-05-28;-4.75;-38.25;10.31701946258545
2026-05-28;-4.75;-37.75;4.33116340637207
2026-05-28;-4.75;-37.25;0.0
2026-05-28;-4.25;-41.25;0.0
2026-05-28;-4.25;-40.75;3.646093368530273
2026-05-28;-4.25;-40.25;5.450916767120361
2026-05-28;-4.25;-39.75;5.397884368896484
2026-05-28;-4.25;-39.25;5.63282585144043
2026-05-28;-4.25;-38.75;5.346776485443115
2026-05-28;-4.25;-38.25;5.685616493225098
2026-05-28;-4.25;-37.75;4.648849964141846
2026-05-28;-4.25;-37.25;
2026-05-28;-3.75;-41.25;0.0
2026-05-28;-3.75;-40.75;1.443380355834961
2026-05-28;-3.75;-40.25;0.9383524060249329
2026-05-28;-3.75;-39.75;1.746858239173889
2026-05-28;-3.75;-39.25;2.245666027069092
2026-05-28;-3.75;-38.75;2.004364013671875
2026-05-28;-3.75;-38.25;2.418683767318726
2026-05-28;-3.75;-37.75;
2026-05-28;-3.75;-37.25;
2026-05-28;-3.25;-41.25;0.0
2026-05-28;-3.25;-40.75;0.0
2026-05-28;-3.25;-40.25;0.0
2026-05-28;-3.25;-39.75;0.2519929707050323
2026-05-28;-3.25;-39.25;1.544663071632385
2026-05-28;-3.25;-38.75;1.920498847961426
2026-05-28;-3.25;-38.25;
2026-05-28;-3.25;-37.75;
2026-05-28;-3.25;-37.25;
2026-05-28;-2.75;-41.25;0.0
2026-05-28;-2.75;-40.75;0.0
2026-05-28;-2.75;-40.25;0.0
2026-05-28;-2.75;-39.75;0.0
2026-05-28;-2.75;-39.25;
2026-05-28;-2.75;-38.75;
2026-05-28;-2.75;-38.25;
2026-05-28;-2.75;-37.75;
2026-05-28;-2.75;-37.25;
2026-05-29;-7.75;-41.25;0.0
2026-05-29;-7.75;-40.75;0.0
2026-05-29;-7.75;-40.25;0.0
2026-05-29;-7.75;-39.75;0.7821969985961914
2026-05-29;-7.75;-39.25;0.4060921370983124
2026-05-29;-7.75;-38.75;0.0
2026-05-29;-7.75;-38.25;0.0
2026-05-29;-7.75;-37.75;0.4250087440013885
2026-05-29;-7.75;-37.25;0.4059546291828156
2026-05-29;-7.25;-41.25;0.0
2026-05-29;-7.25;-40.75;0.0
2026-05-29;-7.25;-40.25;0.0
2026-05-29;-7.25;-39.75;0.0
2026-05-29;-7.25;-39.25;0.0
2026-05-29;-7.25;-38.75;0.0
2026-05-29;-7.25;-38.25;0.0
2026-05-29;-7.25;-37.75;0.0
2026-05-29;-7.25;-37.25;0.0
2026-05-29;-6.75;-41.25;0.0
2026-05-29;-6.75;-40.75;0.0
2026-05-29;-6.75;-40.25;0.0
2026-05-29;-6.75;-39.75;0.0
2026-05-29;-6.75;-39.25;0.0
2026-05-29;-6.75;-38.75;0.0
2026-05-29;-6.75;-38.25;0.0
2026-05-29;-6.75;-37.75;0.0
2026-05-29;-6.75;-37.25;0.0
2026-05-29;-6.25;-41.25;0.0
2026-05-29;-6.25;-40.75;0.0
2026-05-29;-6.25;-40.25;0.0
2026-05-29;-6.25;-39.75;0.0
2026-05-29;-6.25;-39.25;0.0
2026-05-29;-6.25;-38.75;0.0
2026-05-29;-6.25;-38.25;0.0
2026-05-29;-6.25;-37.75;0.0
2026-05-29;-6.25;-37.25;0.0
2026-05-29;-5.75;-41.25;0.0
2026-05-29;-5.75;-40.75;0.0
2026-05-29;-5.75;-40.25;0.0
2026-05-29;-5.75;-39.75;0.0
2026-05-29;-5.75;-39.25;0.0
2026-05-29;-5.75;-38.75;0.0
2026-05-29;-5.75;-38.25;0.0
2026-05-29;-5.75;-37.75;0.4650352001190186
2026-05-29;-5.75;-37.25;0.0
2026-05-29;-5.25;-41.25;0.0
2026-05-29;-5.25;-40.75;0.0
2026-05-29;-5.25;-40.25;0.0
2026-05-29;-5.25;-39.75;0.0
2026-05-29;-5.25;-39.25;0.0
2026-05-29;-5.25;-38.75;0.0
2026-05-29;-5.25;-38.25;1.111048698425293
2026-05-29;-5.25;-37.75;0.0
2026-05-29;-5.25;-37.25;0.0
2026-05-29;-4.75;-41.25;0.0
2026-05-29;-4.75;-40.75;0.0
2026-05-29;-4.75;-40.25;0.0
2026-05-29;-4.75;-39.75;0.0
2026-05-29;-4.75;-39.25;0.5572706460952759
2026-05-29;-4.75;-38.75;1.757906198501587
2026-05-29;-4.75;-38.25;0.0
2026-05-29;-4.75;-37.75;0.0
2026-05-29;-4.75;-37.25;0.0
2026-05-29;-4.25;-41.25;0.0
2026-05-29;-4.25;-40.75;0.0
2026-05-29;-4.25;-40.25;0.0
2026-05-29;-4.25;-39.75;0.0
2026-05-29;-4.25;-39.25;17.7780933380127
2026-05-29;-4.25;-38.75;33.73700332641602
2026-05-29;-4.25;-38.25;21.64897346496582
2026-05-29;-4.25;-37.75;7.71660852432251
2026-05-29;-4.25;-37.25;
2026-05-29;-3.75;-41.25;0.0
2026-05-29;-3.75;-40.75;0.0
2026-05-29;-3.75;-40.25;0.0
2026-05-29;-3.75;-39.75;0.0
2026-05-29;-3.75;-39.25;27.29810523986816
2026-05-29;-3.75;-38.75;49.11533737182617
2026-05-29;-3.75;-38.25;43.45571899414062
2026-05-29;-3.75;-37.75;
2026-05-29;-3.75;-37.25;
2026-05-29;-3.25;-41.25;0.0
2026-05-29;-3.25;-40.75;0.0
2026-05-29;-3.25;-40.25;0.0
2026-05-29;-3.25;-39.75;0.0
2026-05-29;-3.25;-39.25;19.22981452941895
2026-05-29;-3.25;-38.75;45.12096405029297
2026-05-29;-3.25;-38.25;
2026-05-29;-3.25;-37.75;
2026-05-29;-3.25;-37.25;
2026-05-29;-2.75;-41.25;0.0
2026-05-29;-2.75;-40.75;0.0
2026-05-29;-2.75;-40.25;0.0
2026-05-29;-2.75;-39.75;0.0
2026-05-29;-2.75;-39.25;
2026-05-29;-2.75;-38.75;
2026-05-29;-2.75;-38.25;
2026-05-29;-2.75;-37.75;
2026-05-29;-2.75;-37.25;
2026-05-30;-7.75;-41.25;0.0
2026-05-30;-7.75;-40.75;0.0
2026-05-30;-7.75;-40.25;0.0
2026-05-30;-7.75;-39.75;0.5436419248580933
2026-05-30;-7.75;-39.25;0.2823076546192169
2026-05-30;-7.75;-38.75;0.0
2026-05-30;-7.75;-38.25;0.0
2026-05-30;-7.75;-37.75;0.3339233100414276
2026-05-30;-7.75;-37.25;0.3213405907154083
2026-05-30;-7.25;-41.25;0.0
2026-05-30;-7.25;-40.75;0.0
2026-05-30;-7.25;-40.25;0.0
2026-05-30;-7.25;-39.75;0.0
2026-05-30;-7.25;-39.25;0.0
2026-05-30;-7.25;-38.75;0.0
2026-05-30;-7.25;-38.25;0.0
2026-05-30;-7.25;-37.75;0.0
2026-05-30;-7.25;-37.25;0.0
2026-05-30;-6.75;-41.25;0.0
2026-05-30;-6.75;-40.75;0.0
2026-05-30;-6.75;-40.25;0.0
2026-05-30;-6.75;-39.75;0.0
2026-05-30;-6.75;-39.25;0.0
2026-05-30;-6.75;-38.75;0.0
2026-05-30;-6.75;-38.25;0.0
2026-05-30;-6.75;-37.75;0.0
2026-05-30;-6.75;-37.25;0.0
2026-05-30;-6.25;-41.25;0.0
2026-05-30;-6.25;-40.75;0.0
2026-05-30;-6.25;-40.25;0.0
2026-05-30;-6.25;-39.75;0.0
2026-05-30;-6.25;-39.25;0.0
2026-05-30;-6.25;-38.75;0.0
2026-05-30;-6.25;-38.25;0.0
2026-05-30;-6.25;-37.75;0.0
2026-05-30;-6.25;-37.25;0.8930251598358154
2026-05-30;-5.75;-41.25;0.0
2026-05-30;-5.75;-40.75;0.0
2026-05-30;-5.75;-40.25;1.47199809551239
2026-05-30;-5.75;-39.75;3.079863786697388
2026-05-30;-5.75;-39.25;3.416926145553589
2026-05-30;-5.75;-38.75;0.8170664310455322
2026-05-30;-5.75;-38.25;16.0879077911377
2026-05-30;-5.75;-37.75;37.11345672607422
2026-05-30;-5.75;-37.25;13.09667110443115
2026-05-30;-5.25;-41.25;0.0
2026-05-30;-5.25;-40.75;0.0
2026-05-30;-5.25;-40.25;0.9696004390716553
2026-05-30;-5.25;-39.75;1.359629988670349
2026-05-30;-5.25;-39.25;0.9760677814483643
2026-05-30;-5.25;-38.75;10.20001220703125
2026-05-30;-5.25;-38.25;51.88037109375
2026-05-30;-5.25;-37.75;103.494255065918
2026-05-30;-5.25;-37.25;50.55327987670898
2026-05-30;-4.75;-41.25;0.0
2026-05-30;-4.75;-40.75;0.0
2026-05-30;-4.75;-40.25;0.0
2026-05-30;-4.75;-39.75;0.3185285627841949
2026-05-30;-4.75;-39.25;8.617624282836914
2026-05-30;-4.75;-38.75;33.88946533203125
2026-05-30;-4.75;-38.25;95.99478912353516
2026-05-30;-4.75;-37.75;190.8597106933594
2026-05-30;-4.75;-37.25;139.9431762695312
2026-05-30;-4.25;-41.25;0.0
2026-05-30;-4.25;-40.75;1.901999592781067
2026-05-30;-4.25;-40.25;2.685310840606689
2026-05-30;-4.25;-39.75;25.22750473022461
2026-05-30;-4.25;-39.25;119.5558471679688
2026-05-30;-4.25;-38.75;154.3624572753906
2026-05-30;-4.25;-38.25;164.0790100097656
2026-05-30;-4.25;-37.75;203.5470275878906
2026-05-30;-4.25;-37.25;
2026-05-30;-3.75;-41.25;2.943702936172485
2026-05-30;-3.75;-40.75;13.5149621963501
2026-05-30;-3.75;-40.25;41.67033386230469
2026-05-30;-3.75;-39.75;75.77648162841797
2026-05-30;-3.75;-39.25;169.5914001464844
2026-05-30;-3.75;-38.75;193.2547454833984
2026-05-30;-3.75;-38.25;195.80322265625
2026-05-30;-3.75;-37.75;
2026-05-30;-3.75;-37.25;
2026-05-30;-3.25;-41.25;12.0986795425415
2026-05-30;-3.25;-40.75;13.16408443450928
2026-05-30;-3.25;-40.25;36.32637023925781
2026-05-30;-3.25;-39.75;68.39833068847656
2026-05-30;-3.25;-39.25;143.1345520019531
2026-05-30;-3.25;-38.75;185.8890533447266
2026-05-30;-3.25;-38.25;
2026-05-30;-3.25;-37.75;
2026-05-30;-3.25;-37.25;
2026-05-30;-2.75;-41.25;13.84411239624023
2026-05-30;-2.75;-40.75;19.60989761352539
2026-05-30;-2.75;-40.25;31.06788063049316
2026-05-30;-2.75;-39.75;48.2293815612793
2026-05-30;-2.75;-39.25;
2026-05-30;-2.75;-38.75;
2026-05-30;-2.75;-38.25;
2026-05-30;-2.75;-37.75;
2026-05-30;-2.75;-37.25;
2026-05-31;-7.75;-41.25;0.0
2026-05-31;-7.75;-40.75;0.0
2026-05-31;-7.75;-40.25;0.0
2026-05-31;-7.75;-39.75;0.0
2026-05-31;-7.75;-39.25;0.0
2026-05-31;-7.75;-38.75;3.012876272201538
2026-05-31;-7.75;-38.25;19.72628211975098
2026-05-31;-7.75;-37.75;47.61974334716797
2026-05-31;-7.75;-37.25;62.81562423706055
2026-05-31;-7.25;-41.25;0.0
2026-05-31;-7.25;-40.75;0.0
2026-05-31;-7.25;-40.25;0.0
2026-05-31;-7.25;-39.75;0.0
2026-05-31;-7.25;-39.25;0.0
2026-05-31;-7.25;-38.75;3.102028131484985
2026-05-31;-7.25;-38.25;9.216411590576172
2026-05-31;-7.25;-37.75;23.13033866882324
2026-05-31;-7.25;-37.25;32.12409591674805
2026-05-31;-6.75;-41.25;0.0
2026-05-31;-6.75;-40.75;0.0
2026-05-31;-6.75;-40.25;0.0
2026-05-31;-6.75;-39.75;0.0
2026-05-31;-6.75;-39.25;0.5177929997444153
2026-05-31;-6.75;-38.75;2.440954208374023
2026-05-31;-6.75;-38.25;4.218515872955322
2026-05-31;-6.75;-37.75;6.274470806121826
2026-05-31;-6.75;-37.25;6.52009105682373
2026-05-31;-6.25;-41.25;0.0
2026-05-31;-6.25;-40.75;0.0
2026-05-31;-6.25;-40.25;0.0
2026-05-31;-6.25;-39.75;0.339971125125885
2026-05-31;-6.25;-39.25;0.522616982460022
2026-05-31;-6.25;-38.75;2.347529172897339
2026-05-31;-6.25;-38.25;3.729835748672485
2026-05-31;-6.25;-37.75;2.942308664321899
2026-05-31;-6.25;-37.25;0.6119201183319092
2026-05-31;-5.75;-41.25;0.0
2026-05-31;-5.75;-40.75;0.0
2026-05-31;-5.75;-40.25;0.3932653665542603
2026-05-31;-5.75;-39.75;1.521802425384521
2026-05-31;-5.75;-39.25;2.91899847984314
2026-05-31;-5.75;-38.75;5.000370979309082
2026-05-31;-5.75;-38.25;5.837795257568359
2026-05-31;-5.75;-37.75;3.776915073394775
2026-05-31;-5.75;-37.25;1.097259521484375
2026-05-31;-5.25;-41.25;0.0
2026-05-31;-5.25;-40.75;0.0
2026-05-31;-5.25;-40.25;0.0
2026-05-31;-5.25;-39.75;2.828089714050293
2026-05-31;-5.25;-39.25;5.476510047912598
2026-05-31;-5.25;-38.75;7.976867198944092
2026-05-31;-5.25;-38.25;8.960040092468262
2026-05-31;-5.25;-37.75;5.491607666015625
2026-05-31;-5.25;-37.25;0.9618266224861145
2026-05-31;-4.75;-41.25;1.282168626785278
2026-05-31;-4.75;-40.75;0.0
2026-05-31;-4.75;-40.25;0.6839296817779541
2026-05-31;-4.75;-39.75;4.053905963897705
2026-05-31;-4.75;-39.25;5.263692378997803
2026-05-31;-4.75;-38.75;6.88870906829834
2026-05-31;-4.75;-38.25;7.752243041992188
2026-05-31;-4.75;-37.75;5.577751636505127
2026-05-31;-4.75;-37.25;0.5661553144454956
2026-05-31;-4.25;-41.25;12.05510997772217
2026-05-31;-4.25;-40.75;0.2375236451625824
2026-05-31;-4.25;-40.25;0.0
2026-05-31;-4.25;-39.75;1.406866312026978
2026-05-31;-4.25;-39.25;1.259960174560547
2026-05-31;-4.25;-38.75;0.5567424893379211
2026-05-31;-4.25;-38.25;0.691970944404602
2026-05-31;-4.25;-37.75;1.481826066970825
2026-05-31;-4.25;-37.25;
2026-05-31;-3.75;-41.25;38.68239212036133
2026-05-31;-3.75;-40.75;5.722898006439209
2026-05-31;-3.75;-40.25;0.0
2026-05-31;-3.75;-39.75;0.0
2026-05-31;-3.75;-39.25;0.0
2026-05-31;-3.75;-38.75;0.0
2026-05-31;-3.75;-38.25;0.0
2026-05-31;-3.75;-37.75;
2026-05-31;-3.75;-37.25;
2026-05-31;-3.25;-41.25;70.88419342041016
2026-05-31;-3.25;-40.75;15.53962230682373
2026-05-31;-3.25;-40.25;0.0
2026-05-31;-3.25;-39.75;0.0
2026-05-31;-3.25;-39.25;0.0
2026-05-31;-3.25;-38.75;0.0
2026-05-31;-3.25;-38.25;
2026-05-31;-3.25;-37.75;
2026-05-31;-3.25;-37.25;
2026-05-31;-2.75;-41.25;92.98133850097656
2026-05-31;-2.75;-40.75;23.09757232666016
2026-05-31;-2.75;-40.25;0.2449213117361069
2026-05-31;-2.75;-39.75;0.384807676076889
2026-05-31;-2.75;-39.25;
2026-05-31;-2.75;-38.75;
2026-05-31;-2.75;-38.25;
2026-05-31;-2.75;-37.75;
2026-05-31;-2.75;-37.25;
2026-06-01;-7.75;-41.25;0.0
2026-06-01;-7.75;-40.75;0.0
2026-06-01;-7.75;-40.25;0.0
2026-06-01;-7.75;-39.75;0.0
2026-06-01;-7.75;-39.25;0.0
2026-06-01;-7.75;-38.75;0.0
2026-06-01;-7.75;-38.25;0.0
2026-06-01;-7.75;-37.75;0.0
2026-06-01;-7.75;-37.25;0.0
2026-06-01;-7.25;-41.25;0.0
2026-06-01;-7.25;-40.75;0.0
2026-06-01;-7.25;-40.25;0.0
2026-06-01;-7.25;-39.75;0.0
2026-06-01;-7.25;-39.25;0.0
2026-06-01;-7.25;-38.75;0.0
2026-06-01;-7.25;-38.25;0.0
2026-06-01;-7.25;-37.75;0.0
2026-06-01;-7.25;-37.25;0.0
2026-06-01;-6.75;-41.25;0.0
2026-06-01;-6.75;-40.75;0.0
2026-06-01;-6.75;-40.25;0.0
2026-06-01;-6.75;-39.75;0.0
2026-06-01;-6.75;-39.25;0.0
2026-06-01;-6.75;-38.75;0.0
2026-06-01;-6.75;-38.25;0.0
2026-06-01;-6.75;-37.75;0.0
2026-06-01;-6.75;-37.25;0.0
2026-06-01;-6.25;-41.25;0.0
2026-06-01;-6.25;-40.75;0.0
2026-06-01;-6.25;-40.25;0.3072079122066498
2026-06-01;-6.25;-39.75;0.5568480491638184
2026-06-01;-6.25;-39.25;0.5731452703475952
2026-06-01;-6.25;-38.75;0.0
2026-06-01;-6.25;-38.25;0.0
2026-06-01;-6.25;-37.75;0.0
2026-06-01;-6.25;-37.25;0.0
2026-06-01;-5.75;-41.25;0.0
2026-06-01;-5.75;-40.75;0.3578506708145142
2026-06-01;-5.75;-40.25;5.131241798400879
2026-06-01;-5.75;-39.75;8.518738746643066
2026-06-01;-5.75;-39.25;9.979522705078125
2026-06-01;-5.75;-38.75;1.250012755393982
2026-06-01;-5.75;-38.25;0.0
2026-06-01;-5.75;-37.75;0.0
2026-06-01;-5.75;-37.25;0.0
2026-06-01;-5.25;-41.25;0.0
2026-06-01;-5.25;-40.75;0.0
2026-06-01;-5.25;-40.25;3.868723154067993
2026-06-01;-5.25;-39.75;6.793801307678223
2026-06-01;-5.25;-39.25;3.501015186309814
2026-06-01;-5.25;-38.75;0.5423299074172974
2026-06-01;-5.25;-38.25;0.0
2026-06-01;-5.25;-37.75;0.0
2026-06-01;-5.25;-37.25;0.0
2026-06-01;-4.75;-41.25;0.0
2026-06-01;-4.75;-40.75;0.0
2026-06-01;-4.75;-40.25;0.0
2026-06-01;-4.75;-39.75;1.335432648658752
2026-06-01;-4.75;-39.25;0.6680506467819214
2026-06-01;-4.75;-38.75;0.0
2026-06-01;-4.75;-38.25;0.0
2026-06-01;-4.75;-37.75;0.0
2026-06-01;-4.75;-37.25;0.0
2026-06-01;-4.25;-41.25;0.0
2026-06-01;-4.25;-40.75;0.0
2026-06-01;-4.25;-40.25;0.0
2026-06-01;-4.25;-39.75;0.0
2026-06-01;-4.25;-39.25;0.0
2026-06-01;-4.25;-38.75;0.0
2026-06-01;-4.25;-38.25;0.0
2026-06-01;-4.25;-37.75;0.0
2026-06-01;-4.25;-37.25;
2026-06-01;-3.75;-41.25;0.0
2026-06-01;-3.75;-40.75;0.0
2026-06-01;-3.75;-40.25;0.0
2026-06-01;-3.75;-39.75;0.0
2026-06-01;-3.75;-39.25;0.0
2026-06-01;-3.75;-38.75;0.0
2026-06-01;-3.75;-38.25;0.0
2026-06-01;-3.75;-37.75;
2026-06-01;-3.75;-37.25;
2026-06-01;-3.25;-41.25;0.0
2026-06-01;-3.25;-40.75;0.0
2026-06-01;-3.25;-40.25;0.0
2026-06-01;-3.25;-39.75;0.0
2026-06-01;-3.25;-39.25;0.0
2026-06-01;-3.25;-38.75;0.0
2026-06-01;-3.25;-38.25;
2026-06-01;-3.25;-37.75;
2026-06-01;-3.25;-37.25;
2026-06-01;-2.75;-41.25;0.0
2026-06-01;-2.75;-40.75;0.0
2026-06-01;-2.75;-40.25;0.0
2026-06-01;-2.75;-39.75;0.0
2026-06-01;-2.75;-39.25;
2026-06-01;-2.75;-38.75;
2026-06-01;-2.75;-38.25;
2026-06-01;-2.75;-37.75;
2026-06-01;-2.75;-37.25;
2026-06-02;-7.75;-41.25;0.0
2026-06-02;-7.75;-40.75;0.0
2026-06-02;-7.75;-40.25;0.0
2026-06-02;-7.75;-39.75;0.9112718105316162
2026-06-02;-7.75;-39.25;0.4724650382995605
2026-06-02;-7.75;-38.75;0.0
2026-06-02;-7.75;-38.25;0.0
2026-06-02;-7.75;-37.75;0.0
2026-06-02;-7.75;-37.25;0.0
2026-06-02;-7.25;-41.25;0.0
2026-06-02;-7.25;-40.75;0.0
2026-06-02;-7.25;-40.25;0.0
2026-06-02;-7.25;-39.75;0.0
2026-06-02;-7.25;-39.25;0.0
2026-06-02;-7.25;-38.75;0.0
2026-06-02;-7.25;-38.25;0.0
2026-06-02;-7.25;-37.75;0.0
2026-06-02;-7.25;-37.25;0.0
2026-06-02;-6.75;-41.25;0.0
2026-06-02;-6.75;-40.75;0.0
2026-06-02;-6.75;-40.25;0.0
2026-06-02;-6.75;-39.75;0.0
2026-06-02;-6.75;-39.25;0.0
2026-06-02;-6.75;-38.75;0.0
2026-06-02;-6.75;-38.25;0.0
2026-06-02;-6.75;-37.75;0.0
2026-06-02;-6.75;-37.25;0.0
2026-06-02;-6.25;-41.25;0.0
2026-06-02;-6.25;-40.75;0.0
2026-06-02;-6.25;-40.25;0.0
2026-06-02;-6.25;-39.75;0.0
2026-06-02;-6.25;-39.25;0.0
2026-06-02;-6.25;-38.75;0.0
2026-06-02;-6.25;-38.25;0.0
2026-06-02;-6.25;-37.75;0.0
2026-06-02;-6.25;-37.25;0.0
2026-06-02;-5.75;-41.25;0.0
2026-06-02;-5.75;-40.75;0.0
2026-06-02;-5.75;-40.25;0.0
2026-06-02;-5.75;-39.75;0.0
2026-06-02;-5.75;-39.25;0.0
2026-06-02;-5.75;-38.75;0.0
2026-06-02;-5.75;-38.25;0.0
2026-06-02;-5.75;-37.75;0.0
2026-06-02;-5.75;-37.25;0.0
2026-06-02;-5.25;-41.25;0.0
2026-06-02;-5.25;-40.75;0.0
2026-06-02;-5.25;-40.25;0.0
2026-06-02;-5.25;-39.75;0.0
2026-06-02;-5.25;-39.25;0.0
2026-06-02;-5.25;-38.75;0.0
2026-06-02;-5.25;-38.25;0.524415910243988
2026-06-02;-5.25;-37.75;0.0
2026-06-02;-5.25;-37.25;0.0
2026-06-02;-4.75;-41.25;0.2311902344226837
2026-06-02;-4.75;-40.75;0.0
2026-06-02;-4.75;-40.25;0.0
2026-06-02;-4.75;-39.75;0.0
2026-06-02;-4.75;-39.25;0.4207431674003601
2026-06-02;-4.75;-38.75;0.3150830864906311
2026-06-02;-4.75;-38.25;0.842517614364624
2026-06-02;-4.75;-37.75;0.0
2026-06-02;-4.75;-37.25;0.0
2026-06-02;-4.25;-41.25;3.45702052116394
2026-06-02;-4.25;-40.75;0.0
2026-06-02;-4.25;-40.25;0.0
2026-06-02;-4.25;-39.75;1.708167672157288
2026-06-02;-4.25;-39.25;9.231966972351074
2026-06-02;-4.25;-38.75;6.140621185302734
2026-06-02;-4.25;-38.25;2.523711204528809
2026-06-02;-4.25;-37.75;0.0
2026-06-02;-4.25;-37.25;
2026-06-02;-3.75;-41.25;5.795286178588867
2026-06-02;-3.75;-40.75;0.4780438542366028
2026-06-02;-3.75;-40.25;7.060922145843506
2026-06-02;-3.75;-39.75;20.95238494873047
2026-06-02;-3.75;-39.25;14.64138317108154
2026-06-02;-3.75;-38.75;8.424298286437988
2026-06-02;-3.75;-38.25;5.716346740722656
2026-06-02;-3.75;-37.75;
2026-06-02;-3.75;-37.25;
2026-06-02;-3.25;-41.25;1.5505291223526
2026-06-02;-3.25;-40.75;14.8050537109375
2026-06-02;-3.25;-40.25;86.7248306274414
2026-06-02;-3.25;-39.75;81.1391830444336
2026-06-02;-3.25;-39.25;35.97920227050781
2026-06-02;-3.25;-38.75;14.45009899139404
2026-06-02;-3.25;-38.25;
2026-06-02;-3.25;-37.75;
2026-06-02;-3.25;-37.25;
2026-06-02;-2.75;-41.25;3.887435913085938
2026-06-02;-2.75;-40.75;44.05628204345703
2026-06-02;-2.75;-40.25;111.6273956298828
2026-06-02;-2.75;-39.75;107.1423873901367
2026-06-02;-2.75;-39.25;
2026-06-02;-2.75;-38.75;
2026-06-02;-2.75;-38.25;
2026-06-02;-2.75;-37.75;
2026-06-02;-2.75;-37.25;
2026-06-03;-7.75;-41.25;0.0
2026-06-03;-7.75;-40.75;0.0
2026-06-03;-7.75;-40.25;0.0
2026-06-03;-7.75;-39.75;0.7298727035522461
2026-06-03;-7.75;-39.25;0.3782004415988922
2026-06-03;-7.75;-38.75;0.0
2026-06-03;-7.75;-38.25;0.0
2026-06-03;-7.75;-37.75;0.0
2026-06-03;-7.75;-37.25;0.0
2026-06-03;-7.25;-41.25;0.0
2026-06-03;-7.25;-40.75;0.0
2026-06-03;-7.25;-40.25;0.0
2026-06-03;-7.25;-39.75;0.0
2026-06-03;-7.25;-39.25;0.0
2026-06-03;-7.25;-38.75;0.0
2026-06-03;-7.25;-38.25;0.0
2026-06-03;-7.25;-37.75;0.0
2026-06-03;-7.25;-37.25;0.0
2026-06-03;-6.75;-41.25;0.0
2026-06-03;-6.75;-40.75;0.0
2026-06-03;-6.75;-40.25;0.0
2026-06-03;-6.75;-39.75;0.0
2026-06-03;-6.75;-39.25;0.0
2026-06-03;-6.75;-38.75;0.0
2026-06-03;-6.75;-38.25;0.0
2026-06-03;-6.75;-37.75;0.0
2026-06-03;-6.75;-37.25;0.0
2026-06-03;-6.25;-41.25;0.0
2026-06-03;-6.25;-40.75;0.0
2026-06-03;-6.25;-40.25;0.0
2026-06-03;-6.25;-39.75;0.0
2026-06-03;-6.25;-39.25;0.0
2026-06-03;-6.25;-38.75;0.0
2026-06-03;-6.25;-38.25;0.0
2026-06-03;-6.25;-37.75;0.0
2026-06-03;-6.25;-37.25;0.0
2026-06-03;-5.75;-41.25;0.0
2026-06-03;-5.75;-40.75;0.0
2026-06-03;-5.75;-40.25;7.770858287811279
2026-06-03;-5.75;-39.75;13.98185348510742
2026-06-03;-5.75;-39.25;8.76706600189209
2026-06-03;-5.75;-38.75;2.926060676574707
2026-06-03;-5.75;-38.25;0.5780363082885742
2026-06-03;-5.75;-37.75;0.356759637594223
2026-06-03;-5.75;-37.25;0.0
2026-06-03;-5.25;-41.25;0.0
2026-06-03;-5.25;-40.75;0.0
2026-06-03;-5.25;-40.25;21.80191993713379
2026-06-03;-5.25;-39.75;52.63190460205078
2026-06-03;-5.25;-39.25;62.62186431884766
2026-06-03;-5.25;-38.75;30.70877838134766
2026-06-03;-5.25;-38.25;12.73596858978271
2026-06-03;-5.25;-37.75;1.640990376472473
2026-06-03;-5.25;-37.25;0.0
2026-06-03;-4.75;-41.25;0.0
2026-06-03;-4.75;-40.75;0.0
2026-06-03;-4.75;-40.25;8.048935890197754
2026-06-03;-4.75;-39.75;50.48598098754883
2026-06-03;-4.75;-39.25;74.25202941894531
2026-06-03;-4.75;-38.75;46.89788436889648
2026-06-03;-4.75;-38.25;28.92945289611816
2026-06-03;-4.75;-37.75;3.0587158203125
2026-06-03;-4.75;-37.25;0.0
2026-06-03;-4.25;-41.25;0.0
2026-06-03;-4.25;-40.75;0.0
2026-06-03;-4.25;-40.25;1.085318565368652
2026-06-03;-4.25;-39.75;7.372851848602295
2026-06-03;-4.25;-39.25;18.8267993927002
2026-06-03;-4.25;-38.75;14.20329093933105
2026-06-03;-4.25;-38.25;11.87256908416748
2026-06-03;-4.25;-37.75;4.004636287689209
2026-06-03;-4.25;-37.25;
2026-06-03;-3.75;-41.25;0.0
2026-06-03;-3.75;-40.75;0.0
2026-06-03;-3.75;-40.25;0.0
2026-06-03;-3.75;-39.75;0.0
2026-06-03;-3.75;-39.25;0.2168536484241486
2026-06-03;-3.75;-38.75;0.878876268863678
2026-06-03;-3.75;-38.25;1.378354072570801
2026-06-03;-3.75;-37.75;
2026-06-03;-3.75;-37.25;
2026-06-03;-3.25;-41.25;0.0
2026-06-03;-3.25;-40.75;0.0
2026-06-03;-3.25;-40.25;0.0
2026-06-03;-3.25;-39.75;0.0
2026-06-03;-3.25;-39.25;0.0
2026-06-03;-3.25;-38.75;0.0
2026-06-03;-3.25;-38.25;
2026-06-03;-3.25;-37.75;
2026-06-03;-3.25;-37.25;
2026-06-03;-2.75;-41.25;0.0
2026-06-03;-2.75;-40.75;0.0
2026-06-03;-2.75;-40.25;0.0
2026-06-03;-2.75;-39.75;0.0
2026-06-03;-2.75;-39.25;
2026-06-03;-2.75;-38.75;
2026-06-03;-2.75;-38.25;
2026-06-03;-2.75;-37.75;
2026-06-03;-2.75;-37.25;
2026-06-04;-7.75;-41.25;0.0
2026-06-04;-7.75;-40.75;0.0
2026-06-04;-7.75;-40.25;0.0
2026-06-04;-7.75;-39.75;1.034783959388733
2026-06-04;-7.75;-39.25;0.5358881950378418
2026-06-04;-7.75;-38.75;0.2200781852006912
2026-06-04;-7.75;-38.25;0.0
2026-06-04;-7.75;-37.75;0.2574480175971985
2026-06-04;-7.75;-37.25;0.2507892549037933
2026-06-04;-7.25;-41.25;0.0
2026-06-04;-7.25;-40.75;0.0
2026-06-04;-7.25;-40.25;0.0
2026-06-04;-7.25;-39.75;0.0
2026-06-04;-7.25;-39.25;0.0
2026-06-04;-7.25;-38.75;0.0
2026-06-04;-7.25;-38.25;0.0
2026-06-04;-7.25;-37.75;0.0
2026-06-04;-7.25;-37.25;0.0
2026-06-04;-6.75;-41.25;0.0
2026-06-04;-6.75;-40.75;0.0
2026-06-04;-6.75;-40.25;0.0
2026-06-04;-6.75;-39.75;0.0
2026-06-04;-6.75;-39.25;0.0
2026-06-04;-6.75;-38.75;0.0
2026-06-04;-6.75;-38.25;0.0
2026-06-04;-6.75;-37.75;0.0
2026-06-04;-6.75;-37.25;0.0
2026-06-04;-6.25;-41.25;0.0
2026-06-04;-6.25;-40.75;0.0
2026-06-04;-6.25;-40.25;0.2776785790920258
2026-06-04;-6.25;-39.75;0.5001503825187683
2026-06-04;-6.25;-39.25;0.5063770413398743
2026-06-04;-6.25;-38.75;0.0
2026-06-04;-6.25;-38.25;0.0
2026-06-04;-6.25;-37.75;0.396806389093399
2026-06-04;-6.25;-37.25;4.067156314849854
2026-06-04;-5.75;-41.25;0.0
2026-06-04;-5.75;-40.75;0.3879175782203674
2026-06-04;-5.75;-40.25;5.137683868408203
2026-06-04;-5.75;-39.75;8.06364917755127
2026-06-04;-5.75;-39.25;9.086877822875977
2026-06-04;-5.75;-38.75;1.217559933662415
2026-06-04;-5.75;-38.25;0.0
2026-06-04;-5.75;-37.75;2.365244626998901
2026-06-04;-5.75;-37.25;11.23031044006348
2026-06-04;-5.25;-41.25;0.0
2026-06-04;-5.25;-40.75;1.269412398338318
2026-06-04;-5.25;-40.25;7.993022441864014
2026-06-04;-5.25;-39.75;8.92550277709961
2026-06-04;-5.25;-39.25;5.872523307800293
2026-06-04;-5.25;-38.75;1.124019265174866
2026-06-04;-5.25;-38.25;0.0
2026-06-04;-5.25;-37.75;17.73164749145508
2026-06-04;-5.25;-37.25;25.91939353942871
2026-06-04;-4.75;-41.25;0.0
2026-06-04;-4.75;-40.75;4.328506946563721
2026-06-04;-4.75;-40.25;13.81417751312256
2026-06-04;-4.75;-39.75;11.07655429840088
2026-06-04;-4.75;-39.25;10.76702976226807
2026-06-04;-4.75;-38.75;3.494699716567993
2026-06-04;-4.75;-38.25;34.91263961791992
2026-06-04;-4.75;-37.75;121.0567626953125
2026-06-04;-4.75;-37.25;93.2265396118164
2026-06-04;-4.25;-41.25;0.0
2026-06-04;-4.25;-40.75;5.556183815002441
2026-06-04;-4.25;-40.25;17.1938419342041
2026-06-04;-4.25;-39.75;33.82878112792969
2026-06-04;-4.25;-39.25;106.6763458251953
2026-06-04;-4.25;-38.75;57.39635467529297
2026-06-04;-4.25;-38.25;57.6950569152832
2026-06-04;-4.25;-37.75;119.9567565917969
2026-06-04;-4.25;-37.25;
2026-06-04;-3.75;-41.25;0.4755238890647888
2026-06-04;-3.75;-40.75;4.169336318969727
2026-06-04;-3.75;-40.25;13.85196590423584
2026-06-04;-3.75;-39.75;69.29471588134766
2026-06-04;-3.75;-39.25;165.7140808105469
2026-06-04;-3.75;-38.75;72.30875396728516
2026-06-04;-3.75;-38.25;41.97793197631836
2026-06-04;-3.75;-37.75;
2026-06-04;-3.75;-37.25;
2026-06-04;-3.25;-41.25;0.7081499695777893
2026-06-04;-3.25;-40.75;3.195385217666626
2026-06-04;-3.25;-40.25;20.41131401062012
2026-06-04;-3.25;-39.75;60.26305770874023
2026-06-04;-3.25;-39.25;123.0777740478516
2026-06-04;-3.25;-38.75;91.828369140625
2026-06-04;-3.25;-38.25;
2026-06-04;-3.25;-37.75;
2026-06-04;-3.25;-37.25;
2026-06-04;-2.75;-41.25;0.776027500629425
2026-06-04;-2.75;-40.75;7.918529033660889
2026-06-04;-2.75;-40.25;26.41535758972168
2026-06-04;-2.75;-39.75;45.17065811157227
2026-06-04;-2.75;-39.25;
2026-06-04;-2.75;-38.75;
2026-06-04;-2.75;-38.25;
2026-06-04;-2.75;-37.75;
2026-06-04;-2.75;-37.25;
2026-06-05;-7.75;-41.25;0.0
2026-06-05;-7.75;-40.75;0.8427692651748657
2026-06-05;-7.75;-40.25;4.47638988494873
2026-06-05;-7.75;-39.75;4.080205917358398
2026-06-05;-7.75;-39.25;0.8572250008583069
2026-06-05;-7.75;-38.75;0.2195190787315369
2026-06-05;-7.75;-38.25;0.0
2026-06-05;-7.75;-37.75;0.5748860239982605
2026-06-05;-7.75;-37.25;1.173133254051208
2026-06-05;-7.25;-41.25;0.0
2026-06-05;-7.25;-40.75;1.303547739982605
2026-06-05;-7.25;-40.25;3.058982372283936
2026-06-05;-7.25;-39.75;1.118477344512939
2026-06-05;-7.25;-39.25;0.0
2026-06-05;-7.25;-38.75;0.0
2026-06-05;-7.25;-38.25;0.0
2026-06-05;-7.25;-37.75;6.937153339385986
2026-06-05;-7.25;-37.25;8.117713928222656
2026-06-05;-6.75;-41.25;0.0
2026-06-05;-6.75;-40.75;0.0
2026-06-05;-6.75;-40.25;0.0
2026-06-05;-6.75;-39.75;0.0
2026-06-05;-6.75;-39.25;0.0
2026-06-05;-6.75;-38.75;0.0
2026-06-05;-6.75;-38.25;10.31031322479248
2026-06-05;-6.75;-37.75;45.39733123779297
2026-06-05;-6.75;-37.25;10.09206390380859
2026-06-05;-6.25;-41.25;0.0
2026-06-05;-6.25;-40.75;0.0
2026-06-05;-6.25;-40.25;0.0
2026-06-05;-6.25;-39.75;0.0
2026-06-05;-6.25;-39.25;0.0
2026-06-05;-6.25;-38.75;0.0
2026-06-05;-6.25;-38.25;15.02367687225342
2026-06-05;-6.25;-37.75;30.71202659606934
2026-06-05;-6.25;-37.25;1.288909077644348
2026-06-05;-5.75;-41.25;0.0
2026-06-05;-5.75;-40.75;0.0
2026-06-05;-5.75;-40.25;2.61990761756897
2026-06-05;-5.75;-39.75;4.815181255340576
2026-06-05;-5.75;-39.25;2.90959644317627
2026-06-05;-5.75;-38.75;1.074871778488159
2026-06-05;-5.75;-38.25;0.5537792444229126
2026-06-05;-5.75;-37.75;8.375529289245605
2026-06-05;-5.75;-37.25;43.20841979980469
2026-06-05;-5.25;-41.25;0.0
2026-06-05;-5.25;-40.75;0.0
2026-06-05;-5.25;-40.25;7.098979949951172
2026-06-05;-5.25;-39.75;18.24716949462891
2026-06-05;-5.25;-39.25;22.14352989196777
2026-06-05;-5.25;-38.75;11.87895202636719
2026-06-05;-5.25;-38.25;5.862027168273926
2026-06-05;-5.25;-37.75;8.989140510559082
2026-06-05;-5.25;-37.25;79.60472106933594
2026-06-05;-4.75;-41.25;0.0
2026-06-05;-4.75;-40.75;0.0
2026-06-05;-4.75;-40.25;1.330577492713928
2026-06-05;-4.75;-39.75;13.84201240539551
2026-06-05;-4.75;-39.25;24.7835865020752
2026-06-05;-4.75;-38.75;17.55633354187012
2026-06-05;-4.75;-38.25;15.21936321258545
2026-06-05;-4.75;-37.75;16.40475463867188
2026-06-05;-4.75;-37.25;45.59103393554688
2026-06-05;-4.25;-41.25;0.0
2026-06-05;-4.25;-40.75;0.0
2026-06-05;-4.25;-40.25;0.0
2026-06-05;-4.25;-39.75;0.7786522507667542
2026-06-05;-4.25;-39.25;6.269841194152832
2026-06-05;-4.25;-38.75;5.417691707611084
2026-06-05;-4.25;-38.25;9.521900177001953
2026-06-05;-4.25;-37.75;15.88527488708496
2026-06-05;-4.25;-37.25;
2026-06-05;-3.75;-41.25;0.0
2026-06-05;-3.75;-40.75;0.0
2026-06-05;-3.75;-40.25;0.5094980597496033
2026-06-05;-3.75;-39.75;0.5140551328659058
2026-06-05;-3.75;-39.25;1.723974943161011
2026-06-05;-3.75;-38.75;0.7590446472167969
2026-06-05;-3.75;-38.25;2.40511155128479
2026-06-05;-3.75;-37.75;
2026-06-05;-3.75;-37.25;
2026-06-05;-3.25;-41.25;0.0
2026-06-05;-3.25;-40.75;0.0
2026-06-05;-3.25;-40.25;0.0
2026-06-05;-3.25;-39.75;0.2171044796705246
2026-06-05;-3.25;-39.25;1.212098479270935
2026-06-05;-3.25;-38.75;0.5099373459815979
2026-06-05;-3.25;-38.25;
2026-06-05;-3.25;-37.75;
2026-06-05;-3.25;-37.25;
2026-06-05;-2.75;-41.25;0.0
2026-06-05;-2.75;-40.75;0.0
2026-06-05;-2.75;-40.25;0.0
2026-06-05;-2.75;-39.75;0.0
2026-06-05;-2.75;-39.25;
2026-06-05;-2.75;-38.75;
2026-06-05;-2.75;-38.25;
2026-06-05;-2.75;-37.75;
2026-06-05;-2.75;-37.25;
2026-06-06;-7.75;-41.25;0.0
2026-06-06;-7.75;-40.75;0.0
2026-06-06;-7.75;-40.25;0.2270505875349045
2026-06-06;-7.75;-39.75;0.7628466486930847
2026-06-06;-7.75;-39.25;0.2670103311538696
2026-06-06;-7.75;-38.75;0.0
2026-06-06;-7.75;-38.25;0.0
2026-06-06;-7.75;-37.75;4.201045036315918
2026-06-06;-7.75;-37.25;7.089975833892822
2026-06-06;-7.25;-41.25;0.0
2026-06-06;-7.25;-40.75;0.0
2026-06-06;-7.25;-40.25;0.0
2026-06-06;-7.25;-39.75;0.0
2026-06-06;-7.25;-39.25;0.0
2026-06-06;-7.25;-38.75;0.0
2026-06-06;-7.25;-38.25;0.0
2026-06-06;-7.25;-37.75;0.0
2026-06-06;-7.25;-37.25;0.8998330235481262
2026-06-06;-6.75;-41.25;0.0
2026-06-06;-6.75;-40.75;0.0
2026-06-06;-6.75;-40.25;0.0
2026-06-06;-6.75;-39.75;0.0
2026-06-06;-6.75;-39.25;0.0
2026-06-06;-6.75;-38.75;0.0
2026-06-06;-6.75;-38.25;0.0
2026-06-06;-6.75;-37.75;0.0
2026-06-06;-6.75;-37.25;0.0
2026-06-06;-6.25;-41.25;0.0
2026-06-06;-6.25;-40.75;0.0
2026-06-06;-6.25;-40.25;0.0
2026-06-06;-6.25;-39.75;0.0
2026-06-06;-6.25;-39.25;0.0
2026-06-06;-6.25;-38.75;0.0
2026-06-06;-6.25;-38.25;0.0
2026-06-06;-6.25;-37.75;0.0
2026-06-06;-6.25;-37.25;0.0
2026-06-06;-5.75;-41.25;0.5631111860275269
2026-06-06;-5.75;-40.75;0.0
2026-06-06;-5.75;-40.25;0.0
2026-06-06;-5.75;-39.75;0.0
2026-06-06;-5.75;-39.25;0.0
2026-06-06;-5.75;-38.75;0.0
2026-06-06;-5.75;-38.25;1.64168107509613
2026-06-06;-5.75;-37.75;3.257537364959717
2026-06-06;-5.75;-37.25;0.0
2026-06-06;-5.25;-41.25;0.7156145572662354
2026-06-06;-5.25;-40.75;0.0
2026-06-06;-5.25;-40.25;0.0
2026-06-06;-5.25;-39.75;0.0
2026-06-06;-5.25;-39.25;0.2466395050287247
2026-06-06;-5.25;-38.75;4.8489670753479
2026-06-06;-5.25;-38.25;12.2437105178833
2026-06-06;-5.25;-37.75;7.70269250869751
2026-06-06;-5.25;-37.25;0.0
2026-06-06;-4.75;-41.25;0.0
2026-06-06;-4.75;-40.75;0.0
2026-06-06;-4.75;-40.25;0.0
2026-06-06;-4.75;-39.75;0.0
2026-06-06;-4.75;-39.25;4.763525009155273
2026-06-06;-4.75;-38.75;11.35043334960938
2026-06-06;-4.75;-38.25;11.97665405273438
2026-06-06;-4.75;-37.75;2.19493842124939
2026-06-06;-4.75;-37.25;0.0
2026-06-06;-4.25;-41.25;0.0
2026-06-06;-4.25;-40.75;0.0
2026-06-06;-4.25;-40.25;0.0
2026-06-06;-4.25;-39.75;9.99536418914795
2026-06-06;-4.25;-39.25;49.49946212768555
2026-06-06;-4.25;-38.75;24.00058937072754
2026-06-06;-4.25;-38.25;6.913225650787354
2026-06-06;-4.25;-37.75;1.544623970985413
2026-06-06;-4.25;-37.25;
2026-06-06;-3.75;-41.25;0.0
2026-06-06;-3.75;-40.75;0.0
2026-06-06;-3.75;-40.25;0.0
2026-06-06;-3.75;-39.75;27.49421501159668
2026-06-06;-3.75;-39.25;80.39791870117188
2026-06-06;-3.75;-38.75;28.76188659667969
2026-06-06;-3.75;-38.25;6.064455032348633
2026-06-06;-3.75;-37.75;
2026-06-06;-3.75;-37.25;
2026-06-06;-3.25;-41.25;0.0
2026-06-06;-3.25;-40.75;0.0
2026-06-06;-3.25;-40.25;0.0
2026-06-06;-3.25;-39.75;21.29775428771973
2026-06-06;-3.25;-39.25;56.48895645141602
2026-06-06;-3.25;-38.75;39.20781707763672
2026-06-06;-3.25;-38.25;
2026-06-06;-3.25;-37.75;
2026-06-06;-3.25;-37.25;
2026-06-06;-2.75;-41.25;0.0
2026-06-06;-2.75;-40.75;0.0
2026-06-06;-2.75;-40.25;0.0
2026-06-06;-2.75;-39.75;9.588509559631348
2026-06-06;-2.75;-39.25;
2026-06-06;-2.75;-38.75;
2026-06-06;-2.75;-38.25;
2026-06-06;-2.75;-37.75;
2026-06-06;-2.75;-37.25;
2026-06-07;-7.75;-41.25;0.0
2026-06-07;-7.75;-40.75;0.0
2026-06-07;-7.75;-40.25;0.0
2026-06-07;-7.75;-39.75;0.0
2026-06-07;-7.75;-39.25;0.0
2026-06-07;-7.75;-38.75;0.0
2026-06-07;-7.75;-38.25;0.3118654787540436
2026-06-07;-7.75;-37.75;11.25794410705566
2026-06-07;-7.75;-37.25;17.20907783508301
2026-06-07;-7.25;-41.25;0.0
2026-06-07;-7.25;-40.75;0.0
2026-06-07;-7.25;-40.25;0.0
2026-06-07;-7.25;-39.75;0.0
2026-06-07;-7.25;-39.25;0.0
2026-06-07;-7.25;-38.75;0.0
2026-06-07;-7.25;-38.25;0.0
2026-06-07;-7.25;-37.75;4.90215015411377
2026-06-07;-7.25;-37.25;9.423948287963867
2026-06-07;-6.75;-41.25;0.0
2026-06-07;-6.75;-40.75;0.0
2026-06-07;-6.75;-40.25;0.0
2026-06-07;-6.75;-39.75;0.0
2026-06-07;-6.75;-39.25;0.0
2026-06-07;-6.75;-38.75;0.2475317567586899
2026-06-07;-6.75;-38.25;4.083195686340332
2026-06-07;-6.75;-37.75;16.6229133605957
2026-06-07;-6.75;-37.25;5.675698757171631
2026-06-07;-6.25;-41.25;0.0
2026-06-07;-6.25;-40.75;0.0
2026-06-07;-6.25;-40.25;0.0
2026-06-07;-6.25;-39.75;0.0
2026-06-07;-6.25;-39.25;1.0390625
2026-06-07;-6.25;-38.75;10.10999774932861
2026-06-07;-6.25;-38.25;17.58687973022461
2026-06-07;-6.25;-37.75;13.47386169433594
2026-06-07;-6.25;-37.25;8.744420051574707
2026-06-07;-5.75;-41.25;0.0
2026-06-07;-5.75;-40.75;0.0
2026-06-07;-5.75;-40.25;3.484807968139648
2026-06-07;-5.75;-39.75;6.328207969665527
2026-06-07;-5.75;-39.25;7.680830001831055
2026-06-07;-5.75;-38.75;21.37591743469238
2026-06-07;-5.75;-38.25;42.12355804443359
2026-06-07;-5.75;-37.75;52.87640762329102
2026-06-07;-5.75;-37.25;9.456611633300781
2026-06-07;-5.25;-41.25;0.0
2026-06-07;-5.25;-40.75;0.0
2026-06-07;-5.25;-40.25;6.237988948822021
2026-06-07;-5.25;-39.75;17.22640228271484
2026-06-07;-5.25;-39.25;23.07314491271973
2026-06-07;-5.25;-38.75;25.60348510742188
2026-06-07;-5.25;-38.25;84.39679718017578
2026-06-07;-5.25;-37.75;48.74134063720703
2026-06-07;-5.25;-37.25;5.249243259429932
2026-06-07;-4.75;-41.25;0.0
2026-06-07;-4.75;-40.75;0.0
2026-06-07;-4.75;-40.25;1.01193380355835
2026-06-07;-4.75;-39.75;12.36236000061035
2026-06-07;-4.75;-39.25;26.31890296936035
2026-06-07;-4.75;-38.75;35.68901062011719
2026-06-07;-4.75;-38.25;39.22687911987305
2026-06-07;-4.75;-37.75;11.11612319946289
2026-06-07;-4.75;-37.25;0.7919871807098389
2026-06-07;-4.25;-41.25;0.0
2026-06-07;-4.25;-40.75;0.0
2026-06-07;-4.25;-40.25;0.0
2026-06-07;-4.25;-39.75;7.312443733215332
2026-06-07;-4.25;-39.25;39.62996292114258
2026-06-07;-4.25;-38.75;36.85520172119141
2026-06-07;-4.25;-38.25;27.85956573486328
2026-06-07;-4.25;-37.75;10.47420787811279
2026-06-07;-4.25;-37.25;
2026-06-07;-3.75;-41.25;0.0
2026-06-07;-3.75;-40.75;0.0
2026-06-07;-3.75;-40.25;0.0
2026-06-07;-3.75;-39.75;17.23196983337402
2026-06-07;-3.75;-39.25;54.30253982543945
2026-06-07;-3.75;-38.75;39.00533294677734
2026-06-07;-3.75;-38.25;29.39258575439453
2026-06-07;-3.75;-37.75;
2026-06-07;-3.75;-37.25;
2026-06-07;-3.25;-41.25;0.591148853302002
2026-06-07;-3.25;-40.75;0.0
2026-06-07;-3.25;-40.25;1.513500094413757
2026-06-07;-3.25;-39.75;14.4430627822876
2026-06-07;-3.25;-39.25;40.81558227539062
2026-06-07;-3.25;-38.75;41.89990234375
2026-06-07;-3.25;-38.25;
2026-06-07;-3.25;-37.75;
2026-06-07;-3.25;-37.25;
2026-06-07;-2.75;-41.25;1.569139838218689
2026-06-07;-2.75;-40.75;0.9493451118469238
2026-06-07;-2.75;-40.25;2.811610460281372
2026-06-07;-2.75;-39.75;8.272431373596191
2026-06-07;-2.75;-39.25;
2026-06-07;-2.75;-38.75;
2026-06-07;-2.75;-38.25;
2026-06-07;-2.75;-37.75;
2026-06-07;-2.75;-37.25;
2026-06-08;-7.75;-41.25;0.0
2026-06-08;-7.75;-40.75;0.0
2026-06-08;-7.75;-40.25;0.0
2026-06-08;-7.75;-39.75;0.0
2026-06-08;-7.75;-39.25;0.0
2026-06-08;-7.75;-38.75;0.0
2026-06-08;-7.75;-38.25;0.4725049138069153
2026-06-08;-7.75;-37.75;12.9820556640625
2026-06-08;-7.75;-37.25;24.32651901245117
2026-06-08;-7.25;-41.25;0.0
2026-06-08;-7.25;-40.75;0.0
2026-06-08;-7.25;-40.25;0.0
2026-06-08;-7.25;-39.75;0.0
2026-06-08;-7.25;-39.25;0.0
2026-06-08;-7.25;-38.75;0.0
2026-06-08;-7.25;-38.25;0.9598537087440491
2026-06-08;-7.25;-37.75;6.012726783752441
2026-06-08;-7.25;-37.25;12.30196952819824
2026-06-08;-6.75;-41.25;0.0
2026-06-08;-6.75;-40.75;0.0
2026-06-08;-6.75;-40.25;0.0
2026-06-08;-6.75;-39.75;0.0
2026-06-08;-6.75;-39.25;0.0
2026-06-08;-6.75;-38.75;0.0
2026-06-08;-6.75;-38.25;1.05746591091156
2026-06-08;-6.75;-37.75;2.848445415496826
2026-06-08;-6.75;-37.25;4.628214359283447
2026-06-08;-6.25;-41.25;0.7010029554367065
2026-06-08;-6.25;-40.75;0.2027258574962616
2026-06-08;-6.25;-40.25;0.0
2026-06-08;-6.25;-39.75;0.0
2026-06-08;-6.25;-39.25;0.0
2026-06-08;-6.25;-38.75;1.767115473747253
2026-06-08;-6.25;-38.25;13.20905017852783
2026-06-08;-6.25;-37.75;1.210265636444092
2026-06-08;-6.25;-37.25;0.4052608013153076
2026-06-08;-5.75;-41.25;2.803822994232178
2026-06-08;-5.75;-40.75;0.8105149269104004
2026-06-08;-5.75;-40.25;1.446833848953247
2026-06-08;-5.75;-39.75;3.261302947998047
2026-06-08;-5.75;-39.25;5.337277412414551
2026-06-08;-5.75;-38.75;60.15212249755859
2026-06-08;-5.75;-38.25;115.3443145751953
2026-06-08;-5.75;-37.75;35.52275085449219
2026-06-08;-5.75;-37.25;0.0
2026-06-08;-5.25;-41.25;2.673032283782959
2026-06-08;-5.25;-40.75;0.3560062944889069
2026-06-08;-5.25;-40.25;4.530642509460449
2026-06-08;-5.25;-39.75;12.91434955596924
2026-06-08;-5.25;-39.25;20.78077697753906
2026-06-08;-5.25;-38.75;67.740478515625
2026-06-08;-5.25;-38.25;51.38185882568359
2026-06-08;-5.25;-37.75;10.4450101852417
2026-06-08;-5.25;-37.25;0.0
2026-06-08;-4.75;-41.25;0.9598637819290161
2026-06-08;-4.75;-40.75;0.0
2026-06-08;-4.75;-40.25;0.7356846928596497
2026-06-08;-4.75;-39.75;11.00748157501221
2026-06-08;-4.75;-39.25;20.99310493469238
2026-06-08;-4.75;-38.75;11.48837947845459
2026-06-08;-4.75;-38.25;0.9638140797615051
2026-06-08;-4.75;-37.75;0.4302622675895691
2026-06-08;-4.75;-37.25;0.0
2026-06-08;-4.25;-41.25;0.0
2026-06-08;-4.25;-40.75;0.0
2026-06-08;-4.25;-40.25;0.0
2026-06-08;-4.25;-39.75;0.8246347904205322
2026-06-08;-4.25;-39.25;6.488394260406494
2026-06-08;-4.25;-38.75;1.06115198135376
2026-06-08;-4.25;-38.25;0.0
2026-06-08;-4.25;-37.75;0.0
2026-06-08;-4.25;-37.25;
2026-06-08;-3.75;-41.25;0.0
2026-06-08;-3.75;-40.75;0.0
2026-06-08;-3.75;-40.25;0.0
2026-06-08;-3.75;-39.75;0.8791059255599976
2026-06-08;-3.75;-39.25;3.835926532745361
2026-06-08;-3.75;-38.75;0.5389541387557983
2026-06-08;-3.75;-38.25;0.0
2026-06-08;-3.75;-37.75;
2026-06-08;-3.75;-37.25;
2026-06-08;-3.25;-41.25;0.0
2026-06-08;-3.25;-40.75;0.0
2026-06-08;-3.25;-40.25;0.0
2026-06-08;-3.25;-39.75;0.3720441460609436
2026-06-08;-3.25;-39.25;2.304839372634888
2026-06-08;-3.25;-38.75;0.7782015204429626
2026-06-08;-3.25;-38.25;
2026-06-08;-3.25;-37.75;
2026-06-08;-3.25;-37.25;
2026-06-08;-2.75;-41.25;0.0
2026-06-08;-2.75;-40.75;0.0
2026-06-08;-2.75;-40.25;0.0
2026-06-08;-2.75;-39.75;0.0
2026-06-08;-2.75;-39.25;
2026-06-08;-2.75;-38.75;
2026-06-08;-2.75;-38.25;
2026-06-08;-2.75;-37.75;
2026-06-08;-2.75;-37.25;
2026-06-09;-7.75;-41.25;0.0
2026-06-09;-7.75;-40.75;0.0
2026-06-09;-7.75;-40.25;0.0
2026-06-09;-7.75;-39.75;0.243328720331192
2026-06-09;-7.75;-39.25;0.0
2026-06-09;-7.75;-38.75;0.0
2026-06-09;-7.75;-38.25;0.0
2026-06-09;-7.75;-37.75;1.307202696800232
2026-06-09;-7.75;-37.25;1.1983642578125
2026-06-09;-7.25;-41.25;0.0
2026-06-09;-7.25;-40.75;0.0
2026-06-09;-7.25;-40.25;0.0
2026-06-09;-7.25;-39.75;0.0
2026-06-09;-7.25;-39.25;0.0
2026-06-09;-7.25;-38.75;0.0
2026-06-09;-7.25;-38.25;0.0
2026-06-09;-7.25;-37.75;0.0
2026-06-09;-7.25;-37.25;0.0
2026-06-09;-6.75;-41.25;0.0
2026-06-09;-6.75;-40.75;0.0
2026-06-09;-6.75;-40.25;0.0
2026-06-09;-6.75;-39.75;0.0
2026-06-09;-6.75;-39.25;0.0
2026-06-09;-6.75;-38.75;0.0
2026-06-09;-6.75;-38.25;0.0
2026-06-09;-6.75;-37.75;0.0
2026-06-09;-6.75;-37.25;0.0
2026-06-09;-6.25;-41.25;0.0
2026-06-09;-6.25;-40.75;0.0
2026-06-09;-6.25;-40.25;0.0
2026-06-09;-6.25;-39.75;0.0
2026-06-09;-6.25;-39.25;0.0
2026-06-09;-6.25;-38.75;0.0
2026-06-09;-6.25;-38.25;0.0
2026-06-09;-6.25;-37.75;0.0
2026-06-09;-6.25;-37.25;0.0
2026-06-09;-5.75;-41.25;0.0
2026-06-09;-5.75;-40.75;0.0
2026-06-09;-5.75;-40.25;0.0
2026-06-09;-5.75;-39.75;0.0
2026-06-09;-5.75;-39.25;0.0
2026-06-09;-5.75;-38.75;0.0
2026-06-09;-5.75;-38.25;0.0
2026-06-09;-5.75;-37.75;0.0
2026-06-09;-5.75;-37.25;0.0
2026-06-09;-5.25;-41.25;0.0
2026-06-09;-5.25;-40.75;0.0
2026-06-09;-5.25;-40.25;0.0
2026-06-09;-5.25;-39.75;0.7136549353599548
2026-06-09;-5.25;-39.25;1.314369916915894
2026-06-09;-5.25;-38.75;0.2028364688158035
2026-06-09;-5.25;-38.25;0.0
2026-06-09;-5.25;-37.75;0.0
2026-06-09;-5.25;-37.25;0.0
2026-06-09;-4.75;-41.25;0.0
2026-06-09;-4.75;-40.75;0.0
2026-06-09;-4.75;-40.25;0.0
2026-06-09;-4.75;-39.75;0.6523993015289307
2026-06-09;-4.75;-39.25;2.793358325958252
2026-06-09;-4.75;-38.75;0.7817180752754211
2026-06-09;-4.75;-38.25;0.0
2026-06-09;-4.75;-37.75;0.0
2026-06-09;-4.75;-37.25;0.0
2026-06-09;-4.25;-41.25;0.0
2026-06-09;-4.25;-40.75;0.0
2026-06-09;-4.25;-40.25;0.0
2026-06-09;-4.25;-39.75;3.526442050933838
2026-06-09;-4.25;-39.25;20.54337501525879
2026-06-09;-4.25;-38.75;17.2478141784668
2026-06-09;-4.25;-38.25;7.30464506149292
2026-06-09;-4.25;-37.75;0.0
2026-06-09;-4.25;-37.25;
2026-06-09;-3.75;-41.25;0.0
2026-06-09;-3.75;-40.75;0.0
2026-06-09;-3.75;-40.25;0.0
2026-06-09;-3.75;-39.75;9.379112243652344
2026-06-09;-3.75;-39.25;30.10114669799805
2026-06-09;-3.75;-38.75;23.98763847351074
2026-06-09;-3.75;-38.25;18.19178199768066
2026-06-09;-3.75;-37.75;
2026-06-09;-3.75;-37.25;
2026-06-09;-3.25;-41.25;0.0
2026-06-09;-3.25;-40.75;0.0
2026-06-09;-3.25;-40.25;0.0
2026-06-09;-3.25;-39.75;7.021091461181641
2026-06-09;-3.25;-39.25;22.57581901550293
2026-06-09;-3.25;-38.75;24.91797065734863
2026-06-09;-3.25;-38.25;
2026-06-09;-3.25;-37.75;
2026-06-09;-3.25;-37.25;
2026-06-09;-2.75;-41.25;0.0
2026-06-09;-2.75;-40.75;0.0
2026-06-09;-2.75;-40.25;0.0
2026-06-09;-2.75;-39.75;2.823927164077759
2026-06-09;-2.75;-39.25;
2026-06-09;-2.75;-38.75;
2026-06-09;-2.75;-38.25;
2026-06-09;-2.75;-37.75;
2026-06-09;-2.75;-37.25;
2026-06-10;-7.75;-41.25;0.0
2026-06-10;-7.75;-40.75;0.0
2026-06-10;-7.75;-40.25;0.0
2026-06-10;-7.75;-39.75;0.9727192521095276
2026-06-10;-7.75;-39.25;0.5029138922691345
2026-06-10;-7.75;-38.75;0.2127182483673096
2026-06-10;-7.75;-38.25;0.0
2026-06-10;-7.75;-37.75;0.6717438697814941
2026-06-10;-7.75;-37.25;0.6184985041618347
2026-06-10;-7.25;-41.25;0.0
2026-06-10;-7.25;-40.75;0.0
2026-06-10;-7.25;-40.25;0.0
2026-06-10;-7.25;-39.75;0.0
2026-06-10;-7.25;-39.25;0.0
2026-06-10;-7.25;-38.75;0.0
2026-06-10;-7.25;-38.25;0.2062309682369232
2026-06-10;-7.25;-37.75;0.3938123285770416
2026-06-10;-7.25;-37.25;0.0
2026-06-10;-6.75;-41.25;0.0
2026-06-10;-6.75;-40.75;0.0
2026-06-10;-6.75;-40.25;0.0
2026-06-10;-6.75;-39.75;0.0
2026-06-10;-6.75;-39.25;0.0
2026-06-10;-6.75;-38.75;0.0
2026-06-10;-6.75;-38.25;0.0
2026-06-10;-6.75;-37.75;0.0
2026-06-10;-6.75;-37.25;0.0
2026-06-10;-6.25;-41.25;0.0
2026-06-10;-6.25;-40.75;0.0
2026-06-10;-6.25;-40.25;0.0
2026-06-10;-6.25;-39.75;0.0
2026-06-10;-6.25;-39.25;0.0
2026-06-10;-6.25;-38.75;0.0
2026-06-10;-6.25;-38.25;0.0
2026-06-10;-6.25;-37.75;0.0
2026-06-10;-6.25;-37.25;0.0
2026-06-10;-5.75;-41.25;0.0
2026-06-10;-5.75;-40.75;0.0
2026-06-10;-5.75;-40.25;0.0
2026-06-10;-5.75;-39.75;0.0
2026-06-10;-5.75;-39.25;0.0
2026-06-10;-5.75;-38.75;0.0
2026-06-10;-5.75;-38.25;0.0
2026-06-10;-5.75;-37.75;0.0
2026-06-10;-5.75;-37.25;0.0
2026-06-10;-5.25;-41.25;0.0
2026-06-10;-5.25;-40.75;0.0
2026-06-10;-5.25;-40.25;0.0
2026-06-10;-5.25;-39.75;0.0
2026-06-10;-5.25;-39.25;0.0
2026-06-10;-5.25;-38.75;0.0
2026-06-10;-5.25;-38.25;0.0
2026-06-10;-5.25;-37.75;0.0
2026-06-10;-5.25;-37.25;0.0
2026-06-10;-4.75;-41.25;0.0
2026-06-10;-4.75;-40.75;0.0
2026-06-10;-4.75;-40.25;0.0
2026-06-10;-4.75;-39.75;0.0
2026-06-10;-4.75;-39.25;0.0
2026-06-10;-4.75;-38.75;0.0
2026-06-10;-4.75;-38.25;0.0
2026-06-10;-4.75;-37.75;0.0
2026-06-10;-4.75;-37.25;0.0
2026-06-10;-4.25;-41.25;0.0
2026-06-10;-4.25;-40.75;0.390119731426239
2026-06-10;-4.25;-40.25;0.2502326965332031
2026-06-10;-4.25;-39.75;0.0
2026-06-10;-4.25;-39.25;0.0
2026-06-10;-4.25;-38.75;0.0
2026-06-10;-4.25;-38.25;0.0
2026-06-10;-4.25;-37.75;0.0
2026-06-10;-4.25;-37.25;
2026-06-10;-3.75;-41.25;0.0
2026-06-10;-3.75;-40.75;0.0
2026-06-10;-3.75;-40.25;0.0
2026-06-10;-3.75;-39.75;0.0
2026-06-10;-3.75;-39.25;0.0
2026-06-10;-3.75;-38.75;0.0
2026-06-10;-3.75;-38.25;0.0
2026-06-10;-3.75;-37.75;
2026-06-10;-3.75;-37.25;
2026-06-10;-3.25;-41.25;0.0
2026-06-10;-3.25;-40.75;0.0
2026-06-10;-3.25;-40.25;0.0
2026-06-10;-3.25;-39.75;0.0
2026-06-10;-3.25;-39.25;0.0
2026-06-10;-3.25;-38.75;0.0
2026-06-10;-3.25;-38.25;
2026-06-10;-3.25;-37.75;
2026-06-10;-3.25;-37.25;
2026-06-10;-2.75;-41.25;0.0
2026-06-10;-2.75;-40.75;0.0
2026-06-10;-2.75;-40.25;0.0
2026-06-10;-2.75;-39.75;0.0
2026-06-10;-2.75;-39.25;
2026-06-10;-2.75;-38.75;
2026-06-10;-2.75;-38.25;
2026-06-10;-2.75;-37.75;
2026-06-10;-2.75;-37.25;
2026-06-11;-7.75;-41.25;0.0
2026-06-11;-7.75;-40.75;0.0
2026-06-11;-7.75;-40.25;0.0
2026-06-11;-7.75;-39.75;1.521827816963196
2026-06-11;-7.75;-39.25;2.031786203384399
2026-06-11;-7.75;-38.75;1.463698625564575
2026-06-11;-7.75;-38.25;0.0
2026-06-11;-7.75;-37.75;3.002210855484009
2026-06-11;-7.75;-37.25;3.488994836807251
2026-06-11;-7.25;-41.25;0.0
2026-06-11;-7.25;-40.75;0.0
2026-06-11;-7.25;-40.25;0.0
2026-06-11;-7.25;-39.75;0.0
2026-06-11;-7.25;-39.25;0.0
2026-06-11;-7.25;-38.75;0.0
2026-06-11;-7.25;-38.25;0.0
2026-06-11;-7.25;-37.75;0.0
2026-06-11;-7.25;-37.25;0.0
2026-06-11;-6.75;-41.25;0.0
2026-06-11;-6.75;-40.75;0.0
2026-06-11;-6.75;-40.25;0.0
2026-06-11;-6.75;-39.75;0.0
2026-06-11;-6.75;-39.25;0.0
2026-06-11;-6.75;-38.75;0.0
2026-06-11;-6.75;-38.25;0.0
2026-06-11;-6.75;-37.75;0.0
2026-06-11;-6.75;-37.25;0.0
2026-06-11;-6.25;-41.25;0.0
2026-06-11;-6.25;-40.75;0.2096460312604904
2026-06-11;-6.25;-40.25;0.0
2026-06-11;-6.25;-39.75;0.0
2026-06-11;-6.25;-39.25;0.0
2026-06-11;-6.25;-38.75;0.0
2026-06-11;-6.25;-38.25;0.0
2026-06-11;-6.25;-37.75;0.0
2026-06-11;-6.25;-37.25;0.0
2026-06-11;-5.75;-41.25;1.890318632125854
2026-06-11;-5.75;-40.75;5.425950050354004
2026-06-11;-5.75;-40.25;1.072175860404968
2026-06-11;-5.75;-39.75;0.0
2026-06-11;-5.75;-39.25;0.0
2026-06-11;-5.75;-38.75;0.0
2026-06-11;-5.75;-38.25;0.0
2026-06-11;-5.75;-37.75;0.0
2026-06-11;-5.75;-37.25;0.0
2026-06-11;-5.25;-41.25;4.92615795135498
2026-06-11;-5.25;-40.75;6.221529483795166
2026-06-11;-5.25;-40.25;1.969181299209595
2026-06-11;-5.25;-39.75;0.0
2026-06-11;-5.25;-39.25;0.0
2026-06-11;-5.25;-38.75;0.0
2026-06-11;-5.25;-38.25;0.0
2026-06-11;-5.25;-37.75;12.71483516693115
2026-06-11;-5.25;-37.25;7.209353923797607
2026-06-11;-4.75;-41.25;4.552619457244873
2026-06-11;-4.75;-40.75;1.765491843223572
2026-06-11;-4.75;-40.25;0.0
2026-06-11;-4.75;-39.75;0.0
2026-06-11;-4.75;-39.25;0.0
2026-06-11;-4.75;-38.75;0.6303499341011047
2026-06-11;-4.75;-38.25;26.29113960266113
2026-06-11;-4.75;-37.75;92.52571105957031
2026-06-11;-4.75;-37.25;67.43031311035156
2026-06-11;-4.25;-41.25;2.407918214797974
2026-06-11;-4.25;-40.75;0.0
2026-06-11;-4.25;-40.25;0.0
2026-06-11;-4.25;-39.75;0.0
2026-06-11;-4.25;-39.25;0.0
2026-06-11;-4.25;-38.75;3.184065818786621
2026-06-11;-4.25;-38.25;34.0237922668457
2026-06-11;-4.25;-37.75;89.28096771240234
2026-06-11;-4.25;-37.25;
2026-06-11;-3.75;-41.25;11.072340965271
2026-06-11;-3.75;-40.75;4.735356330871582
2026-06-11;-3.75;-40.25;27.87687110900879
2026-06-11;-3.75;-39.75;25.7691650390625
2026-06-11;-3.75;-39.25;3.527377128601074
2026-06-11;-3.75;-38.75;0.6069434285163879
2026-06-11;-3.75;-38.25;11.42034339904785
2026-06-11;-3.75;-37.75;
2026-06-11;-3.75;-37.25;
2026-06-11;-3.25;-41.25;43.65834426879883
2026-06-11;-3.25;-40.75;30.87705421447754
2026-06-11;-3.25;-40.25;79.97221374511719
2026-06-11;-3.25;-39.75;59.28361129760742
2026-06-11;-3.25;-39.25;21.22038841247559
2026-06-11;-3.25;-38.75;3.67059850692749
2026-06-11;-3.25;-38.25;
2026-06-11;-3.25;-37.75;
2026-06-11;-3.25;-37.25;
2026-06-11;-2.75;-41.25;66.13016510009766
2026-06-11;-2.75;-40.75;52.4704704284668
2026-06-11;-2.75;-40.25;59.37073135375977
2026-06-11;-2.75;-39.75;60.53676605224609
2026-06-11;-2.75;-39.25;
2026-06-11;-2.75;-38.75;
2026-06-11;-2.75;-38.25;
2026-06-11;-2.75;-37.75;
2026-06-11;-2.75;-37.25;
2026-06-12;-7.75;-41.25;0.0
2026-06-12;-7.75;-40.75;0.0
2026-06-12;-7.75;-40.25;0.0
2026-06-12;-7.75;-39.75;0.3033619821071625
2026-06-12;-7.75;-39.25;0.0
2026-06-12;-7.75;-38.75;0.0
2026-06-12;-7.75;-38.25;0.0
2026-06-12;-7.75;-37.75;0.0
2026-06-12;-7.75;-37.25;0.0
2026-06-12;-7.25;-41.25;0.0
2026-06-12;-7.25;-40.75;0.0
2026-06-12;-7.25;-40.25;0.0
2026-06-12;-7.25;-39.75;0.0
2026-06-12;-7.25;-39.25;0.0
2026-06-12;-7.25;-38.75;0.0
2026-06-12;-7.25;-38.25;0.0
2026-06-12;-7.25;-37.75;0.0
2026-06-12;-7.25;-37.25;0.0
2026-06-12;-6.75;-41.25;0.0
2026-06-12;-6.75;-40.75;0.0
2026-06-12;-6.75;-40.25;0.0
2026-06-12;-6.75;-39.75;0.0
2026-06-12;-6.75;-39.25;0.0
2026-06-12;-6.75;-38.75;0.0
2026-06-12;-6.75;-38.25;0.0
2026-06-12;-6.75;-37.75;0.0
2026-06-12;-6.75;-37.25;0.0
2026-06-12;-6.25;-41.25;0.0
2026-06-12;-6.25;-40.75;0.0
2026-06-12;-6.25;-40.25;0.0
2026-06-12;-6.25;-39.75;0.0
2026-06-12;-6.25;-39.25;0.0
2026-06-12;-6.25;-38.75;0.0
2026-06-12;-6.25;-38.25;0.0
2026-06-12;-6.25;-37.75;0.0
2026-06-12;-6.25;-37.25;0.0
2026-06-12;-5.75;-41.25;0.0
2026-06-12;-5.75;-40.75;0.0
2026-06-12;-5.75;-40.25;0.0
2026-06-12;-5.75;-39.75;0.0
2026-06-12;-5.75;-39.25;0.0
2026-06-12;-5.75;-38.75;0.0
2026-06-12;-5.75;-38.25;0.0
2026-06-12;-5.75;-37.75;0.0
2026-06-12;-5.75;-37.25;0.0
2026-06-12;-5.25;-41.25;0.0
2026-06-12;-5.25;-40.75;0.0
2026-06-12;-5.25;-40.25;0.0
2026-06-12;-5.25;-39.75;0.0
2026-06-12;-5.25;-39.25;0.0
2026-06-12;-5.25;-38.75;0.0
2026-06-12;-5.25;-38.25;0.0
2026-06-12;-5.25;-37.75;0.0
2026-06-12;-5.25;-37.25;0.0
2026-06-12;-4.75;-41.25;0.0
2026-06-12;-4.75;-40.75;0.0
2026-06-12;-4.75;-40.25;0.0
2026-06-12;-4.75;-39.75;0.0
2026-06-12;-4.75;-39.25;0.0
2026-06-12;-4.75;-38.75;0.0
2026-06-12;-4.75;-38.25;0.3146783709526062
2026-06-12;-4.75;-37.75;1.385338664054871
2026-06-12;-4.75;-37.25;0.8989138007164001
2026-06-12;-4.25;-41.25;0.8957757949829102
2026-06-12;-4.25;-40.75;0.0
2026-06-12;-4.25;-40.25;0.0
2026-06-12;-4.25;-39.75;0.0
2026-06-12;-4.25;-39.25;0.0
2026-06-12;-4.25;-38.75;0.0
2026-06-12;-4.25;-38.25;0.3199719488620758
2026-06-12;-4.25;-37.75;1.421242356300354
2026-06-12;-4.25;-37.25;
2026-06-12;-3.75;-41.25;0.9388437867164612
2026-06-12;-3.75;-40.75;0.0
2026-06-12;-3.75;-40.25;0.0
2026-06-12;-3.75;-39.75;0.0
2026-06-12;-3.75;-39.25;0.0
2026-06-12;-3.75;-38.75;0.0
2026-06-12;-3.75;-38.25;0.0
2026-06-12;-3.75;-37.75;
2026-06-12;-3.75;-37.25;
2026-06-12;-3.25;-41.25;0.0
2026-06-12;-3.25;-40.75;0.0
2026-06-12;-3.25;-40.25;0.0
2026-06-12;-3.25;-39.75;0.0
2026-06-12;-3.25;-39.25;0.0
2026-06-12;-3.25;-38.75;0.0
2026-06-12;-3.25;-38.25;
2026-06-12;-3.25;-37.75;
2026-06-12;-3.25;-37.25;
2026-06-12;-2.75;-41.25;0.0
2026-06-12;-2.75;-40.75;0.0
2026-06-12;-2.75;-40.25;0.0
2026-06-12;-2.75;-39.75;0.0
2026-06-12;-2.75;-39.25;
2026-06-12;-2.75;-38.75;
2026-06-12;-2.75;-38.25;
2026-06-12;-2.75;-37.75;
2026-06-12;-2.75;-37.25;
2026-06-13;-7.75;-41.25;0.0
2026-06-13;-7.75;-40.75;0.0
2026-06-13;-7.75;-40.25;0.0
2026-06-13;-7.75;-39.75;0.4847727119922638
2026-06-13;-7.75;-39.25;0.2504312694072723
2026-06-13;-7.75;-38.75;0.0
2026-06-13;-7.75;-38.25;0.0
2026-06-13;-7.75;-37.75;0.0
2026-06-13;-7.75;-37.25;0.0
2026-06-13;-7.25;-41.25;0.0
2026-06-13;-7.25;-40.75;0.0
2026-06-13;-7.25;-40.25;0.0
2026-06-13;-7.25;-39.75;0.0
2026-06-13;-7.25;-39.25;0.0
2026-06-13;-7.25;-38.75;0.0
2026-06-13;-7.25;-38.25;0.0
2026-06-13;-7.25;-37.75;0.0
2026-06-13;-7.25;-37.25;0.0
2026-06-13;-6.75;-41.25;0.0
2026-06-13;-6.75;-40.75;0.0
2026-06-13;-6.75;-40.25;0.0
2026-06-13;-6.75;-39.75;0.0
2026-06-13;-6.75;-39.25;0.0
2026-06-13;-6.75;-38.75;0.0
2026-06-13;-6.75;-38.25;0.0
2026-06-13;-6.75;-37.75;0.0
2026-06-13;-6.75;-37.25;0.0
2026-06-13;-6.25;-41.25;0.0
2026-06-13;-6.25;-40.75;0.0
2026-06-13;-6.25;-40.25;0.0
2026-06-13;-6.25;-39.75;0.0
2026-06-13;-6.25;-39.25;0.0
2026-06-13;-6.25;-38.75;0.0
2026-06-13;-6.25;-38.25;0.0
2026-06-13;-6.25;-37.75;0.0
2026-06-13;-6.25;-37.25;0.0
2026-06-13;-5.75;-41.25;0.0
2026-06-13;-5.75;-40.75;0.0
2026-06-13;-5.75;-40.25;0.0
2026-06-13;-5.75;-39.75;0.0
2026-06-13;-5.75;-39.25;0.0
2026-06-13;-5.75;-38.75;0.0
2026-06-13;-5.75;-38.25;0.0
2026-06-13;-5.75;-37.75;0.0
2026-06-13;-5.75;-37.25;0.0
2026-06-13;-5.25;-41.25;0.0
2026-06-13;-5.25;-40.75;0.0
2026-06-13;-5.25;-40.25;0.0
2026-06-13;-5.25;-39.75;0.0
2026-06-13;-5.25;-39.25;0.0
2026-06-13;-5.25;-38.75;0.0
2026-06-13;-5.25;-38.25;0.0
2026-06-13;-5.25;-37.75;0.0
2026-06-13;-5.25;-37.25;0.0
2026-06-13;-4.75;-41.25;0.0
2026-06-13;-4.75;-40.75;0.0
2026-06-13;-4.75;-40.25;0.0
2026-06-13;-4.75;-39.75;0.0
2026-06-13;-4.75;-39.25;0.0
2026-06-13;-4.75;-38.75;0.0
2026-06-13;-4.75;-38.25;0.0
2026-06-13;-4.75;-37.75;0.0
2026-06-13;-4.75;-37.25;0.0
2026-06-13;-4.25;-41.25;0.0
2026-06-13;-4.25;-40.75;0.0
2026-06-13;-4.25;-40.25;0.0
2026-06-13;-4.25;-39.75;0.0
2026-06-13;-4.25;-39.25;0.0
2026-06-13;-4.25;-38.75;0.0
2026-06-13;-4.25;-38.25;0.0
2026-06-13;-4.25;-37.75;0.0
2026-06-13;-4.25;-37.25;
2026-06-13;-3.75;-41.25;0.0
2026-06-13;-3.75;-40.75;0.0
2026-06-13;-3.75;-40.25;0.0
2026-06-13;-3.75;-39.75;0.0
2026-06-13;-3.75;-39.25;0.0
2026-06-13;-3.75;-38.75;0.0
2026-06-13;-3.75;-38.25;0.0
2026-06-13;-3.75;-37.75;
2026-06-13;-3.75;-37.25;
2026-06-13;-3.25;-41.25;0.0
2026-06-13;-3.25;-40.75;0.0
2026-06-13;-3.25;-40.25;0.0
2026-06-13;-3.25;-39.75;0.0
2026-06-13;-3.25;-39.25;0.0
2026-06-13;-3.25;-38.75;0.0
2026-06-13;-3.25;-38.25;
2026-06-13;-3.25;-37.75;
2026-06-13;-3.25;-37.25;
2026-06-13;-2.75;-41.25;0.0
2026-06-13;-2.75;-40.75;0.0
2026-06-13;-2.75;-40.25;0.0
2026-06-13;-2.75;-39.75;0.0
2026-06-13;-2.75;-39.25;
2026-06-13;-2.75;-38.75;
2026-06-13;-2.75;-38.25;
2026-06-13;-2.75;-37.75;
2026-06-13;-2.75;-37.25;
2026-06-14;-7.75;-41.25;0.0
2026-06-14;-7.75;-40.75;0.0
2026-06-14;-7.75;-40.25;0.0
2026-06-14;-7.75;-39.75;0.3630973398685455
2026-06-14;-7.75;-39.25;0.0
2026-06-14;-7.75;-38.75;0.0
2026-06-14;-7.75;-38.25;0.0
2026-06-14;-7.75;-37.75;0.0
2026-06-14;-7.75;-37.25;0.0
2026-06-14;-7.25;-41.25;0.0
2026-06-14;-7.25;-40.75;0.0
2026-06-14;-7.25;-40.25;0.0
2026-06-14;-7.25;-39.75;0.0
2026-06-14;-7.25;-39.25;0.0
2026-06-14;-7.25;-38.75;0.0
2026-06-14;-7.25;-38.25;0.0
2026-06-14;-7.25;-37.75;0.0
2026-06-14;-7.25;-37.25;0.0
2026-06-14;-6.75;-41.25;0.0
2026-06-14;-6.75;-40.75;0.0
2026-06-14;-6.75;-40.25;0.0
2026-06-14;-6.75;-39.75;0.0
2026-06-14;-6.75;-39.25;0.0
2026-06-14;-6.75;-38.75;0.206888809800148
2026-06-14;-6.75;-38.25;0.0
2026-06-14;-6.75;-37.75;0.0
2026-06-14;-6.75;-37.25;0.0
2026-06-14;-6.25;-41.25;0.0
2026-06-14;-6.25;-40.75;0.0
2026-06-14;-6.25;-40.25;0.0
2026-06-14;-6.25;-39.75;0.0
2026-06-14;-6.25;-39.25;0.0
2026-06-14;-6.25;-38.75;0.9142142534255981
2026-06-14;-6.25;-38.25;0.0
2026-06-14;-6.25;-37.75;0.0
2026-06-14;-6.25;-37.25;0.0
2026-06-14;-5.75;-41.25;0.0
2026-06-14;-5.75;-40.75;0.0
2026-06-14;-5.75;-40.25;0.0
2026-06-14;-5.75;-39.75;0.0
2026-06-14;-5.75;-39.25;0.0
2026-06-14;-5.75;-38.75;0.0
2026-06-14;-5.75;-38.25;0.0
2026-06-14;-5.75;-37.75;0.0
2026-06-14;-5.75;-37.25;0.0
2026-06-14;-5.25;-41.25;0.0
2026-06-14;-5.25;-40.75;0.0
2026-06-14;-5.25;-40.25;0.0
2026-06-14;-5.25;-39.75;1.426770925521851
2026-06-14;-5.25;-39.25;2.628823280334473
2026-06-14;-5.25;-38.75;0.4057458937168121
2026-06-14;-5.25;-38.25;0.0
2026-06-14;-5.25;-37.75;0.0
2026-06-14;-5.25;-37.25;0.0
2026-06-14;-4.75;-41.25;0.0
2026-06-14;-4.75;-40.75;0.0
2026-06-14;-4.75;-40.25;0.0
2026-06-14;-4.75;-39.75;1.167173624038696
2026-06-14;-4.75;-39.25;3.760955572128296
2026-06-14;-4.75;-38.75;1.917779326438904
2026-06-14;-4.75;-38.25;0.0
2026-06-14;-4.75;-37.75;0.0
2026-06-14;-4.75;-37.25;0.0
2026-06-14;-4.25;-41.25;0.0
2026-06-14;-4.25;-40.75;0.0
2026-06-14;-4.25;-40.25;0.0
2026-06-14;-4.25;-39.75;0.4761501550674438
2026-06-14;-4.25;-39.25;13.06982135772705
2026-06-14;-4.25;-38.75;28.4586296081543
2026-06-14;-4.25;-38.25;20.66620826721191
2026-06-14;-4.25;-37.75;7.603481769561768
2026-06-14;-4.25;-37.25;
2026-06-14;-3.75;-41.25;0.0
2026-06-14;-3.75;-40.75;0.0
2026-06-14;-3.75;-40.25;0.0
2026-06-14;-3.75;-39.75;2.710480690002441
2026-06-14;-3.75;-39.25;14.51916599273682
2026-06-14;-3.75;-38.75;38.41553115844727
2026-06-14;-3.75;-38.25;41.47295379638672
2026-06-14;-3.75;-37.75;
2026-06-14;-3.75;-37.25;
2026-06-14;-3.25;-41.25;0.0
2026-06-14;-3.25;-40.75;0.0
2026-06-14;-3.25;-40.25;0.0
2026-06-14;-3.25;-39.75;1.298142910003662
2026-06-14;-3.25;-39.25;13.98032379150391
2026-06-14;-3.25;-38.75;32.68818664550781
2026-06-14;-3.25;-38.25;
2026-06-14;-3.25;-37.75;
2026-06-14;-3.25;-37.25;
2026-06-14;-2.75;-41.25;0.0
2026-06-14;-2.75;-40.75;0.0
2026-06-14;-2.75;-40.25;0.0
2026-06-14;-2.75;-39.75;0.0
2026-06-14;-2.75;-39.25;
2026-06-14;-2.75;-38.75;
2026-06-14;-2.75;-38.25;
2026-06-14;-2.75;-37.75;
2026-06-14;-2.75;-37.25;
2026-06-15;-7.75;-41.25;0.0
2026-06-15;-7.75;-40.75;0.0
2026-06-15;-7.75;-40.25;0.0
2026-06-15;-7.75;-39.75;1.389922261238098
2026-06-15;-7.75;-39.25;0.7178664803504944
2026-06-15;-7.75;-38.75;0.299940437078476
2026-06-15;-7.75;-38.25;0.0
2026-06-15;-7.75;-37.75;0.0
2026-06-15;-7.75;-37.25;0.0
2026-06-15;-7.25;-41.25;0.0
2026-06-15;-7.25;-40.75;0.0
2026-06-15;-7.25;-40.25;0.0
2026-06-15;-7.25;-39.75;0.0
2026-06-15;-7.25;-39.25;0.0
2026-06-15;-7.25;-38.75;0.0
2026-06-15;-7.25;-38.25;0.0
2026-06-15;-7.25;-37.75;0.0
2026-06-15;-7.25;-37.25;0.0
2026-06-15;-6.75;-41.25;0.0
2026-06-15;-6.75;-40.75;0.0
2026-06-15;-6.75;-40.25;0.0
2026-06-15;-6.75;-39.75;0.0
2026-06-15;-6.75;-39.25;0.0
2026-06-15;-6.75;-38.75;0.0
2026-06-15;-6.75;-38.25;0.0
2026-06-15;-6.75;-37.75;0.0
2026-06-15;-6.75;-37.25;0.0
2026-06-15;-6.25;-41.25;0.0
2026-06-15;-6.25;-40.75;0.0
2026-06-15;-6.25;-40.25;0.0
2026-06-15;-6.25;-39.75;0.0
2026-06-15;-6.25;-39.25;0.0
2026-06-15;-6.25;-38.75;0.0
2026-06-15;-6.25;-38.25;0.0
2026-06-15;-6.25;-37.75;0.0
2026-06-15;-6.25;-37.25;0.0
2026-06-15;-5.75;-41.25;0.0
2026-06-15;-5.75;-40.75;0.0
2026-06-15;-5.75;-40.25;0.0
2026-06-15;-5.75;-39.75;0.0
2026-06-15;-5.75;-39.25;0.0
2026-06-15;-5.75;-38.75;0.0
2026-06-15;-5.75;-38.25;0.0
2026-06-15;-5.75;-37.75;0.0
2026-06-15;-5.75;-37.25;0.0
2026-06-15;-5.25;-41.25;0.0
2026-06-15;-5.25;-40.75;0.0
2026-06-15;-5.25;-40.25;0.0
2026-06-15;-5.25;-39.75;0.0
2026-06-15;-5.25;-39.25;0.0
2026-06-15;-5.25;-38.75;0.0
2026-06-15;-5.25;-38.25;0.0
2026-06-15;-5.25;-37.75;0.0
2026-06-15;-5.25;-37.25;0.0
2026-06-15;-4.75;-41.25;0.0
2026-06-15;-4.75;-40.75;0.0
2026-06-15;-4.75;-40.25;0.0
2026-06-15;-4.75;-39.75;0.0
2026-06-15;-4.75;-39.25;1.912298321723938
2026-06-15;-4.75;-38.75;0.0
2026-06-15;-4.75;-38.25;0.0
2026-06-15;-4.75;-37.75;0.0
2026-06-15;-4.75;-37.25;0.0
2026-06-15;-4.25;-41.25;0.0
2026-06-15;-4.25;-40.75;0.0
2026-06-15;-4.25;-40.25;0.0
2026-06-15;-4.25;-39.75;6.29688835144043
2026-06-15;-4.25;-39.25;31.86681747436523
2026-06-15;-4.25;-38.75;21.19967651367188
2026-06-15;-4.25;-38.25;7.80061149597168
2026-06-15;-4.25;-37.75;0.0
2026-06-15;-4.25;-37.25;
2026-06-15;-3.75;-41.25;8.629630088806152
2026-06-15;-3.75;-40.75;3.290406227111816
2026-06-15;-3.75;-40.25;10.20529079437256
2026-06-15;-3.75;-39.75;26.46383857727051
2026-06-15;-3.75;-39.25;49.50410461425781
2026-06-15;-3.75;-38.75;30.52643775939941
2026-06-15;-3.75;-38.25;19.39821624755859
2026-06-15;-3.75;-37.75;
2026-06-15;-3.75;-37.25;
2026-06-15;-3.25;-41.25;36.7060546875
2026-06-15;-3.25;-40.75;23.90765762329102
2026-06-15;-3.25;-40.25;33.56029510498047
2026-06-15;-3.25;-39.75;40.88522720336914
2026-06-15;-3.25;-39.25;45.18276596069336
2026-06-15;-3.25;-38.75;35.42433929443359
2026-06-15;-3.25;-38.25;
2026-06-15;-3.25;-37.75;
2026-06-15;-3.25;-37.25;
2026-06-15;-2.75;-41.25;20.30326271057129
2026-06-15;-2.75;-40.75;33.21424865722656
2026-06-15;-2.75;-40.25;39.40555572509766
2026-06-15;-2.75;-39.75;44.34292984008789
2026-06-15;-2.75;-39.25;
2026-06-15;-2.75;-38.75;
2026-06-15;-2.75;-38.25;
2026-06-15;-2.75;-37.75;
2026-06-15;-2.75;-37.25;
2026-06-16;-7.75;-41.25;0.0
2026-06-16;-7.75;-40.75;0.0
2026-06-16;-7.75;-40.25;0.6921796202659607
2026-06-16;-7.75;-39.75;1.407610774040222
2026-06-16;-7.75;-39.25;0.6220017075538635
2026-06-16;-7.75;-38.75;0.2609346807003021
2026-06-16;-7.75;-38.25;0.3457996249198914
2026-06-16;-7.75;-37.75;17.2923755645752
2026-06-16;-7.75;-37.25;29.20536422729492
2026-06-16;-7.25;-41.25;0.0
2026-06-16;-7.25;-40.75;3.792135715484619
2026-06-16;-7.25;-40.25;11.77378273010254
2026-06-16;-7.25;-39.75;7.227029800415039
2026-06-16;-7.25;-39.25;0.9890616536140442
2026-06-16;-7.25;-38.75;0.0
2026-06-16;-7.25;-38.25;0.0
2026-06-16;-7.25;-37.75;0.809243381023407
2026-06-16;-7.25;-37.25;5.5467848777771
2026-06-16;-6.75;-41.25;0.0
2026-06-16;-6.75;-40.75;8.880919456481934
2026-06-16;-6.75;-40.25;17.0018138885498
2026-06-16;-6.75;-39.75;15.52206897735596
2026-06-16;-6.75;-39.25;6.533895015716553
2026-06-16;-6.75;-38.75;1.037593841552734
2026-06-16;-6.75;-38.25;0.0
2026-06-16;-6.75;-37.75;0.0
2026-06-16;-6.75;-37.25;0.0
2026-06-16;-6.25;-41.25;0.0
2026-06-16;-6.25;-40.75;7.599958419799805
2026-06-16;-6.25;-40.25;16.64297485351562
2026-06-16;-6.25;-39.75;15.75696086883545
2026-06-16;-6.25;-39.25;7.179563045501709
2026-06-16;-6.25;-38.75;1.566507697105408
2026-06-16;-6.25;-38.25;0.0
2026-06-16;-6.25;-37.75;0.0
2026-06-16;-6.25;-37.25;0.0
2026-06-16;-5.75;-41.25;0.0
2026-06-16;-5.75;-40.75;1.495828986167908
2026-06-16;-5.75;-40.25;6.839750289916992
2026-06-16;-5.75;-39.75;4.848444938659668
2026-06-16;-5.75;-39.25;1.326659798622131
2026-06-16;-5.75;-38.75;0.0
2026-06-16;-5.75;-38.25;0.0
2026-06-16;-5.75;-37.75;0.0
2026-06-16;-5.75;-37.25;0.0
2026-06-16;-5.25;-41.25;0.0
2026-06-16;-5.25;-40.75;0.0
2026-06-16;-5.25;-40.25;0.0
2026-06-16;-5.25;-39.75;0.0
2026-06-16;-5.25;-39.25;0.0
2026-06-16;-5.25;-38.75;0.0
2026-06-16;-5.25;-38.25;0.0
2026-06-16;-5.25;-37.75;0.0
2026-06-16;-5.25;-37.25;0.0
2026-06-16;-4.75;-41.25;0.0
2026-06-16;-4.75;-40.75;0.0
2026-06-16;-4.75;-40.25;0.0
2026-06-16;-4.75;-39.75;0.0
2026-06-16;-4.75;-39.25;0.0
2026-06-16;-4.75;-38.75;0.0
2026-06-16;-4.75;-38.25;0.0
2026-06-16;-4.75;-37.75;0.0
2026-06-16;-4.75;-37.25;0.0
2026-06-16;-4.25;-41.25;0.0
2026-06-16;-4.25;-40.75;0.0
2026-06-16;-4.25;-40.25;0.0
2026-06-16;-4.25;-39.75;0.0
2026-06-16;-4.25;-39.25;0.0
2026-06-16;-4.25;-38.75;0.0
2026-06-16;-4.25;-38.25;0.0
2026-06-16;-4.25;-37.75;0.0
2026-06-16;-4.25;-37.25;
2026-06-16;-3.75;-41.25;0.0
2026-06-16;-3.75;-40.75;0.0
2026-06-16;-3.75;-40.25;0.0
2026-06-16;-3.75;-39.75;0.0
2026-06-16;-3.75;-39.25;0.0
2026-06-16;-3.75;-38.75;0.0
2026-06-16;-3.75;-38.25;0.0
2026-06-16;-3.75;-37.75;
2026-06-16;-3.75;-37.25;
2026-06-16;-3.25;-41.25;0.6652207374572754
2026-06-16;-3.25;-40.75;0.2690548598766327
2026-06-16;-3.25;-40.25;0.7503506541252136
2026-06-16;-3.25;-39.75;0.676167368888855
2026-06-16;-3.25;-39.25;0.0
2026-06-16;-3.25;-38.75;0.0
2026-06-16;-3.25;-38.25;
2026-06-16;-3.25;-37.75;
2026-06-16;-3.25;-37.25;
2026-06-16;-2.75;-41.25;0.0
2026-06-16;-2.75;-40.75;0.7228618264198303
2026-06-16;-2.75;-40.25;1.411850690841675
2026-06-16;-2.75;-39.75;1.408688902854919
2026-06-16;-2.75;-39.25;
2026-06-16;-2.75;-38.75;
2026-06-16;-2.75;-38.25;
2026-06-16;-2.75;-37.75;
2026-06-16;-2.75;-37.25;
2026-06-17;-7.75;-41.25;0.0
2026-06-17;-7.75;-40.75;0.0
2026-06-17;-7.75;-40.25;0.2170276045799255
2026-06-17;-7.75;-39.75;1.622709631919861
2026-06-17;-7.75;-39.25;0.8106748461723328
2026-06-17;-7.75;-38.75;0.3389878869056702
2026-06-17;-7.75;-38.25;0.0
2026-06-17;-7.75;-37.75;0.0
2026-06-17;-7.75;-37.25;0.0
2026-06-17;-7.25;-41.25;0.0
2026-06-17;-7.25;-40.75;0.4892857372760773
2026-06-17;-7.25;-40.25;2.310783863067627
2026-06-17;-7.25;-39.75;1.326154232025146
2026-06-17;-7.25;-39.25;0.0
2026-06-17;-7.25;-38.75;0.0
2026-06-17;-7.25;-38.25;0.0
2026-06-17;-7.25;-37.75;0.0
2026-06-17;-7.25;-37.25;0.0
2026-06-17;-6.75;-41.25;0.0
2026-06-17;-6.75;-40.75;1.495895147323608
2026-06-17;-6.75;-40.25;3.183689832687378
2026-06-17;-6.75;-39.75;3.004267930984497
2026-06-17;-6.75;-39.25;0.7342090606689453
2026-06-17;-6.75;-38.75;0.0
2026-06-17;-6.75;-38.25;0.0
2026-06-17;-6.75;-37.75;0.0
2026-06-17;-6.75;-37.25;0.0
2026-06-17;-6.25;-41.25;0.0
2026-06-17;-6.25;-40.75;1.141833662986755
2026-06-17;-6.25;-40.25;2.821740865707397
2026-06-17;-6.25;-39.75;2.177869558334351
2026-06-17;-6.25;-39.25;0.0
2026-06-17;-6.25;-38.75;0.0
2026-06-17;-6.25;-38.25;0.0
2026-06-17;-6.25;-37.75;0.0
2026-06-17;-6.25;-37.25;0.0
2026-06-17;-5.75;-41.25;0.0
2026-06-17;-5.75;-40.75;0.0
2026-06-17;-5.75;-40.25;0.7286093235015869
2026-06-17;-5.75;-39.75;0.0
2026-06-17;-5.75;-39.25;0.0
2026-06-17;-5.75;-38.75;0.0
2026-06-17;-5.75;-38.25;0.0
2026-06-17;-5.75;-37.75;0.0
2026-06-17;-5.75;-37.25;0.0
2026-06-17;-5.25;-41.25;0.0
2026-06-17;-5.25;-40.75;0.0
2026-06-17;-5.25;-40.25;0.0
2026-06-17;-5.25;-39.75;0.0
2026-06-17;-5.25;-39.25;0.0
2026-06-17;-5.25;-38.75;0.0
2026-06-17;-5.25;-38.25;0.0
2026-06-17;-5.25;-37.75;0.0
2026-06-17;-5.25;-37.25;0.0
2026-06-17;-4.75;-41.25;0.0
2026-06-17;-4.75;-40.75;0.0
2026-06-17;-4.75;-40.25;0.0
2026-06-17;-4.75;-39.75;0.0
2026-06-17;-4.75;-39.25;0.0
2026-06-17;-4.75;-38.75;0.0
2026-06-17;-4.75;-38.25;0.0
2026-06-17;-4.75;-37.75;0.0
2026-06-17;-4.75;-37.25;0.0
2026-06-17;-4.25;-41.25;0.0
2026-06-17;-4.25;-40.75;0.0
2026-06-17;-4.25;-40.25;0.0
2026-06-17;-4.25;-39.75;0.0
2026-06-17;-4.25;-39.25;0.0
2026-06-17;-4.25;-38.75;4.442739486694336
2026-06-17;-4.25;-38.25;3.259994506835938
2026-06-17;-4.25;-37.75;0.0
2026-06-17;-4.25;-37.25;
2026-06-17;-3.75;-41.25;0.0
2026-06-17;-3.75;-40.75;0.0
2026-06-17;-3.75;-40.25;0.0
2026-06-17;-3.75;-39.75;0.0
2026-06-17;-3.75;-39.25;0.0
2026-06-17;-3.75;-38.75;6.120824813842773
2026-06-17;-3.75;-38.25;8.162330627441406
2026-06-17;-3.75;-37.75;
2026-06-17;-3.75;-37.25;
2026-06-17;-3.25;-41.25;0.0
2026-06-17;-3.25;-40.75;0.0
2026-06-17;-3.25;-40.25;0.0
2026-06-17;-3.25;-39.75;0.0
2026-06-17;-3.25;-39.25;0.0
2026-06-17;-3.25;-38.75;4.01684045791626
2026-06-17;-3.25;-38.25;
2026-06-17;-3.25;-37.75;
2026-06-17;-3.25;-37.25;
2026-06-17;-2.75;-41.25;0.0
2026-06-17;-2.75;-40.75;0.0
2026-06-17;-2.75;-40.25;0.0
2026-06-17;-2.75;-39.75;0.0
2026-06-17;-2.75;-39.25;
2026-06-17;-2.75;-38.75;
2026-06-17;-2.75;-38.25;
2026-06-17;-2.75;-37.75;
2026-06-17;-2.75;-37.25;
2026-06-18;-7.75;-41.25;0.0
2026-06-18;-7.75;-40.75;0.0
2026-06-18;-7.75;-40.25;0.3176466822624207
2026-06-18;-7.75;-39.75;2.206121683120728
2026-06-18;-7.75;-39.25;1.446808457374573
2026-06-18;-7.75;-38.75;0.4791670441627502
2026-06-18;-7.75;-38.25;0.0
2026-06-18;-7.75;-37.75;0.0
2026-06-18;-7.75;-37.25;0.0
2026-06-18;-7.25;-41.25;0.7010325193405151
2026-06-18;-7.25;-40.75;0.0
2026-06-18;-7.25;-40.25;0.0
2026-06-18;-7.25;-39.75;1.2680504322052
2026-06-18;-7.25;-39.25;2.568469524383545
2026-06-18;-7.25;-38.75;0.37291219830513
2026-06-18;-7.25;-38.25;0.0
2026-06-18;-7.25;-37.75;0.0
2026-06-18;-7.25;-37.25;0.0
2026-06-18;-6.75;-41.25;0.2739526331424713
2026-06-18;-6.75;-40.75;0.0
2026-06-18;-6.75;-40.25;0.0
2026-06-18;-6.75;-39.75;0.0
2026-06-18;-6.75;-39.25;0.0
2026-06-18;-6.75;-38.75;0.0
2026-06-18;-6.75;-38.25;0.0
2026-06-18;-6.75;-37.75;0.0
2026-06-18;-6.75;-37.25;0.0
2026-06-18;-6.25;-41.25;0.0
2026-06-18;-6.25;-40.75;0.0
2026-06-18;-6.25;-40.25;0.0
2026-06-18;-6.25;-39.75;0.0
2026-06-18;-6.25;-39.25;0.0
2026-06-18;-6.25;-38.75;0.0
2026-06-18;-6.25;-38.25;0.0
2026-06-18;-6.25;-37.75;0.0
2026-06-18;-6.25;-37.25;0.0
2026-06-18;-5.75;-41.25;0.0
2026-06-18;-5.75;-40.75;0.0
2026-06-18;-5.75;-40.25;0.0
2026-06-18;-5.75;-39.75;0.0
2026-06-18;-5.75;-39.25;0.0
2026-06-18;-5.75;-38.75;0.0
2026-06-18;-5.75;-38.25;0.0
2026-06-18;-5.75;-37.75;0.0
2026-06-18;-5.75;-37.25;0.2518513202667236
2026-06-18;-5.25;-41.25;0.0
2026-06-18;-5.25;-40.75;0.4948656260967255
2026-06-18;-5.25;-40.25;0.5254582166671753
2026-06-18;-5.25;-39.75;0.0
2026-06-18;-5.25;-39.25;0.0
2026-06-18;-5.25;-38.75;0.0
2026-06-18;-5.25;-38.25;0.0
2026-06-18;-5.25;-37.75;0.0
2026-06-18;-5.25;-37.25;5.54465389251709
2026-06-18;-4.75;-41.25;6.708072185516357
2026-06-18;-4.75;-40.75;4.780925750732422
2026-06-18;-4.75;-40.25;8.007887840270996
2026-06-18;-4.75;-39.75;2.22691535949707
2026-06-18;-4.75;-39.25;0.5189499258995056
2026-06-18;-4.75;-38.75;1.851089358329773
2026-06-18;-4.75;-38.25;1.612115263938904
2026-06-18;-4.75;-37.75;1.558074235916138
2026-06-18;-4.75;-37.25;7.030584812164307
2026-06-18;-4.25;-41.25;44.99951171875
2026-06-18;-4.25;-40.75;17.61614036560059
2026-06-18;-4.25;-40.25;12.68715476989746
2026-06-18;-4.25;-39.75;5.088395118713379
2026-06-18;-4.25;-39.25;11.93960189819336
2026-06-18;-4.25;-38.75;32.55032730102539
2026-06-18;-4.25;-38.25;25.89211845397949
2026-06-18;-4.25;-37.75;10.96630001068115
2026-06-18;-4.25;-37.25;
2026-06-18;-3.75;-41.25;34.23138809204102
2026-06-18;-3.75;-40.75;10.56430435180664
2026-06-18;-3.75;-40.25;11.5654296875
2026-06-18;-3.75;-39.75;6.046709060668945
2026-06-18;-3.75;-39.25;12.10858345031738
2026-06-18;-3.75;-38.75;44.15087127685547
2026-06-18;-3.75;-38.25;49.51362609863281
2026-06-18;-3.75;-37.75;
2026-06-18;-3.75;-37.25;
2026-06-18;-3.25;-41.25;2.33587908744812
2026-06-18;-3.25;-40.75;0.0
2026-06-18;-3.25;-40.25;0.2300146073102951
2026-06-18;-3.25;-39.75;1.262233853340149
2026-06-18;-3.25;-39.25;13.27205181121826
2026-06-18;-3.25;-38.75;36.61258316040039
2026-06-18;-3.25;-38.25;
2026-06-18;-3.25;-37.75;
2026-06-18;-3.25;-37.25;
2026-06-18;-2.75;-41.25;0.0
2026-06-18;-2.75;-40.75;0.0
2026-06-18;-2.75;-40.25;0.0
2026-06-18;-2.75;-39.75;0.0
2026-06-18;-2.75;-39.25;
2026-06-18;-2.75;-38.75;
2026-06-18;-2.75;-38.25;
2026-06-18;-2.75;-37.75;
2026-06-18;-2.75;-37.25;
2026-06-19;-7.75;-41.25;0.0
2026-06-19;-7.75;-40.75;0.0
2026-06-19;-7.75;-40.25;0.0
2026-06-19;-7.75;-39.75;1.562485098838806
2026-06-19;-7.75;-39.25;0.8184006810188293
2026-06-19;-7.75;-38.75;0.3613768517971039
2026-06-19;-7.75;-38.25;0.0
2026-06-19;-7.75;-37.75;0.2918022274971008
2026-06-19;-7.75;-37.25;0.2918140888214111
2026-06-19;-7.25;-41.25;0.0
2026-06-19;-7.25;-40.75;0.0
2026-06-19;-7.25;-40.25;0.0
2026-06-19;-7.25;-39.75;0.0
2026-06-19;-7.25;-39.25;0.0
2026-06-19;-7.25;-38.75;0.0
2026-06-19;-7.25;-38.25;0.0
2026-06-19;-7.25;-37.75;0.0
2026-06-19;-7.25;-37.25;0.0
2026-06-19;-6.75;-41.25;0.0
2026-06-19;-6.75;-40.75;0.0
2026-06-19;-6.75;-40.25;0.0
2026-06-19;-6.75;-39.75;0.0
2026-06-19;-6.75;-39.25;0.0
2026-06-19;-6.75;-38.75;0.0
2026-06-19;-6.75;-38.25;0.0
2026-06-19;-6.75;-37.75;0.0
2026-06-19;-6.75;-37.25;0.0
2026-06-19;-6.25;-41.25;0.0
2026-06-19;-6.25;-40.75;0.0
2026-06-19;-6.25;-40.25;0.0
2026-06-19;-6.25;-39.75;0.0
2026-06-19;-6.25;-39.25;0.0
2026-06-19;-6.25;-38.75;0.0
2026-06-19;-6.25;-38.25;0.0
2026-06-19;-6.25;-37.75;0.0
2026-06-19;-6.25;-37.25;0.0
2026-06-19;-5.75;-41.25;0.0
2026-06-19;-5.75;-40.75;0.0
2026-06-19;-5.75;-40.25;5.701157569885254
2026-06-19;-5.75;-39.75;9.833786010742188
2026-06-19;-5.75;-39.25;6.434525489807129
2026-06-19;-5.75;-38.75;1.608004808425903
2026-06-19;-5.75;-38.25;0.0
2026-06-19;-5.75;-37.75;0.3427056074142456
2026-06-19;-5.75;-37.25;0.8385012745857239
2026-06-19;-5.25;-41.25;0.0
2026-06-19;-5.25;-40.75;0.0
2026-06-19;-5.25;-40.25;11.93093681335449
2026-06-19;-5.25;-39.75;28.22483444213867
2026-06-19;-5.25;-39.25;31.98582649230957
2026-06-19;-5.25;-38.75;8.82612419128418
2026-06-19;-5.25;-38.25;0.5554668307304382
2026-06-19;-5.25;-37.75;0.0
2026-06-19;-5.25;-37.25;1.032364010810852
2026-06-19;-4.75;-41.25;0.8217698335647583
2026-06-19;-4.75;-40.75;0.9908962845802307
2026-06-19;-4.75;-40.25;4.632492065429688
2026-06-19;-4.75;-39.75;24.7098560333252
2026-06-19;-4.75;-39.25;31.9721622467041
2026-06-19;-4.75;-38.75;9.108325004577637
2026-06-19;-4.75;-38.25;0.0
2026-06-19;-4.75;-37.75;0.0
2026-06-19;-4.75;-37.25;0.0
2026-06-19;-4.25;-41.25;9.482366561889648
2026-06-19;-4.25;-40.75;4.326303482055664
2026-06-19;-4.25;-40.25;1.688022613525391
2026-06-19;-4.25;-39.75;6.200057506561279
2026-06-19;-4.25;-39.25;7.601428985595703
2026-06-19;-4.25;-38.75;1.150555968284607
2026-06-19;-4.25;-38.25;0.0
2026-06-19;-4.25;-37.75;0.0
2026-06-19;-4.25;-37.25;
2026-06-19;-3.75;-41.25;38.8448600769043
2026-06-19;-3.75;-40.75;25.45498275756836
2026-06-19;-3.75;-40.25;19.239990234375
2026-06-19;-3.75;-39.75;19.40154075622559
2026-06-19;-3.75;-39.25;1.944762468338013
2026-06-19;-3.75;-38.75;0.0
2026-06-19;-3.75;-38.25;0.0
2026-06-19;-3.75;-37.75;
2026-06-19;-3.75;-37.25;
2026-06-19;-3.25;-41.25;24.4773998260498
2026-06-19;-3.25;-40.75;18.35535621643066
2026-06-19;-3.25;-40.25;36.46979141235352
2026-06-19;-3.25;-39.75;25.11785507202148
2026-06-19;-3.25;-39.25;9.460403442382812
2026-06-19;-3.25;-38.75;1.713889956474304
2026-06-19;-3.25;-38.25;
2026-06-19;-3.25;-37.75;
2026-06-19;-3.25;-37.25;
2026-06-19;-2.75;-41.25;8.932578086853027
2026-06-19;-2.75;-40.75;16.83687591552734
2026-06-19;-2.75;-40.25;14.93213367462158
2026-06-19;-2.75;-39.75;16.73960876464844
2026-06-19;-2.75;-39.25;
2026-06-19;-2.75;-38.75;
2026-06-19;-2.75;-38.25;
2026-06-19;-2.75;-37.75;
2026-06-19;-2.75;-37.25;
2026-06-20;-7.75;-41.25;0.0
2026-06-20;-7.75;-40.75;0.0
2026-06-20;-7.75;-40.25;0.0
2026-06-20;-7.75;-39.75;1.378939151763916
2026-06-20;-7.75;-39.25;0.7310232520103455
2026-06-20;-7.75;-38.75;1.760414958000183
2026-06-20;-7.75;-38.25;5.284182071685791
2026-06-20;-7.75;-37.75;2.835804462432861
2026-06-20;-7.75;-37.25;0.9299290776252747
2026-06-20;-7.25;-41.25;0.0
2026-06-20;-7.25;-40.75;0.0
2026-06-20;-7.25;-40.25;0.0
2026-06-20;-7.25;-39.75;0.0
2026-06-20;-7.25;-39.25;0.0
2026-06-20;-7.25;-38.75;0.8439912796020508
2026-06-20;-7.25;-38.25;2.727443695068359
2026-06-20;-7.25;-37.75;0.2453653812408447
2026-06-20;-7.25;-37.25;0.0
2026-06-20;-6.75;-41.25;0.0
2026-06-20;-6.75;-40.75;0.0
2026-06-20;-6.75;-40.25;0.0
2026-06-20;-6.75;-39.75;0.0
2026-06-20;-6.75;-39.25;0.0
2026-06-20;-6.75;-38.75;0.0
2026-06-20;-6.75;-38.25;0.0
2026-06-20;-6.75;-37.75;0.0
2026-06-20;-6.75;-37.25;0.0
2026-06-20;-6.25;-41.25;0.0
2026-06-20;-6.25;-40.75;0.0
2026-06-20;-6.25;-40.25;0.0
2026-06-20;-6.25;-39.75;0.0
2026-06-20;-6.25;-39.25;0.0
2026-06-20;-6.25;-38.75;0.0
2026-06-20;-6.25;-38.25;0.0
2026-06-20;-6.25;-37.75;0.0
2026-06-20;-6.25;-37.25;0.0
2026-06-20;-5.75;-41.25;0.0
2026-06-20;-5.75;-40.75;0.0
2026-06-20;-5.75;-40.25;0.0
2026-06-20;-5.75;-39.75;0.0
2026-06-20;-5.75;-39.25;0.0
2026-06-20;-5.75;-38.75;1.335023283958435
2026-06-20;-5.75;-38.25;6.489009380340576
2026-06-20;-5.75;-37.75;4.911858558654785
2026-06-20;-5.75;-37.25;0.0
2026-06-20;-5.25;-41.25;0.0
2026-06-20;-5.25;-40.75;0.0
2026-06-20;-5.25;-40.25;0.0
2026-06-20;-5.25;-39.75;0.6380444765090942
2026-06-20;-5.25;-39.25;2.515335083007812
2026-06-20;-5.25;-38.75;16.39115333557129
2026-06-20;-5.25;-38.25;33.40054702758789
2026-06-20;-5.25;-37.75;14.25610733032227
2026-06-20;-5.25;-37.25;1.56701922416687
2026-06-20;-4.75;-41.25;0.0
2026-06-20;-4.75;-40.75;0.0
2026-06-20;-4.75;-40.25;0.0
2026-06-20;-4.75;-39.75;0.8377124071121216
2026-06-20;-4.75;-39.25;12.2369213104248
2026-06-20;-4.75;-38.75;32.98340606689453
2026-06-20;-4.75;-38.25;34.43617630004883
2026-06-20;-4.75;-37.75;14.15684795379639
2026-06-20;-4.75;-37.25;7.115211009979248
2026-06-20;-4.25;-41.25;0.0
2026-06-20;-4.25;-40.75;0.0
2026-06-20;-4.25;-40.25;0.0
2026-06-20;-4.25;-39.75;18.03375244140625
2026-06-20;-4.25;-39.25;95.74685668945312
2026-06-20;-4.25;-38.75;61.81624221801758
2026-06-20;-4.25;-38.25;31.68229293823242
2026-06-20;-4.25;-37.75;17.63184547424316
2026-06-20;-4.25;-37.25;
2026-06-20;-3.75;-41.25;0.6463744640350342
2026-06-20;-3.75;-40.75;0.6614076495170593
2026-06-20;-3.75;-40.25;0.6206198930740356
2026-06-20;-3.75;-39.75;50.14436340332031
2026-06-20;-3.75;-39.25;149.3919830322266
2026-06-20;-3.75;-38.75;72.75042724609375
2026-06-20;-3.75;-38.25;36.87755584716797
2026-06-20;-3.75;-37.75;
2026-06-20;-3.75;-37.25;
2026-06-20;-3.25;-41.25;0.0
2026-06-20;-3.25;-40.75;0.0
2026-06-20;-3.25;-40.25;0.0
2026-06-20;-3.25;-39.75;36.98513793945312
2026-06-20;-3.25;-39.25;108.5924224853516
2026-06-20;-3.25;-38.75;88.09414672851562
2026-06-20;-3.25;-38.25;
2026-06-20;-3.25;-37.75;
2026-06-20;-3.25;-37.25;
2026-06-20;-2.75;-41.25;0.0
2026-06-20;-2.75;-40.75;0.0
2026-06-20;-2.75;-40.25;0.0
2026-06-20;-2.75;-39.75;14.55089473724365
2026-06-20;-2.75;-39.25;
2026-06-20;-2.75;-38.75;
2026-06-20;-2.75;-38.25;
2026-06-20;-2.75;-37.75;
2026-06-20;-2.75;-37.25;
2026-06-21;-7.75;-41.25;0.0
2026-06-21;-7.75;-40.75;0.0
2026-06-21;-7.75;-40.25;0.0
2026-06-21;-7.75;-39.75;0.7191822528839111
2026-06-21;-7.75;-39.25;0.3714041113853455
2026-06-21;-7.75;-38.75;0.0
2026-06-21;-7.75;-38.25;0.0
2026-06-21;-7.75;-37.75;0.0
2026-06-21;-7.75;-37.25;0.0
2026-06-21;-7.25;-41.25;0.0
2026-06-21;-7.25;-40.75;0.0
2026-06-21;-7.25;-40.25;0.0
2026-06-21;-7.25;-39.75;0.0
2026-06-21;-7.25;-39.25;0.0
2026-06-21;-7.25;-38.75;0.0
2026-06-21;-7.25;-38.25;0.0
2026-06-21;-7.25;-37.75;0.0
2026-06-21;-7.25;-37.25;0.0
2026-06-21;-6.75;-41.25;0.0
2026-06-21;-6.75;-40.75;0.0
2026-06-21;-6.75;-40.25;0.0
2026-06-21;-6.75;-39.75;0.0
2026-06-21;-6.75;-39.25;0.0
2026-06-21;-6.75;-38.75;0.0
2026-06-21;-6.75;-38.25;0.0
2026-06-21;-6.75;-37.75;0.0
2026-06-21;-6.75;-37.25;0.0
2026-06-21;-6.25;-41.25;0.0
2026-06-21;-6.25;-40.75;0.0
2026-06-21;-6.25;-40.25;0.0
2026-06-21;-6.25;-39.75;0.0
2026-06-21;-6.25;-39.25;0.0
2026-06-21;-6.25;-38.75;0.0
2026-06-21;-6.25;-38.25;0.0
2026-06-21;-6.25;-37.75;0.0
2026-06-21;-6.25;-37.25;0.0
2026-06-21;-5.75;-41.25;0.0
2026-06-21;-5.75;-40.75;0.0
2026-06-21;-5.75;-40.25;0.0
2026-06-21;-5.75;-39.75;0.0
2026-06-21;-5.75;-39.25;0.0
2026-06-21;-5.75;-38.75;0.0
2026-06-21;-5.75;-38.25;0.0
2026-06-21;-5.75;-37.75;0.2513035833835602
2026-06-21;-5.75;-37.25;0.3120010197162628
2026-06-21;-5.25;-41.25;0.0
2026-06-21;-5.25;-40.75;0.0
2026-06-21;-5.25;-40.25;0.0
2026-06-21;-5.25;-39.75;0.0
2026-06-21;-5.25;-39.25;0.0
2026-06-21;-5.25;-38.75;0.4595979452133179
2026-06-21;-5.25;-38.25;0.7915117740631104
2026-06-21;-5.25;-37.75;0.0
2026-06-21;-5.25;-37.25;1.220279693603516
2026-06-21;-4.75;-41.25;0.0
2026-06-21;-4.75;-40.75;0.0
2026-06-21;-4.75;-40.25;0.0
2026-06-21;-4.75;-39.75;0.0
2026-06-21;-4.75;-39.25;0.0
2026-06-21;-4.75;-38.75;0.7089674472808838
2026-06-21;-4.75;-38.25;0.0
2026-06-21;-4.75;-37.75;0.0
2026-06-21;-4.75;-37.25;0.0
2026-06-21;-4.25;-41.25;0.0
2026-06-21;-4.25;-40.75;0.0
2026-06-21;-4.25;-40.25;0.0
2026-06-21;-4.25;-39.75;0.0
2026-06-21;-4.25;-39.25;0.0
2026-06-21;-4.25;-38.75;0.0
2026-06-21;-4.25;-38.25;0.0
2026-06-21;-4.25;-37.75;0.0
2026-06-21;-4.25;-37.25;
2026-06-21;-3.75;-41.25;0.0
2026-06-21;-3.75;-40.75;0.0
2026-06-21;-3.75;-40.25;0.0
2026-06-21;-3.75;-39.75;0.0
2026-06-21;-3.75;-39.25;0.0
2026-06-21;-3.75;-38.75;0.0
2026-06-21;-3.75;-38.25;0.0
2026-06-21;-3.75;-37.75;
2026-06-21;-3.75;-37.25;
2026-06-21;-3.25;-41.25;0.0
2026-06-21;-3.25;-40.75;0.0
2026-06-21;-3.25;-40.25;0.0
2026-06-21;-3.25;-39.75;0.0
2026-06-21;-3.25;-39.25;0.0
2026-06-21;-3.25;-38.75;0.0
2026-06-21;-3.25;-38.25;
2026-06-21;-3.25;-37.75;
2026-06-21;-3.25;-37.25;
2026-06-21;-2.75;-41.25;0.0
2026-06-21;-2.75;-40.75;0.0
2026-06-21;-2.75;-40.25;0.0
2026-06-21;-2.75;-39.75;0.0
2026-06-21;-2.75;-39.25;
2026-06-21;-2.75;-38.75;
2026-06-21;-2.75;-38.25;
2026-06-21;-2.75;-37.75;
2026-06-21;-2.75;-37.25;
2026-06-22;-7.75;-41.25;0.0
2026-06-22;-7.75;-40.75;0.0
2026-06-22;-7.75;-40.25;0.0
2026-06-22;-7.75;-39.75;0.658502995967865
2026-06-22;-7.75;-39.25;0.340077817440033
2026-06-22;-7.75;-38.75;0.0
2026-06-22;-7.75;-38.25;0.0
2026-06-22;-7.75;-37.75;0.4288484156131744
2026-06-22;-7.75;-37.25;0.3908035755157471
2026-06-22;-7.25;-41.25;0.0
2026-06-22;-7.25;-40.75;0.0
2026-06-22;-7.25;-40.25;0.0
2026-06-22;-7.25;-39.75;0.0
2026-06-22;-7.25;-39.25;0.0
2026-06-22;-7.25;-38.75;0.0
2026-06-22;-7.25;-38.25;0.0
2026-06-22;-7.25;-37.75;0.0
2026-06-22;-7.25;-37.25;0.0
2026-06-22;-6.75;-41.25;0.0
2026-06-22;-6.75;-40.75;0.0
2026-06-22;-6.75;-40.25;0.0
2026-06-22;-6.75;-39.75;0.0
2026-06-22;-6.75;-39.25;0.0
2026-06-22;-6.75;-38.75;0.0
2026-06-22;-6.75;-38.25;0.0
2026-06-22;-6.75;-37.75;0.0
2026-06-22;-6.75;-37.25;0.0
2026-06-22;-6.25;-41.25;0.0
2026-06-22;-6.25;-40.75;0.0
2026-06-22;-6.25;-40.25;0.0
2026-06-22;-6.25;-39.75;0.0
2026-06-22;-6.25;-39.25;0.0
2026-06-22;-6.25;-38.75;0.0
2026-06-22;-6.25;-38.25;0.0
2026-06-22;-6.25;-37.75;0.0
2026-06-22;-6.25;-37.25;0.0
2026-06-22;-5.75;-41.25;0.0
2026-06-22;-5.75;-40.75;0.0
2026-06-22;-5.75;-40.25;0.0
2026-06-22;-5.75;-39.75;0.0
2026-06-22;-5.75;-39.25;0.0
2026-06-22;-5.75;-38.75;0.0
2026-06-22;-5.75;-38.25;0.0
2026-06-22;-5.75;-37.75;0.0
2026-06-22;-5.75;-37.25;0.0
2026-06-22;-5.25;-41.25;0.0
2026-06-22;-5.25;-40.75;0.0
2026-06-22;-5.25;-40.25;0.0
2026-06-22;-5.25;-39.75;0.0
2026-06-22;-5.25;-39.25;0.0
2026-06-22;-5.25;-38.75;0.0
2026-06-22;-5.25;-38.25;0.0
2026-06-22;-5.25;-37.75;0.0
2026-06-22;-5.25;-37.25;0.0
2026-06-22;-4.75;-41.25;0.0
2026-06-22;-4.75;-40.75;0.0
2026-06-22;-4.75;-40.25;0.0
2026-06-22;-4.75;-39.75;0.0
2026-06-22;-4.75;-39.25;0.0
2026-06-22;-4.75;-38.75;0.0
2026-06-22;-4.75;-38.25;0.0
2026-06-22;-4.75;-37.75;0.0
2026-06-22;-4.75;-37.25;0.0
2026-06-22;-4.25;-41.25;0.8810306787490845
2026-06-22;-4.25;-40.75;0.0
2026-06-22;-4.25;-40.25;0.0
2026-06-22;-4.25;-39.75;0.0
2026-06-22;-4.25;-39.25;0.0
2026-06-22;-4.25;-38.75;3.109917640686035
2026-06-22;-4.25;-38.25;2.277320861816406
2026-06-22;-4.25;-37.75;0.0
2026-06-22;-4.25;-37.25;
2026-06-22;-3.75;-41.25;0.3692874610424042
2026-06-22;-3.75;-40.75;0.0
2026-06-22;-3.75;-40.25;0.0
2026-06-22;-3.75;-39.75;0.0
2026-06-22;-3.75;-39.25;0.0
2026-06-22;-3.75;-38.75;4.284577369689941
2026-06-22;-3.75;-38.25;5.704003810882568
2026-06-22;-3.75;-37.75;
2026-06-22;-3.75;-37.25;
2026-06-22;-3.25;-41.25;0.0
2026-06-22;-3.25;-40.75;0.0
2026-06-22;-3.25;-40.25;0.0
2026-06-22;-3.25;-39.75;0.0
2026-06-22;-3.25;-39.25;0.0
2026-06-22;-3.25;-38.75;2.81178879737854
2026-06-22;-3.25;-38.25;
2026-06-22;-3.25;-37.75;
2026-06-22;-3.25;-37.25;
2026-06-22;-2.75;-41.25;0.0
2026-06-22;-2.75;-40.75;0.0
2026-06-22;-2.75;-40.25;0.0
2026-06-22;-2.75;-39.75;0.0
2026-06-22;-2.75;-39.25;
2026-06-22;-2.75;-38.75;
2026-06-22;-2.75;-38.25;
2026-06-22;-2.75;-37.75;
2026-06-22;-2.75;-37.25;
2026-06-23;-7.75;-41.25;0.0
2026-06-23;-7.75;-40.75;0.0
2026-06-23;-7.75;-40.25;0.0
2026-06-23;-7.75;-39.75;0.7765219807624817
2026-06-23;-7.75;-39.25;0.4006431102752686
2026-06-23;-7.75;-38.75;0.0
2026-06-23;-7.75;-38.25;0.0
2026-06-23;-7.75;-37.75;0.0
2026-06-23;-7.75;-37.25;0.0
2026-06-23;-7.25;-41.25;0.0
2026-06-23;-7.25;-40.75;0.0
2026-06-23;-7.25;-40.25;0.0
2026-06-23;-7.25;-39.75;0.0
2026-06-23;-7.25;-39.25;0.0
2026-06-23;-7.25;-38.75;0.0
2026-06-23;-7.25;-38.25;0.0
2026-06-23;-7.25;-37.75;0.0
2026-06-23;-7.25;-37.25;0.0
2026-06-23;-6.75;-41.25;0.0
2026-06-23;-6.75;-40.75;0.0
2026-06-23;-6.75;-40.25;0.0
2026-06-23;-6.75;-39.75;0.0
2026-06-23;-6.75;-39.25;0.0
2026-06-23;-6.75;-38.75;0.0
2026-06-23;-6.75;-38.25;0.0
2026-06-23;-6.75;-37.75;0.5595540404319763
2026-06-23;-6.75;-37.25;0.0
2026-06-23;-6.25;-41.25;0.0
2026-06-23;-6.25;-40.75;0.0
2026-06-23;-6.25;-40.25;0.0
2026-06-23;-6.25;-39.75;0.0
2026-06-23;-6.25;-39.25;0.0
2026-06-23;-6.25;-38.75;0.0
2026-06-23;-6.25;-38.25;0.0
2026-06-23;-6.25;-37.75;0.0
2026-06-23;-6.25;-37.25;0.0
2026-06-23;-5.75;-41.25;0.0
2026-06-23;-5.75;-40.75;0.0
2026-06-23;-5.75;-40.25;0.0
2026-06-23;-5.75;-39.75;0.0
2026-06-23;-5.75;-39.25;0.0
2026-06-23;-5.75;-38.75;0.0
2026-06-23;-5.75;-38.25;0.0
2026-06-23;-5.75;-37.75;0.0
2026-06-23;-5.75;-37.25;0.0
2026-06-23;-5.25;-41.25;0.0
2026-06-23;-5.25;-40.75;0.0
2026-06-23;-5.25;-40.25;0.0
2026-06-23;-5.25;-39.75;0.0
2026-06-23;-5.25;-39.25;0.0
2026-06-23;-5.25;-38.75;0.0
2026-06-23;-5.25;-38.25;0.0
2026-06-23;-5.25;-37.75;0.0
2026-06-23;-5.25;-37.25;0.0
2026-06-23;-4.75;-41.25;0.0
2026-06-23;-4.75;-40.75;0.0
2026-06-23;-4.75;-40.25;0.0
2026-06-23;-4.75;-39.75;0.0
2026-06-23;-4.75;-39.25;0.0
2026-06-23;-4.75;-38.75;0.0
2026-06-23;-4.75;-38.25;0.0
2026-06-23;-4.75;-37.75;0.0
2026-06-23;-4.75;-37.25;0.0
2026-06-23;-4.25;-41.25;0.0
2026-06-23;-4.25;-40.75;0.0
2026-06-23;-4.25;-40.25;0.0
2026-06-23;-4.25;-39.75;0.0
2026-06-23;-4.25;-39.25;0.0
2026-06-23;-4.25;-38.75;0.6330115795135498
2026-06-23;-4.25;-38.25;2.294159173965454
2026-06-23;-4.25;-37.75;0.0
2026-06-23;-4.25;-37.25;
2026-06-23;-3.75;-41.25;0.0
2026-06-23;-3.75;-40.75;0.0
2026-06-23;-3.75;-40.25;0.0
2026-06-23;-3.75;-39.75;0.0
2026-06-23;-3.75;-39.25;0.0
2026-06-23;-3.75;-38.75;5.269989490509033
2026-06-23;-3.75;-38.25;7.567722797393799
2026-06-23;-3.75;-37.75;
2026-06-23;-3.75;-37.25;
2026-06-23;-3.25;-41.25;0.0
2026-06-23;-3.25;-40.75;0.0
2026-06-23;-3.25;-40.25;0.0
2026-06-23;-3.25;-39.75;0.0
2026-06-23;-3.25;-39.25;0.0
2026-06-23;-3.25;-38.75;3.676840782165527
2026-06-23;-3.25;-38.25;
2026-06-23;-3.25;-37.75;
2026-06-23;-3.25;-37.25;
2026-06-23;-2.75;-41.25;0.0
2026-06-23;-2.75;-40.75;0.0
2026-06-23;-2.75;-40.25;0.0
2026-06-23;-2.75;-39.75;0.0
2026-06-23;-2.75;-39.25;
2026-06-23;-2.75;-38.75;
2026-06-23;-2.75;-38.25;
2026-06-23;-2.75;-37.75;
2026-06-23;-2.75;-37.25;
2026-06-24;-7.75;-41.25;0.0
2026-06-24;-7.75;-40.75;0.0
2026-06-24;-7.75;-40.25;0.0
2026-06-24;-7.75;-39.75;0.0
2026-06-24;-7.75;-39.25;0.0
2026-06-24;-7.75;-38.75;0.0
2026-06-24;-7.75;-38.25;0.0
2026-06-24;-7.75;-37.75;0.0
2026-06-24;-7.75;-37.25;0.0
2026-06-24;-7.25;-41.25;0.0
2026-06-24;-7.25;-40.75;0.0
2026-06-24;-7.25;-40.25;0.0
2026-06-24;-7.25;-39.75;0.0
2026-06-24;-7.25;-39.25;0.0
2026-06-24;-7.25;-38.75;0.0
2026-06-24;-7.25;-38.25;0.0
2026-06-24;-7.25;-37.75;0.0
2026-06-24;-7.25;-37.25;0.0
2026-06-24;-6.75;-41.25;0.0
2026-06-24;-6.75;-40.75;0.0
2026-06-24;-6.75;-40.25;0.0
2026-06-24;-6.75;-39.75;0.0
2026-06-24;-6.75;-39.25;0.0
2026-06-24;-6.75;-38.75;0.0
2026-06-24;-6.75;-38.25;0.0
2026-06-24;-6.75;-37.75;0.0
2026-06-24;-6.75;-37.25;0.0
2026-06-24;-6.25;-41.25;0.0
2026-06-24;-6.25;-40.75;0.0
2026-06-24;-6.25;-40.25;0.0
2026-06-24;-6.25;-39.75;0.0
2026-06-24;-6.25;-39.25;0.5358473658561707
2026-06-24;-6.25;-38.75;6.031816005706787
2026-06-24;-6.25;-38.25;7.101763725280762
2026-06-24;-6.25;-37.75;0.3260064125061035
2026-06-24;-6.25;-37.25;0.409435898065567
2026-06-24;-5.75;-41.25;0.0
2026-06-24;-5.75;-40.75;0.0
2026-06-24;-5.75;-40.25;0.0
2026-06-24;-5.75;-39.75;0.0
2026-06-24;-5.75;-39.25;1.861238837242126
2026-06-24;-5.75;-38.75;11.42294979095459
2026-06-24;-5.75;-38.25;7.012259960174561
2026-06-24;-5.75;-37.75;0.7203845381736755
2026-06-24;-5.75;-37.25;0.0
2026-06-24;-5.25;-41.25;0.0
2026-06-24;-5.25;-40.75;0.0
2026-06-24;-5.25;-40.25;0.0
2026-06-24;-5.25;-39.75;0.0
2026-06-24;-5.25;-39.25;0.0
2026-06-24;-5.25;-38.75;0.53309565782547
2026-06-24;-5.25;-38.25;0.0
2026-06-24;-5.25;-37.75;0.0
2026-06-24;-5.25;-37.25;0.0
2026-06-24;-4.75;-41.25;2.343670129776001
2026-06-24;-4.75;-40.75;0.0
2026-06-24;-4.75;-40.25;0.0
2026-06-24;-4.75;-39.75;0.0
2026-06-24;-4.75;-39.25;0.0
2026-06-24;-4.75;-38.75;0.0
2026-06-24;-4.75;-38.25;0.0
2026-06-24;-4.75;-37.75;0.0
2026-06-24;-4.75;-37.25;0.0
2026-06-24;-4.25;-41.25;9.855878829956055
2026-06-24;-4.25;-40.75;0.9499744176864624
2026-06-24;-4.25;-40.25;0.0
2026-06-24;-4.25;-39.75;0.0
2026-06-24;-4.25;-39.25;0.0
2026-06-24;-4.25;-38.75;0.0
2026-06-24;-4.25;-38.25;0.0
2026-06-24;-4.25;-37.75;0.0
2026-06-24;-4.25;-37.25;
2026-06-24;-3.75;-41.25;5.770144462585449
2026-06-24;-3.75;-40.75;0.5285914540290833
2026-06-24;-3.75;-40.25;0.0
2026-06-24;-3.75;-39.75;0.0
2026-06-24;-3.75;-39.25;0.0
2026-06-24;-3.75;-38.75;0.0
2026-06-24;-3.75;-38.25;0.0
2026-06-24;-3.75;-37.75;
2026-06-24;-3.75;-37.25;
2026-06-24;-3.25;-41.25;0.0
2026-06-24;-3.25;-40.75;0.0
2026-06-24;-3.25;-40.25;0.0
2026-06-24;-3.25;-39.75;0.0
2026-06-24;-3.25;-39.25;0.0
2026-06-24;-3.25;-38.75;0.0
2026-06-24;-3.25;-38.25;
2026-06-24;-3.25;-37.75;
2026-06-24;-3.25;-37.25;
2026-06-24;-2.75;-41.25;0.0
2026-06-24;-2.75;-40.75;0.0
2026-06-24;-2.75;-40.25;0.0
2026-06-24;-2.75;-39.75;0.0
2026-06-24;-2.75;-39.25;
2026-06-24;-2.75;-38.75;
2026-06-24;-2.75;-38.25;
2026-06-24;-2.75;-37.75;
2026-06-24;-2.75;-37.25;
2026-06-25;-7.75;-41.25;0.0
2026-06-25;-7.75;-40.75;0.0
2026-06-25;-7.75;-40.25;0.0
2026-06-25;-7.75;-39.75;0.0
2026-06-25;-7.75;-39.25;0.0
2026-06-25;-7.75;-38.75;0.0
2026-06-25;-7.75;-38.25;0.0
2026-06-25;-7.75;-37.75;0.0
2026-06-25;-7.75;-37.25;0.0
2026-06-25;-7.25;-41.25;0.0
2026-06-25;-7.25;-40.75;0.0
2026-06-25;-7.25;-40.25;0.0
2026-06-25;-7.25;-39.75;0.0
2026-06-25;-7.25;-39.25;0.0
2026-06-25;-7.25;-38.75;0.0
2026-06-25;-7.25;-38.25;0.0
2026-06-25;-7.25;-37.75;0.0
2026-06-25;-7.25;-37.25;0.0
2026-06-25;-6.75;-41.25;0.0
2026-06-25;-6.75;-40.75;0.0
2026-06-25;-6.75;-40.25;0.0
2026-06-25;-6.75;-39.75;0.0
2026-06-25;-6.75;-39.25;0.0
2026-06-25;-6.75;-38.75;0.0
2026-06-25;-6.75;-38.25;0.0
2026-06-25;-6.75;-37.75;0.0
2026-06-25;-6.75;-37.25;0.0
2026-06-25;-6.25;-41.25;0.0
2026-06-25;-6.25;-40.75;0.0
2026-06-25;-6.25;-40.25;0.0
2026-06-25;-6.25;-39.75;0.0
2026-06-25;-6.25;-39.25;0.0
2026-06-25;-6.25;-38.75;0.0
2026-06-25;-6.25;-38.25;0.0
2026-06-25;-6.25;-37.75;0.0
2026-06-25;-6.25;-37.25;0.0
2026-06-25;-5.75;-41.25;0.0
2026-06-25;-5.75;-40.75;0.0
2026-06-25;-5.75;-40.25;0.0
2026-06-25;-5.75;-39.75;0.0
2026-06-25;-5.75;-39.25;0.0
2026-06-25;-5.75;-38.75;0.0
2026-06-25;-5.75;-38.25;0.0
2026-06-25;-5.75;-37.75;0.0
2026-06-25;-5.75;-37.25;0.0
2026-06-25;-5.25;-41.25;0.0
2026-06-25;-5.25;-40.75;0.0
2026-06-25;-5.25;-40.25;0.0
2026-06-25;-5.25;-39.75;0.0
2026-06-25;-5.25;-39.25;0.0
2026-06-25;-5.25;-38.75;0.0
2026-06-25;-5.25;-38.25;0.0
2026-06-25;-5.25;-37.75;0.0
2026-06-25;-5.25;-37.25;0.0
2026-06-25;-4.75;-41.25;13.54133796691895
2026-06-25;-4.75;-40.75;0.7922945618629456
2026-06-25;-4.75;-40.25;0.0
2026-06-25;-4.75;-39.75;0.0
2026-06-25;-4.75;-39.25;0.0
2026-06-25;-4.75;-38.75;0.0
2026-06-25;-4.75;-38.25;0.0
2026-06-25;-4.75;-37.75;0.0
2026-06-25;-4.75;-37.25;0.0
2026-06-25;-4.25;-41.25;93.41548156738281
2026-06-25;-4.25;-40.75;9.505693435668945
2026-06-25;-4.25;-40.25;0.0
2026-06-25;-4.25;-39.75;0.0
2026-06-25;-4.25;-39.25;0.0
2026-06-25;-4.25;-38.75;0.0
2026-06-25;-4.25;-38.25;0.0
2026-06-25;-4.25;-37.75;0.0
2026-06-25;-4.25;-37.25;
2026-06-25;-3.75;-41.25;59.73542404174805
2026-06-25;-3.75;-40.75;5.290136814117432
2026-06-25;-3.75;-40.25;0.0
2026-06-25;-3.75;-39.75;0.0
2026-06-25;-3.75;-39.25;0.0
2026-06-25;-3.75;-38.75;0.0
2026-06-25;-3.75;-38.25;0.0
2026-06-25;-3.75;-37.75;
2026-06-25;-3.75;-37.25;
2026-06-25;-3.25;-41.25;4.075940608978271
2026-06-25;-3.25;-40.75;0.0
2026-06-25;-3.25;-40.25;0.0
2026-06-25;-3.25;-39.75;0.0
2026-06-25;-3.25;-39.25;0.0
2026-06-25;-3.25;-38.75;0.0
2026-06-25;-3.25;-38.25;
2026-06-25;-3.25;-37.75;
2026-06-25;-3.25;-37.25;
2026-06-25;-2.75;-41.25;3.075042247772217
2026-06-25;-2.75;-40.75;0.4930266439914703
2026-06-25;-2.75;-40.25;0.0
2026-06-25;-2.75;-39.75;0.0
2026-06-25;-2.75;-39.25;
2026-06-25;-2.75;-38.75;
2026-06-25;-2.75;-38.25;
2026-06-25;-2.75;-37.75;
2026-06-25;-2.75;-37.25;
2026-06-26;-7.75;-41.25;0.0
2026-06-26;-7.75;-40.75;0.0
2026-06-26;-7.75;-40.25;0.0
2026-06-26;-7.75;-39.75;0.0
2026-06-26;-7.75;-39.25;0.0
2026-06-26;-7.75;-38.75;0.9285361766815186
2026-06-26;-7.75;-38.25;3.89951229095459
2026-06-26;-7.75;-37.75;3.951460599899292
2026-06-26;-7.75;-37.25;1.318708062171936
2026-06-26;-7.25;-41.25;0.0
2026-06-26;-7.25;-40.75;0.0
2026-06-26;-7.25;-40.25;0.0
2026-06-26;-7.25;-39.75;0.0
2026-06-26;-7.25;-39.25;0.0
2026-06-26;-7.25;-38.75;0.742297887802124
2026-06-26;-7.25;-38.25;5.956168174743652
2026-06-26;-7.25;-37.75;7.771017551422119
2026-06-26;-7.25;-37.25;2.273951292037964
2026-06-26;-6.75;-41.25;0.0
2026-06-26;-6.75;-40.75;0.0
2026-06-26;-6.75;-40.25;0.0
2026-06-26;-6.75;-39.75;0.0
2026-06-26;-6.75;-39.25;0.0
2026-06-26;-6.75;-38.75;0.0
2026-06-26;-6.75;-38.25;3.815329790115356
2026-06-26;-6.75;-37.75;2.340433597564697
2026-06-26;-6.75;-37.25;2.52555775642395
2026-06-26;-6.25;-41.25;0.0
2026-06-26;-6.25;-40.75;0.0
2026-06-26;-6.25;-40.25;0.261118620634079
2026-06-26;-6.25;-39.75;0.4626284837722778
2026-06-26;-6.25;-39.25;0.4468754827976227
2026-06-26;-6.25;-38.75;0.0
2026-06-26;-6.25;-38.25;1.332772016525269
2026-06-26;-6.25;-37.75;0.4330911338329315
2026-06-26;-6.25;-37.25;1.443318486213684
2026-06-26;-5.75;-41.25;0.0
2026-06-26;-5.75;-40.75;0.3003570437431335
2026-06-26;-5.75;-40.25;5.218777179718018
2026-06-26;-5.75;-39.75;8.433680534362793
2026-06-26;-5.75;-39.25;8.724592208862305
2026-06-26;-5.75;-38.75;1.369925141334534
2026-06-26;-5.75;-38.25;0.0
2026-06-26;-5.75;-37.75;0.0
2026-06-26;-5.75;-37.25;0.25639408826828
2026-06-26;-5.25;-41.25;0.0
2026-06-26;-5.25;-40.75;0.0
2026-06-26;-5.25;-40.25;5.64690113067627
2026-06-26;-5.25;-39.75;12.39958572387695
2026-06-26;-5.25;-39.25;12.49212265014648
2026-06-26;-5.25;-38.75;2.896938323974609
2026-06-26;-5.25;-38.25;0.0
2026-06-26;-5.25;-37.75;0.0
2026-06-26;-5.25;-37.25;1.272699594497681
2026-06-26;-4.75;-41.25;0.0
2026-06-26;-4.75;-40.75;0.0
2026-06-26;-4.75;-40.25;0.5825020670890808
2026-06-26;-4.75;-39.75;5.917375564575195
2026-06-26;-4.75;-39.25;7.804909706115723
2026-06-26;-4.75;-38.75;1.75999927520752
2026-06-26;-4.75;-38.25;0.0
2026-06-26;-4.75;-37.75;0.0
2026-06-26;-4.75;-37.25;0.0
2026-06-26;-4.25;-41.25;0.8428138494491577
2026-06-26;-4.25;-40.75;0.0
2026-06-26;-4.25;-40.25;0.0
2026-06-26;-4.25;-39.75;0.0
2026-06-26;-4.25;-39.25;0.7733131051063538
2026-06-26;-4.25;-38.75;4.170234203338623
2026-06-26;-4.25;-38.25;6.646571159362793
2026-06-26;-4.25;-37.75;2.832940101623535
2026-06-26;-4.25;-37.25;
2026-06-26;-3.75;-41.25;0.3696447014808655
2026-06-26;-3.75;-40.75;0.0
2026-06-26;-3.75;-40.25;0.0
2026-06-26;-3.75;-39.75;0.0
2026-06-26;-3.75;-39.25;1.071462988853455
2026-06-26;-3.75;-38.75;12.04536533355713
2026-06-26;-3.75;-38.25;15.3639612197876
2026-06-26;-3.75;-37.75;
2026-06-26;-3.75;-37.25;
2026-06-26;-3.25;-41.25;0.0
2026-06-26;-3.25;-40.75;0.0
2026-06-26;-3.25;-40.25;0.7430199384689331
2026-06-26;-3.25;-39.75;0.713361918926239
2026-06-26;-3.25;-39.25;2.276059627532959
2026-06-26;-3.25;-38.75;10.21056842803955
2026-06-26;-3.25;-38.25;
2026-06-26;-3.25;-37.75;
2026-06-26;-3.25;-37.25;
2026-06-26;-2.75;-41.25;0.0
2026-06-26;-2.75;-40.75;0.2366125285625458
2026-06-26;-2.75;-40.25;1.335794687271118
2026-06-26;-2.75;-39.75;1.434785127639771
2026-06-26;-2.75;-39.25;
2026-06-26;-2.75;-38.75;
2026-06-26;-2.75;-38.25;
2026-06-26;-2.75;-37.75;
2026-06-26;-2.75;-37.25;
2026-06-27;-7.75;-41.25;0.0
2026-06-27;-7.75;-40.75;0.26012122631073
2026-06-27;-7.75;-40.25;24.31449508666992
2026-06-27;-7.75;-39.75;86.41761016845703
2026-06-27;-7.75;-39.25;115.5856170654297
2026-06-27;-7.75;-38.75;92.51319122314453
2026-06-27;-7.75;-38.25;37.00099182128906
2026-06-27;-7.75;-37.75;20.16189193725586
2026-06-27;-7.75;-37.25;19.60306549072266
2026-06-27;-7.25;-41.25;0.0
2026-06-27;-7.25;-40.75;0.0
2026-06-27;-7.25;-40.25;10.32916831970215
2026-06-27;-7.25;-39.75;36.01692199707031
2026-06-27;-7.25;-39.25;56.52111053466797
2026-06-27;-7.25;-38.75;37.04827499389648
2026-06-27;-7.25;-38.25;19.18630027770996
2026-06-27;-7.25;-37.75;16.70173263549805
2026-06-27;-7.25;-37.25;21.69291114807129
2026-06-27;-6.75;-41.25;0.0
2026-06-27;-6.75;-40.75;0.0
2026-06-27;-6.75;-40.25;0.4701400399208069
2026-06-27;-6.75;-39.75;2.080981731414795
2026-06-27;-6.75;-39.25;12.20534896850586
2026-06-27;-6.75;-38.75;18.45761108398438
2026-06-27;-6.75;-38.25;8.187849044799805
2026-06-27;-6.75;-37.75;35.55062484741211
2026-06-27;-6.75;-37.25;81.29849243164062
2026-06-27;-6.25;-41.25;0.0
2026-06-27;-6.25;-40.75;0.0
2026-06-27;-6.25;-40.25;0.8243446946144104
2026-06-27;-6.25;-39.75;1.586949706077576
2026-06-27;-6.25;-39.25;8.089144706726074
2026-06-27;-6.25;-38.75;26.37883567810059
2026-06-27;-6.25;-38.25;18.86611366271973
2026-06-27;-6.25;-37.75;79.61132049560547
2026-06-27;-6.25;-37.25;183.6604156494141
2026-06-27;-5.75;-41.25;0.0
2026-06-27;-5.75;-40.75;0.7287040948867798
2026-06-27;-5.75;-40.25;28.68234634399414
2026-06-27;-5.75;-39.75;47.85245513916016
2026-06-27;-5.75;-39.25;37.16836166381836
2026-06-27;-5.75;-38.75;17.60503387451172
2026-06-27;-5.75;-38.25;10.31390762329102
2026-06-27;-5.75;-37.75;97.2118911743164
2026-06-27;-5.75;-37.25;207.1043701171875
2026-06-27;-5.25;-41.25;0.0
2026-06-27;-5.25;-40.75;0.4221839308738708
2026-06-27;-5.25;-40.25;54.46915054321289
2026-06-27;-5.25;-39.75;150.3134918212891
2026-06-27;-5.25;-39.25;199.6622161865234
2026-06-27;-5.25;-38.75;68.7806167602539
2026-06-27;-5.25;-38.25;22.91664505004883
2026-06-27;-5.25;-37.75;41.19906234741211
2026-06-27;-5.25;-37.25;97.37887573242188
2026-06-27;-4.75;-41.25;0.0
2026-06-27;-4.75;-40.75;0.0
2026-06-27;-4.75;-40.25;9.024181365966797
2026-06-27;-4.75;-39.75;100.3996429443359
2026-06-27;-4.75;-39.25;149.1546020507812
2026-06-27;-4.75;-38.75;51.04115295410156
2026-06-27;-4.75;-38.25;18.84378242492676
2026-06-27;-4.75;-37.75;10.96533012390137
2026-06-27;-4.75;-37.25;32.40233612060547
2026-06-27;-4.25;-41.25;0.0
2026-06-27;-4.25;-40.75;0.75444495677948
2026-06-27;-4.25;-40.25;0.4937328994274139
2026-06-27;-4.25;-39.75;2.106804132461548
2026-06-27;-4.25;-39.25;9.063883781433105
2026-06-27;-4.25;-38.75;1.380447506904602
2026-06-27;-4.25;-38.25;3.309505462646484
2026-06-27;-4.25;-37.75;4.265664100646973
2026-06-27;-4.25;-37.25;
2026-06-27;-3.75;-41.25;0.0
2026-06-27;-3.75;-40.75;0.0
2026-06-27;-3.75;-40.25;0.3011808395385742
2026-06-27;-3.75;-39.75;1.027413606643677
2026-06-27;-3.75;-39.25;0.0
2026-06-27;-3.75;-38.75;0.0
2026-06-27;-3.75;-38.25;0.2355384677648544
2026-06-27;-3.75;-37.75;
2026-06-27;-3.75;-37.25;
2026-06-27;-3.25;-41.25;0.0
2026-06-27;-3.25;-40.75;1.402092814445496
2026-06-27;-3.25;-40.25;10.6085786819458
2026-06-27;-3.25;-39.75;10.79604911804199
2026-06-27;-3.25;-39.25;3.100766658782959
2026-06-27;-3.25;-38.75;0.456241250038147
2026-06-27;-3.25;-38.25;
2026-06-27;-3.25;-37.75;
2026-06-27;-3.25;-37.25;
2026-06-27;-2.75;-41.25;0.0
2026-06-27;-2.75;-40.75;4.576231002807617
2026-06-27;-2.75;-40.25;16.0007495880127
2026-06-27;-2.75;-39.75;17.03725814819336
2026-06-27;-2.75;-39.25;
2026-06-27;-2.75;-38.75;
2026-06-27;-2.75;-38.25;
2026-06-27;-2.75;-37.75;
2026-06-27;-2.75;-37.25;
2026-06-28;-7.75;-41.25;1.151890277862549
2026-06-28;-7.75;-40.75;0.9243966937065125
2026-06-28;-7.75;-40.25;16.42474746704102
2026-06-28;-7.75;-39.75;29.85470581054688
2026-06-28;-7.75;-39.25;29.64162826538086
2026-06-28;-7.75;-38.75;47.47901153564453
2026-06-28;-7.75;-38.25;79.81036376953125
2026-06-28;-7.75;-37.75;99.79551696777344
2026-06-28;-7.75;-37.25;107.8346557617188
2026-06-28;-7.25;-41.25;11.48712158203125
2026-06-28;-7.25;-40.75;38.42071151733398
2026-06-28;-7.25;-40.25;126.632194519043
2026-06-28;-7.25;-39.75;124.5639419555664
2026-06-28;-7.25;-39.25;88.80779266357422
2026-06-28;-7.25;-38.75;104.4725341796875
2026-06-28;-7.25;-38.25;87.230224609375
2026-06-28;-7.25;-37.75;82.05227661132812
2026-06-28;-7.25;-37.25;82.69966888427734
2026-06-28;-6.75;-41.25;30.92376518249512
2026-06-28;-6.75;-40.75;95.93557739257812
2026-06-28;-6.75;-40.25;180.2272338867188
2026-06-28;-6.75;-39.75;178.3442535400391
2026-06-28;-6.75;-39.25;185.1654663085938
2026-06-28;-6.75;-38.75;156.8916015625
2026-06-28;-6.75;-38.25;119.4734039306641
2026-06-28;-6.75;-37.75;72.2154312133789
2026-06-28;-6.75;-37.25;35.21467971801758
2026-06-28;-6.25;-41.25;42.22628402709961
2026-06-28;-6.25;-40.75;89.5722427368164
2026-06-28;-6.25;-40.25;190.390869140625
2026-06-28;-6.25;-39.75;205.2656707763672
2026-06-28;-6.25;-39.25;228.4323577880859
2026-06-28;-6.25;-38.75;80.00543212890625
2026-06-28;-6.25;-38.25;62.71751403808594
2026-06-28;-6.25;-37.75;33.53370666503906
2026-06-28;-6.25;-37.25;44.80304336547852
2026-06-28;-5.75;-41.25;38.29315948486328
2026-06-28;-5.75;-40.75;38.19759750366211
2026-06-28;-5.75;-40.25;178.0163726806641
2026-06-28;-5.75;-39.75;233.7761993408203
2026-06-28;-5.75;-39.25;228.4499359130859
2026-06-28;-5.75;-38.75;50.90308380126953
2026-06-28;-5.75;-38.25;10.66998386383057
2026-06-28;-5.75;-37.75;22.97768020629883
2026-06-28;-5.75;-37.25;69.83456420898438
2026-06-28;-5.25;-41.25;23.35202598571777
2026-06-28;-5.25;-40.75;18.82682418823242
2026-06-28;-5.25;-40.25;106.9766464233398
2026-06-28;-5.25;-39.75;182.8397064208984
2026-06-28;-5.25;-39.25;146.6372375488281
2026-06-28;-5.25;-38.75;44.34613800048828
2026-06-28;-5.25;-38.25;0.0
2026-06-28;-5.25;-37.75;3.130365371704102
2026-06-28;-5.25;-37.25;59.21514511108398
2026-06-28;-4.75;-41.25;15.18284034729004
2026-06-28;-4.75;-40.75;9.470860481262207
2026-06-28;-4.75;-40.25;17.72426986694336
2026-06-28;-4.75;-39.75;78.1120376586914
2026-06-28;-4.75;-39.25;74.91580200195312
2026-06-28;-4.75;-38.75;19.02030754089355
2026-06-28;-4.75;-38.25;0.0
2026-06-28;-4.75;-37.75;0.4045725762844086
2026-06-28;-4.75;-37.25;32.35882949829102
2026-06-28;-4.25;-41.25;4.517839431762695
2026-06-28;-4.25;-40.75;8.752596855163574
2026-06-28;-4.25;-40.25;5.946985721588135
2026-06-28;-4.25;-39.75;7.38760232925415
2026-06-28;-4.25;-39.25;6.640066146850586
2026-06-28;-4.25;-38.75;17.33772850036621
2026-06-28;-4.25;-38.25;26.74347496032715
2026-06-28;-4.25;-37.75;11.75247955322266
2026-06-28;-4.25;-37.25;
2026-06-28;-3.75;-41.25;15.9361629486084
2026-06-28;-3.75;-40.75;17.29255676269531
2026-06-28;-3.75;-40.25;11.53715324401855
2026-06-28;-3.75;-39.75;8.530741691589355
2026-06-28;-3.75;-39.25;5.367648601531982
2026-06-28;-3.75;-38.75;47.9752311706543
2026-06-28;-3.75;-38.25;60.20673370361328
2026-06-28;-3.75;-37.75;
2026-06-28;-3.75;-37.25;
2026-06-28;-3.25;-41.25;3.718350172042847
2026-06-28;-3.25;-40.75;4.202022552490234
2026-06-28;-3.25;-40.25;12.12439155578613
2026-06-28;-3.25;-39.75;8.799955368041992
2026-06-28;-3.25;-39.25;13.22317981719971
2026-06-28;-3.25;-38.75;40.73752593994141
2026-06-28;-3.25;-38.25;
2026-06-28;-3.25;-37.75;
2026-06-28;-3.25;-37.25;
2026-06-28;-2.75;-41.25;0.0
2026-06-28;-2.75;-40.75;0.6341729760169983
2026-06-28;-2.75;-40.25;4.501622200012207
2026-06-28;-2.75;-39.75;5.71412992477417
2026-06-28;-2.75;-39.25;
2026-06-28;-2.75;-38.75;
2026-06-28;-2.75;-38.25;
2026-06-28;-2.75;-37.75;
2026-06-28;-2.75;-37.25;
2026-06-29;-7.75;-41.25;0.0
2026-06-29;-7.75;-40.75;0.0
2026-06-29;-7.75;-40.25;0.0
2026-06-29;-7.75;-39.75;0.0
2026-06-29;-7.75;-39.25;0.0
2026-06-29;-7.75;-38.75;0.0
2026-06-29;-7.75;-38.25;0.0
2026-06-29;-7.75;-37.75;0.5007625222206116
2026-06-29;-7.75;-37.25;0.9638571739196777
2026-06-29;-7.25;-41.25;0.0
2026-06-29;-7.25;-40.75;0.0
2026-06-29;-7.25;-40.25;0.0
2026-06-29;-7.25;-39.75;0.0
2026-06-29;-7.25;-39.25;0.0
2026-06-29;-7.25;-38.75;0.0
2026-06-29;-7.25;-38.25;0.0
2026-06-29;-7.25;-37.75;0.4171328544616699
2026-06-29;-7.25;-37.25;0.6106233596801758
2026-06-29;-6.75;-41.25;0.0
2026-06-29;-6.75;-40.75;0.0
2026-06-29;-6.75;-40.25;0.0
2026-06-29;-6.75;-39.75;0.0
2026-06-29;-6.75;-39.25;0.3244087696075439
2026-06-29;-6.75;-38.75;0.4594135284423828
2026-06-29;-6.75;-38.25;0.0
2026-06-29;-6.75;-37.75;0.2382397353649139
2026-06-29;-6.75;-37.25;0.0
2026-06-29;-6.25;-41.25;0.0
2026-06-29;-6.25;-40.75;0.0
2026-06-29;-6.25;-40.25;0.0
2026-06-29;-6.25;-39.75;0.0
2026-06-29;-6.25;-39.25;0.0
2026-06-29;-6.25;-38.75;0.0
2026-06-29;-6.25;-38.25;0.0
2026-06-29;-6.25;-37.75;0.0
2026-06-29;-6.25;-37.25;0.4156553745269775
2026-06-29;-5.75;-41.25;0.0
2026-06-29;-5.75;-40.75;0.0
2026-06-29;-5.75;-40.25;0.6362586617469788
2026-06-29;-5.75;-39.75;1.291956543922424
2026-06-29;-5.75;-39.25;1.305784821510315
2026-06-29;-5.75;-38.75;0.0
2026-06-29;-5.75;-38.25;0.0
2026-06-29;-5.75;-37.75;0.4649131894111633
2026-06-29;-5.75;-37.25;0.0
2026-06-29;-5.25;-41.25;0.224990040063858
2026-06-29;-5.25;-40.75;2.367782354354858
2026-06-29;-5.25;-40.25;2.049134016036987
2026-06-29;-5.25;-39.75;1.909969210624695
2026-06-29;-5.25;-39.25;1.847877979278564
2026-06-29;-5.25;-38.75;0.2769041061401367
2026-06-29;-5.25;-38.25;0.2919172346591949
2026-06-29;-5.25;-37.75;2.21063494682312
2026-06-29;-5.25;-37.25;0.2707559168338776
2026-06-29;-4.75;-41.25;5.532124996185303
2026-06-29;-4.75;-40.75;9.204948425292969
2026-06-29;-4.75;-40.25;3.147488832473755
2026-06-29;-4.75;-39.75;0.6755971312522888
2026-06-29;-4.75;-39.25;0.9075813889503479
2026-06-29;-4.75;-38.75;0.0
2026-06-29;-4.75;-38.25;0.2365763187408447
2026-06-29;-4.75;-37.75;0.292506605386734
2026-06-29;-4.75;-37.25;0.0
2026-06-29;-4.25;-41.25;9.779216766357422
2026-06-29;-4.25;-40.75;11.58765125274658
2026-06-29;-4.25;-40.25;0.8697123527526855
2026-06-29;-4.25;-39.75;0.0
2026-06-29;-4.25;-39.25;0.3937657177448273
2026-06-29;-4.25;-38.75;0.4979339241981506
2026-06-29;-4.25;-38.25;1.780530214309692
2026-06-29;-4.25;-37.75;0.0
2026-06-29;-4.25;-37.25;
2026-06-29;-3.75;-41.25;18.55343055725098
2026-06-29;-3.75;-40.75;8.666242599487305
2026-06-29;-3.75;-40.25;10.12812423706055
2026-06-29;-3.75;-39.75;13.65136337280273
2026-06-29;-3.75;-39.25;6.340827465057373
2026-06-29;-3.75;-38.75;5.530499458312988
2026-06-29;-3.75;-38.25;5.706613063812256
2026-06-29;-3.75;-37.75;
2026-06-29;-3.75;-37.25;
2026-06-29;-3.25;-41.25;45.18567276000977
2026-06-29;-3.25;-40.75;25.09572410583496
2026-06-29;-3.25;-40.25;51.27042007446289
2026-06-29;-3.25;-39.75;45.16088104248047
2026-06-29;-3.25;-39.25;18.84357261657715
2026-06-29;-3.25;-38.75;8.078341484069824
2026-06-29;-3.25;-38.25;
2026-06-29;-3.25;-37.75;
2026-06-29;-3.25;-37.25;
2026-06-29;-2.75;-41.25;58.92452239990234
2026-06-29;-2.75;-40.75;47.79179000854492
2026-06-29;-2.75;-40.25;58.82830429077148
2026-06-29;-2.75;-39.75;59.0743408203125
2026-06-29;-2.75;-39.25;
2026-06-29;-2.75;-38.75;
2026-06-29;-2.75;-38.25;
2026-06-29;-2.75;-37.75;
2026-06-29;-2.75;-37.25;
2026-06-30;-7.75;-41.25;0.0
2026-06-30;-7.75;-40.75;0.0
2026-06-30;-7.75;-40.25;0.0
2026-06-30;-7.75;-39.75;0.0
2026-06-30;-7.75;-39.25;0.0
2026-06-30;-7.75;-38.75;0.0
2026-06-30;-7.75;-38.25;0.0
2026-06-30;-7.75;-37.75;0.0
2026-06-30;-7.75;-37.25;0.0
2026-06-30;-7.25;-41.25;0.0
2026-06-30;-7.25;-40.75;0.0
2026-06-30;-7.25;-40.25;0.0
2026-06-30;-7.25;-39.75;0.0
2026-06-30;-7.25;-39.25;0.0
2026-06-30;-7.25;-38.75;0.0
2026-06-30;-7.25;-38.25;0.0
2026-06-30;-7.25;-37.75;0.0
2026-06-30;-7.25;-37.25;0.0
2026-06-30;-6.75;-41.25;0.0
2026-06-30;-6.75;-40.75;0.0
2026-06-30;-6.75;-40.25;0.0
2026-06-30;-6.75;-39.75;0.0
2026-06-30;-6.75;-39.25;0.0
2026-06-30;-6.75;-38.75;0.0
2026-06-30;-6.75;-38.25;0.0
2026-06-30;-6.75;-37.75;0.0
2026-06-30;-6.75;-37.25;0.0
2026-06-30;-6.25;-41.25;0.0
2026-06-30;-6.25;-40.75;0.0
2026-06-30;-6.25;-40.25;0.0
2026-06-30;-6.25;-39.75;0.0
2026-06-30;-6.25;-39.25;0.0
2026-06-30;-6.25;-38.75;0.0
2026-06-30;-6.25;-38.25;0.0
2026-06-30;-6.25;-37.75;0.0
2026-06-30;-6.25;-37.25;0.0
2026-06-30;-5.75;-41.25;0.0
2026-06-30;-5.75;-40.75;0.0
2026-06-30;-5.75;-40.25;0.0
2026-06-30;-5.75;-39.75;0.0
2026-06-30;-5.75;-39.25;0.0
2026-06-30;-5.75;-38.75;0.0
2026-06-30;-5.75;-38.25;0.0
2026-06-30;-5.75;-37.75;0.0
2026-06-30;-5.75;-37.25;0.0
2026-06-30;-5.25;-41.25;0.0
2026-06-30;-5.25;-40.75;0.0
2026-06-30;-5.25;-40.25;0.0
2026-06-30;-5.25;-39.75;0.0
2026-06-30;-5.25;-39.25;0.0
2026-06-30;-5.25;-38.75;0.0
2026-06-30;-5.25;-38.25;0.0
2026-06-30;-5.25;-37.75;0.0
2026-06-30;-5.25;-37.25;0.0
2026-06-30;-4.75;-41.25;0.0
2026-06-30;-4.75;-40.75;0.0
2026-06-30;-4.75;-40.25;0.0
2026-06-30;-4.75;-39.75;0.0
2026-06-30;-4.75;-39.25;0.0
2026-06-30;-4.75;-38.75;0.0
2026-06-30;-4.75;-38.25;0.0
2026-06-30;-4.75;-37.75;0.0
2026-06-30;-4.75;-37.25;0.0
2026-06-30;-4.25;-41.25;0.8643959164619446
2026-06-30;-4.25;-40.75;0.0
2026-06-30;-4.25;-40.25;0.0
2026-06-30;-4.25;-39.75;0.0
2026-06-30;-4.25;-39.25;0.0
2026-06-30;-4.25;-38.75;0.0
2026-06-30;-4.25;-38.25;0.0
2026-06-30;-4.25;-37.75;0.0
2026-06-30;-4.25;-37.25;
2026-06-30;-3.75;-41.25;0.3691785037517548
2026-06-30;-3.75;-40.75;0.0
2026-06-30;-3.75;-40.25;0.0
2026-06-30;-3.75;-39.75;0.0
2026-06-30;-3.75;-39.25;0.0
2026-06-30;-3.75;-38.75;0.0
2026-06-30;-3.75;-38.25;0.0
2026-06-30;-3.75;-37.75;
2026-06-30;-3.75;-37.25;
2026-06-30;-3.25;-41.25;0.0
2026-06-30;-3.25;-40.75;0.0
2026-06-30;-3.25;-40.25;0.7430199980735779
2026-06-30;-3.25;-39.75;0.7122228145599365
2026-06-30;-3.25;-39.25;0.0
2026-06-30;-3.25;-38.75;0.0
2026-06-30;-3.25;-38.25;
2026-06-30;-3.25;-37.75;
2026-06-30;-3.25;-37.25;
2026-06-30;-2.75;-41.25;0.0
2026-06-30;-2.75;-40.75;0.2366125285625458
2026-06-30;-2.75;-40.25;1.335794687271118
2026-06-30;-2.75;-39.75;1.423403143882751
2026-06-30;-2.75;-39.25;
2026-06-30;-2.75;-38.75;
2026-06-30;-2.75;-38.25;
2026-06-30;-2.75;-37.75;
2026-06-30;-2.75;-37.25;
2026-07-01;-7.75;-41.25;1.662180066108704
2026-07-01;-7.75;-40.75;1.892109870910645
2026-07-01;-7.75;-40.25;0.952322244644165
2026-07-01;-7.75;-39.75;0.4302574396133423
2026-07-01;-7.75;-39.25;0.2158776074647903
2026-07-01;-7.75;-38.75;0.0
2026-07-01;-7.75;-38.25;0.0
2026-07-01;-7.75;-37.75;0.0
2026-07-01;-7.75;-37.25;0.0
2026-07-01;-7.25;-41.25;0.5285042524337769
2026-07-01;-7.25;-40.75;1.142595291137695
2026-07-01;-7.25;-40.25;0.2403265982866287
2026-07-01;-7.25;-39.75;0.0
2026-07-01;-7.25;-39.25;0.0
2026-07-01;-7.25;-38.75;0.0
2026-07-01;-7.25;-38.25;0.0
2026-07-01;-7.25;-37.75;0.0
2026-07-01;-7.25;-37.25;0.0
2026-07-01;-6.75;-41.25;0.0
2026-07-01;-6.75;-40.75;0.0
2026-07-01;-6.75;-40.25;0.0
2026-07-01;-6.75;-39.75;0.0
2026-07-01;-6.75;-39.25;0.0
2026-07-01;-6.75;-38.75;0.0
2026-07-01;-6.75;-38.25;0.0
2026-07-01;-6.75;-37.75;0.0
2026-07-01;-6.75;-37.25;0.0
2026-07-01;-6.25;-41.25;0.0
2026-07-01;-6.25;-40.75;0.0
2026-07-01;-6.25;-40.25;0.0
2026-07-01;-6.25;-39.75;0.0
2026-07-01;-6.25;-39.25;0.0
2026-07-01;-6.25;-38.75;0.0
2026-07-01;-6.25;-38.25;0.0
2026-07-01;-6.25;-37.75;0.0
2026-07-01;-6.25;-37.25;0.0
2026-07-01;-5.75;-41.25;0.0
2026-07-01;-5.75;-40.75;0.0
2026-07-01;-5.75;-40.25;0.0
2026-07-01;-5.75;-39.75;0.0
2026-07-01;-5.75;-39.25;0.0
2026-07-01;-5.75;-38.75;0.0
2026-07-01;-5.75;-38.25;0.0
2026-07-01;-5.75;-37.75;0.0
2026-07-01;-5.75;-37.25;0.0
2026-07-01;-5.25;-41.25;0.0
2026-07-01;-5.25;-40.75;0.0
2026-07-01;-5.25;-40.25;0.0
2026-07-01;-5.25;-39.75;0.0
2026-07-01;-5.25;-39.25;0.0
2026-07-01;-5.25;-38.75;0.0
2026-07-01;-5.25;-38.25;0.0
2026-07-01;-5.25;-37.75;0.0
2026-07-01;-5.25;-37.25;0.0
2026-07-01;-4.75;-41.25;0.0
2026-07-01;-4.75;-40.75;0.0
2026-07-01;-4.75;-40.25;0.0
2026-07-01;-4.75;-39.75;0.0
2026-07-01;-4.75;-39.25;0.0
2026-07-01;-4.75;-38.75;0.0
2026-07-01;-4.75;-38.25;0.0
2026-07-01;-4.75;-37.75;0.0
2026-07-01;-4.75;-37.25;0.0
2026-07-01;-4.25;-41.25;0.0
2026-07-01;-4.25;-40.75;0.0
2026-07-01;-4.25;-40.25;0.0
2026-07-01;-4.25;-39.75;0.0
2026-07-01;-4.25;-39.25;0.0
2026-07-01;-4.25;-38.75;0.0
2026-07-01;-4.25;-38.25;0.0
2026-07-01;-4.25;-37.75;0.0
2026-07-01;-4.25;-37.25;
2026-07-01;-3.75;-41.25;0.0
2026-07-01;-3.75;-40.75;0.0
2026-07-01;-3.75;-40.25;0.0
2026-07-01;-3.75;-39.75;0.0
2026-07-01;-3.75;-39.25;0.0
2026-07-01;-3.75;-38.75;0.0
2026-07-01;-3.75;-38.25;0.0
2026-07-01;-3.75;-37.75;
2026-07-01;-3.75;-37.25;
2026-07-01;-3.25;-41.25;0.0
2026-07-01;-3.25;-40.75;0.0
2026-07-01;-3.25;-40.25;0.0
2026-07-01;-3.25;-39.75;0.0
2026-07-01;-3.25;-39.25;0.0
2026-07-01;-3.25;-38.75;0.0
2026-07-01;-3.25;-38.25;
2026-07-01;-3.25;-37.75;
2026-07-01;-3.25;-37.25;
2026-07-01;-2.75;-41.25;0.0
2026-07-01;-2.75;-40.75;0.0
2026-07-01;-2.75;-40.25;0.0
2026-07-01;-2.75;-39.75;0.0
2026-07-01;-2.75;-39.25;
2026-07-01;-2.75;-38.75;
2026-07-01;-2.75;-38.25;
2026-07-01;-2.75;-37.75;
2026-07-01;-2.75;-37.25;
2026-07-02;-7.75;-41.25;0.0
2026-07-02;-7.75;-40.75;0.0
2026-07-02;-7.75;-40.25;0.0
2026-07-02;-7.75;-39.75;0.7310659289360046
2026-07-02;-7.75;-39.25;0.3736241459846497
2026-07-02;-7.75;-38.75;0.0
2026-07-02;-7.75;-38.25;0.0
2026-07-02;-7.75;-37.75;0.0
2026-07-02;-7.75;-37.25;0.0
2026-07-02;-7.25;-41.25;0.0
2026-07-02;-7.25;-40.75;0.0
2026-07-02;-7.25;-40.25;0.0
2026-07-02;-7.25;-39.75;0.0
2026-07-02;-7.25;-39.25;0.0
2026-07-02;-7.25;-38.75;0.0
2026-07-02;-7.25;-38.25;0.0
2026-07-02;-7.25;-37.75;0.0
2026-07-02;-7.25;-37.25;0.0
2026-07-02;-6.75;-41.25;0.0
2026-07-02;-6.75;-40.75;0.0
2026-07-02;-6.75;-40.25;0.0
2026-07-02;-6.75;-39.75;0.0
2026-07-02;-6.75;-39.25;0.0
2026-07-02;-6.75;-38.75;0.0
2026-07-02;-6.75;-38.25;0.0
2026-07-02;-6.75;-37.75;0.0
2026-07-02;-6.75;-37.25;0.0
2026-07-02;-6.25;-41.25;0.0
2026-07-02;-6.25;-40.75;0.0
2026-07-02;-6.25;-40.25;0.0
2026-07-02;-6.25;-39.75;0.0
2026-07-02;-6.25;-39.25;0.0
2026-07-02;-6.25;-38.75;0.0
2026-07-02;-6.25;-38.25;0.0
2026-07-02;-6.25;-37.75;0.0
2026-07-02;-6.25;-37.25;0.0
2026-07-02;-5.75;-41.25;0.0
2026-07-02;-5.75;-40.75;0.0
2026-07-02;-5.75;-40.25;0.0
2026-07-02;-5.75;-39.75;0.0
2026-07-02;-5.75;-39.25;0.0
2026-07-02;-5.75;-38.75;0.0
2026-07-02;-5.75;-38.25;0.0
2026-07-02;-5.75;-37.75;0.0
2026-07-02;-5.75;-37.25;0.0
2026-07-02;-5.25;-41.25;0.0
2026-07-02;-5.25;-40.75;0.0
2026-07-02;-5.25;-40.25;0.0
2026-07-02;-5.25;-39.75;0.0
2026-07-02;-5.25;-39.25;0.0
2026-07-02;-5.25;-38.75;0.0
2026-07-02;-5.25;-38.25;0.0
2026-07-02;-5.25;-37.75;0.0
2026-07-02;-5.25;-37.25;0.0
2026-07-02;-4.75;-41.25;0.0
2026-07-02;-4.75;-40.75;0.0
2026-07-02;-4.75;-40.25;0.0
2026-07-02;-4.75;-39.75;0.0
2026-07-02;-4.75;-39.25;0.0
2026-07-02;-4.75;-38.75;0.0
2026-07-02;-4.75;-38.25;0.0
2026-07-02;-4.75;-37.75;0.0
2026-07-02;-4.75;-37.25;0.0
2026-07-02;-4.25;-41.25;0.0
2026-07-02;-4.25;-40.75;0.0
2026-07-02;-4.25;-40.25;0.0
2026-07-02;-4.25;-39.75;0.0
2026-07-02;-4.25;-39.25;0.0
2026-07-02;-4.25;-38.75;0.0
2026-07-02;-4.25;-38.25;0.0
2026-07-02;-4.25;-37.75;0.0
2026-07-02;-4.25;-37.25;
2026-07-02;-3.75;-41.25;0.0
2026-07-02;-3.75;-40.75;0.0
2026-07-02;-3.75;-40.25;0.0
2026-07-02;-3.75;-39.75;0.0
2026-07-02;-3.75;-39.25;0.0
2026-07-02;-3.75;-38.75;0.0
2026-07-02;-3.75;-38.25;0.0
2026-07-02;-3.75;-37.75;
2026-07-02;-3.75;-37.25;
2026-07-02;-3.25;-41.25;0.0
2026-07-02;-3.25;-40.75;0.0
2026-07-02;-3.25;-40.25;0.0
2026-07-02;-3.25;-39.75;0.0
2026-07-02;-3.25;-39.25;0.0
2026-07-02;-3.25;-38.75;0.0
2026-07-02;-3.25;-38.25;
2026-07-02;-3.25;-37.75;
2026-07-02;-3.25;-37.25;
2026-07-02;-2.75;-41.25;0.0
2026-07-02;-2.75;-40.75;0.0
2026-07-02;-2.75;-40.25;0.0
2026-07-02;-2.75;-39.75;0.0
2026-07-02;-2.75;-39.25;
2026-07-02;-2.75;-38.75;
2026-07-02;-2.75;-38.25;
2026-07-02;-2.75;-37.75;
2026-07-02;-2.75;-37.25;
2026-07-03;-7.75;-41.25;0.0
2026-07-03;-7.75;-40.75;0.0
2026-07-03;-7.75;-40.25;0.0
2026-07-03;-7.75;-39.75;0.9136865139007568
2026-07-03;-7.75;-39.25;0.4376493990421295
2026-07-03;-7.75;-38.75;0.0
2026-07-03;-7.75;-38.25;1.523914456367493
2026-07-03;-7.75;-37.75;3.579023599624634
2026-07-03;-7.75;-37.25;0.0
2026-07-03;-7.25;-41.25;0.0
2026-07-03;-7.25;-40.75;0.0
2026-07-03;-7.25;-40.25;0.0
2026-07-03;-7.25;-39.75;0.0
2026-07-03;-7.25;-39.25;0.0
2026-07-03;-7.25;-38.75;0.0
2026-07-03;-7.25;-38.25;7.975311279296875
2026-07-03;-7.25;-37.75;25.12741279602051
2026-07-03;-7.25;-37.25;2.481781005859375
2026-07-03;-6.75;-41.25;0.0
2026-07-03;-6.75;-40.75;0.0
2026-07-03;-6.75;-40.25;0.0
2026-07-03;-6.75;-39.75;0.0
2026-07-03;-6.75;-39.25;0.0
2026-07-03;-6.75;-38.75;0.0
2026-07-03;-6.75;-38.25;8.689481735229492
2026-07-03;-6.75;-37.75;16.87137031555176
2026-07-03;-6.75;-37.25;0.7431725263595581
2026-07-03;-6.25;-41.25;0.0
2026-07-03;-6.25;-40.75;0.0
2026-07-03;-6.25;-40.25;0.0
2026-07-03;-6.25;-39.75;0.0
2026-07-03;-6.25;-39.25;0.0
2026-07-03;-6.25;-38.75;0.0
2026-07-03;-6.25;-38.25;1.295596241950989
2026-07-03;-6.25;-37.75;1.267400503158569
2026-07-03;-6.25;-37.25;0.0
2026-07-03;-5.75;-41.25;0.0
2026-07-03;-5.75;-40.75;0.0
2026-07-03;-5.75;-40.25;0.0
2026-07-03;-5.75;-39.75;0.0
2026-07-03;-5.75;-39.25;0.0
2026-07-03;-5.75;-38.75;0.0
2026-07-03;-5.75;-38.25;0.0
2026-07-03;-5.75;-37.75;0.0
2026-07-03;-5.75;-37.25;0.0
2026-07-03;-5.25;-41.25;0.0
2026-07-03;-5.25;-40.75;0.0
2026-07-03;-5.25;-40.25;0.0
2026-07-03;-5.25;-39.75;0.7154406309127808
2026-07-03;-5.25;-39.25;1.308780431747437
2026-07-03;-5.25;-38.75;0.2041735351085663
2026-07-03;-5.25;-38.25;0.0
2026-07-03;-5.25;-37.75;0.0
2026-07-03;-5.25;-37.25;0.0
2026-07-03;-4.75;-41.25;0.0
2026-07-03;-4.75;-40.75;0.0
2026-07-03;-4.75;-40.25;0.0
2026-07-03;-4.75;-39.75;0.5408523082733154
2026-07-03;-4.75;-39.25;0.8527134656906128
2026-07-03;-4.75;-38.75;0.0
2026-07-03;-4.75;-38.25;0.0
2026-07-03;-4.75;-37.75;0.0
2026-07-03;-4.75;-37.25;0.0
2026-07-03;-4.25;-41.25;0.0
2026-07-03;-4.25;-40.75;0.0
2026-07-03;-4.25;-40.25;0.0
2026-07-03;-4.25;-39.75;0.0
2026-07-03;-4.25;-39.25;0.0
2026-07-03;-4.25;-38.75;0.0
2026-07-03;-4.25;-38.25;0.0
2026-07-03;-4.25;-37.75;0.0
2026-07-03;-4.25;-37.25;
2026-07-03;-3.75;-41.25;0.0
2026-07-03;-3.75;-40.75;0.0
2026-07-03;-3.75;-40.25;0.0
2026-07-03;-3.75;-39.75;0.0
2026-07-03;-3.75;-39.25;0.0
2026-07-03;-3.75;-38.75;0.0
2026-07-03;-3.75;-38.25;0.0
2026-07-03;-3.75;-37.75;
2026-07-03;-3.75;-37.25;
2026-07-03;-3.25;-41.25;0.0
2026-07-03;-3.25;-40.75;0.0
2026-07-03;-3.25;-40.25;0.0
2026-07-03;-3.25;-39.75;0.0
2026-07-03;-3.25;-39.25;0.0
2026-07-03;-3.25;-38.75;0.0
2026-07-03;-3.25;-38.25;
2026-07-03;-3.25;-37.75;
2026-07-03;-3.25;-37.25;
2026-07-03;-2.75;-41.25;0.0
2026-07-03;-2.75;-40.75;0.0
2026-07-03;-2.75;-40.25;0.0
2026-07-03;-2.75;-39.75;0.0
2026-07-03;-2.75;-39.25;
2026-07-03;-2.75;-38.75;
2026-07-03;-2.75;-38.25;
2026-07-03;-2.75;-37.75;
2026-07-03;-2.75;-37.25;
2026-07-04;-7.75;-41.25;0.0
2026-07-04;-7.75;-40.75;0.0
2026-07-04;-7.75;-40.25;0.0
2026-07-04;-7.75;-39.75;0.4879536628723145
2026-07-04;-7.75;-39.25;0.2489912807941437
2026-07-04;-7.75;-38.75;0.0
2026-07-04;-7.75;-38.25;0.0
2026-07-04;-7.75;-37.75;0.0
2026-07-04;-7.75;-37.25;0.0
2026-07-04;-7.25;-41.25;0.0
2026-07-04;-7.25;-40.75;0.0
2026-07-04;-7.25;-40.25;0.0
2026-07-04;-7.25;-39.75;0.0
2026-07-04;-7.25;-39.25;0.0
2026-07-04;-7.25;-38.75;0.0
2026-07-04;-7.25;-38.25;0.0
2026-07-04;-7.25;-37.75;0.0
2026-07-04;-7.25;-37.25;0.0
2026-07-04;-6.75;-41.25;0.0
2026-07-04;-6.75;-40.75;0.0
2026-07-04;-6.75;-40.25;0.0
2026-07-04;-6.75;-39.75;0.0
2026-07-04;-6.75;-39.25;0.0
2026-07-04;-6.75;-38.75;0.0
2026-07-04;-6.75;-38.25;0.0
2026-07-04;-6.75;-37.75;0.0
2026-07-04;-6.75;-37.25;0.0
2026-07-04;-6.25;-41.25;0.0
2026-07-04;-6.25;-40.75;0.0
2026-07-04;-6.25;-40.25;0.0
2026-07-04;-6.25;-39.75;0.0
2026-07-04;-6.25;-39.25;0.0
2026-07-04;-6.25;-38.75;0.0
2026-07-04;-6.25;-38.25;0.0
2026-07-04;-6.25;-37.75;0.0
2026-07-04;-6.25;-37.25;0.0
2026-07-04;-5.75;-41.25;0.0
2026-07-04;-5.75;-40.75;0.0
2026-07-04;-5.75;-40.25;0.0
2026-07-04;-5.75;-39.75;0.0
2026-07-04;-5.75;-39.25;0.0
2026-07-04;-5.75;-38.75;0.0
2026-07-04;-5.75;-38.25;0.0
2026-07-04;-5.75;-37.75;0.0
2026-07-04;-5.75;-37.25;0.2226336747407913
2026-07-04;-5.25;-41.25;0.0
2026-07-04;-5.25;-40.75;0.0
2026-07-04;-5.25;-40.25;0.0
2026-07-04;-5.25;-39.75;0.0
2026-07-04;-5.25;-39.25;0.0
2026-07-04;-5.25;-38.75;0.0
2026-07-04;-5.25;-38.25;0.0
2026-07-04;-5.25;-37.75;3.341646432876587
2026-07-04;-5.25;-37.25;6.145874500274658
2026-07-04;-4.75;-41.25;0.0
2026-07-04;-4.75;-40.75;0.0
2026-07-04;-4.75;-40.25;0.0
2026-07-04;-4.75;-39.75;0.0
2026-07-04;-4.75;-39.25;0.0
2026-07-04;-4.75;-38.75;0.4306932389736176
2026-07-04;-4.75;-38.25;7.337991237640381
2026-07-04;-4.75;-37.75;23.91550445556641
2026-07-04;-4.75;-37.25;21.45032691955566
2026-07-04;-4.25;-41.25;0.0
2026-07-04;-4.25;-40.75;0.0
2026-07-04;-4.25;-40.25;0.0
2026-07-04;-4.25;-39.75;0.0
2026-07-04;-4.25;-39.25;0.957246720790863
2026-07-04;-4.25;-38.75;8.974766731262207
2026-07-04;-4.25;-38.25;21.99580574035645
2026-07-04;-4.25;-37.75;28.98268127441406
2026-07-04;-4.25;-37.25;
2026-07-04;-3.75;-41.25;0.0
2026-07-04;-3.75;-40.75;0.0
2026-07-04;-3.75;-40.25;0.0
2026-07-04;-3.75;-39.75;0.5106033086776733
2026-07-04;-3.75;-39.25;3.693016767501831
2026-07-04;-3.75;-38.75;24.61911010742188
2026-07-04;-3.75;-38.25;33.53975296020508
2026-07-04;-3.75;-37.75;
2026-07-04;-3.75;-37.25;
2026-07-04;-3.25;-41.25;0.0
2026-07-04;-3.25;-40.75;0.0
2026-07-04;-3.25;-40.25;0.0
2026-07-04;-3.25;-39.75;0.2441412806510925
2026-07-04;-3.25;-39.25;5.492398738861084
2026-07-04;-3.25;-38.75;21.15253639221191
2026-07-04;-3.25;-38.25;
2026-07-04;-3.25;-37.75;
2026-07-04;-3.25;-37.25;
2026-07-04;-2.75;-41.25;0.0
2026-07-04;-2.75;-40.75;0.0
2026-07-04;-2.75;-40.25;0.0
2026-07-04;-2.75;-39.75;0.0
2026-07-04;-2.75;-39.25;
2026-07-04;-2.75;-38.75;
2026-07-04;-2.75;-38.25;
2026-07-04;-2.75;-37.75;
2026-07-04;-2.75;-37.25;
2026-07-05;-7.75;-41.25;0.0
2026-07-05;-7.75;-40.75;0.0
2026-07-05;-7.75;-40.25;0.0
2026-07-05;-7.75;-39.75;1.34270453453064
2026-07-05;-7.75;-39.25;0.6851872205734253
2026-07-05;-7.75;-38.75;0.2823349833488464
2026-07-05;-7.75;-38.25;0.0
2026-07-05;-7.75;-37.75;0.0
2026-07-05;-7.75;-37.25;0.0
2026-07-05;-7.25;-41.25;0.0
2026-07-05;-7.25;-40.75;0.0
2026-07-05;-7.25;-40.25;0.0
2026-07-05;-7.25;-39.75;0.0
2026-07-05;-7.25;-39.25;0.0
2026-07-05;-7.25;-38.75;0.0
2026-07-05;-7.25;-38.25;0.0
2026-07-05;-7.25;-37.75;0.0
2026-07-05;-7.25;-37.25;0.0
2026-07-05;-6.75;-41.25;0.0
2026-07-05;-6.75;-40.75;0.0
2026-07-05;-6.75;-40.25;0.0
2026-07-05;-6.75;-39.75;0.0
2026-07-05;-6.75;-39.25;0.0
2026-07-05;-6.75;-38.75;0.0
2026-07-05;-6.75;-38.25;0.0
2026-07-05;-6.75;-37.75;0.0
2026-07-05;-6.75;-37.25;0.0
2026-07-05;-6.25;-41.25;0.0
2026-07-05;-6.25;-40.75;0.0
2026-07-05;-6.25;-40.25;0.0
2026-07-05;-6.25;-39.75;0.0
2026-07-05;-6.25;-39.25;0.0
2026-07-05;-6.25;-38.75;0.0
2026-07-05;-6.25;-38.25;0.0
2026-07-05;-6.25;-37.75;0.0
2026-07-05;-6.25;-37.25;0.0
2026-07-05;-5.75;-41.25;0.0
2026-07-05;-5.75;-40.75;0.0
2026-07-05;-5.75;-40.25;0.0
2026-07-05;-5.75;-39.75;0.0
2026-07-05;-5.75;-39.25;0.0
2026-07-05;-5.75;-38.75;0.0
2026-07-05;-5.75;-38.25;0.0
2026-07-05;-5.75;-37.75;0.0
2026-07-05;-5.75;-37.25;0.6566564440727234
2026-07-05;-5.25;-41.25;0.0
2026-07-05;-5.25;-40.75;0.0
2026-07-05;-5.25;-40.25;0.0
2026-07-05;-5.25;-39.75;0.0
2026-07-05;-5.25;-39.25;0.0
2026-07-05;-5.25;-38.75;0.0
2026-07-05;-5.25;-38.25;0.0
2026-07-05;-5.25;-37.75;5.815077304840088
2026-07-05;-5.25;-37.25;13.18509769439697
2026-07-05;-4.75;-41.25;0.3401913940906525
2026-07-05;-4.75;-40.75;0.9750075936317444
2026-07-05;-4.75;-40.25;0.9581687450408936
2026-07-05;-4.75;-39.75;0.3760021030902863
2026-07-05;-4.75;-39.25;0.3552060127258301
2026-07-05;-4.75;-38.75;0.5494547486305237
2026-07-05;-4.75;-38.25;11.89715194702148
2026-07-05;-4.75;-37.75;39.94190979003906
2026-07-05;-4.75;-37.25;36.90298080444336
2026-07-05;-4.25;-41.25;3.106262445449829
2026-07-05;-4.25;-40.75;6.553395748138428
2026-07-05;-4.25;-40.25;4.437657833099365
2026-07-05;-4.25;-39.75;11.24685764312744
2026-07-05;-4.25;-39.25;10.43329334259033
2026-07-05;-4.25;-38.75;11.37260437011719
2026-07-05;-4.25;-38.25;28.31502723693848
2026-07-05;-4.25;-37.75;44.94673538208008
2026-07-05;-4.25;-37.25;
2026-07-05;-3.75;-41.25;23.85267639160156
2026-07-05;-3.75;-40.75;27.62654495239258
2026-07-05;-3.75;-40.25;26.94779777526855
2026-07-05;-3.75;-39.75;26.73591804504395
2026-07-05;-3.75;-39.25;37.40774154663086
2026-07-05;-3.75;-38.75;34.67141723632812
2026-07-05;-3.75;-38.25;37.27798080444336
2026-07-05;-3.75;-37.75;
2026-07-05;-3.75;-37.25;
2026-07-05;-3.25;-41.25;7.75682544708252
2026-07-05;-3.25;-40.75;6.52698278427124
2026-07-05;-3.25;-40.25;7.430572509765625
2026-07-05;-3.25;-39.75;16.14882278442383
2026-07-05;-3.25;-39.25;32.96862030029297
2026-07-05;-3.25;-38.75;37.55790710449219
2026-07-05;-3.25;-38.25;
2026-07-05;-3.25;-37.75;
2026-07-05;-3.25;-37.25;
2026-07-05;-2.75;-41.25;0.2787274420261383
2026-07-05;-2.75;-40.75;0.5223397612571716
2026-07-05;-2.75;-40.25;2.765372514724731
2026-07-05;-2.75;-39.75;7.5382981300354
2026-07-05;-2.75;-39.25;
2026-07-05;-2.75;-38.75;
2026-07-05;-2.75;-38.25;
2026-07-05;-2.75;-37.75;
2026-07-05;-2.75;-37.25;
2026-07-06;-7.75;-41.25;0.0
2026-07-06;-7.75;-40.75;0.0
2026-07-06;-7.75;-40.25;0.0
2026-07-06;-7.75;-39.75;0.5664316415786743
2026-07-06;-7.75;-39.25;0.3046571612358093
2026-07-06;-7.75;-38.75;0.0
2026-07-06;-7.75;-38.25;0.2281747758388519
2026-07-06;-7.75;-37.75;0.6397656202316284
2026-07-06;-7.75;-37.25;0.0
2026-07-06;-7.25;-41.25;0.0
2026-07-06;-7.25;-40.75;0.0
2026-07-06;-7.25;-40.25;0.0
2026-07-06;-7.25;-39.75;0.0
2026-07-06;-7.25;-39.25;0.0
2026-07-06;-7.25;-38.75;0.0
2026-07-06;-7.25;-38.25;1.624851822853088
2026-07-06;-7.25;-37.75;4.298005104064941
2026-07-06;-7.25;-37.25;0.3287937641143799
2026-07-06;-6.75;-41.25;0.0
2026-07-06;-6.75;-40.75;0.0
2026-07-06;-6.75;-40.25;0.0
2026-07-06;-6.75;-39.75;0.0
2026-07-06;-6.75;-39.25;0.0
2026-07-06;-6.75;-38.75;0.0
2026-07-06;-6.75;-38.25;2.040554285049438
2026-07-06;-6.75;-37.75;2.430713415145874
2026-07-06;-6.75;-37.25;0.0
2026-07-06;-6.25;-41.25;0.0
2026-07-06;-6.25;-40.75;0.0
2026-07-06;-6.25;-40.25;0.0
2026-07-06;-6.25;-39.75;0.0
2026-07-06;-6.25;-39.25;0.0
2026-07-06;-6.25;-38.75;0.0
2026-07-06;-6.25;-38.25;0.6804777979850769
2026-07-06;-6.25;-37.75;0.0
2026-07-06;-6.25;-37.25;0.0
2026-07-06;-5.75;-41.25;0.0
2026-07-06;-5.75;-40.75;0.0
2026-07-06;-5.75;-40.25;0.4532015025615692
2026-07-06;-5.75;-39.75;0.9941111207008362
2026-07-06;-5.75;-39.25;0.5305107235908508
2026-07-06;-5.75;-38.75;0.0
2026-07-06;-5.75;-38.25;0.0
2026-07-06;-5.75;-37.75;0.4877413809299469
2026-07-06;-5.75;-37.25;2.097575187683105
2026-07-06;-5.25;-41.25;0.0
2026-07-06;-5.25;-40.75;0.0
2026-07-06;-5.25;-40.25;1.575275063514709
2026-07-06;-5.25;-39.75;3.723924160003662
2026-07-06;-5.25;-39.25;4.464410305023193
2026-07-06;-5.25;-38.75;1.358386039733887
2026-07-06;-5.25;-38.25;0.0
2026-07-06;-5.25;-37.75;1.36191987991333
2026-07-06;-5.25;-37.25;2.292022705078125
2026-07-06;-4.75;-41.25;0.586261510848999
2026-07-06;-4.75;-40.75;1.493987798690796
2026-07-06;-4.75;-40.25;0.7020781636238098
2026-07-06;-4.75;-39.75;3.630647897720337
2026-07-06;-4.75;-39.25;4.240832805633545
2026-07-06;-4.75;-38.75;1.115216612815857
2026-07-06;-4.75;-38.25;0.0
2026-07-06;-4.75;-37.75;0.0
2026-07-06;-4.75;-37.25;0.9775512218475342
2026-07-06;-4.25;-41.25;1.492015361785889
2026-07-06;-4.25;-40.75;2.295817613601685
2026-07-06;-4.25;-40.25;0.0
2026-07-06;-4.25;-39.75;0.4928775429725647
2026-07-06;-4.25;-39.25;0.8682268857955933
2026-07-06;-4.25;-38.75;0.2029906660318375
2026-07-06;-4.25;-38.25;0.5879720449447632
2026-07-06;-4.25;-37.75;0.0
2026-07-06;-4.25;-37.25;
2026-07-06;-3.75;-41.25;2.944286823272705
2026-07-06;-3.75;-40.75;3.025809526443481
2026-07-06;-3.75;-40.25;0.5298326015472412
2026-07-06;-3.75;-39.75;0.6667128801345825
2026-07-06;-3.75;-39.25;1.667097449302673
2026-07-06;-3.75;-38.75;1.64073121547699
2026-07-06;-3.75;-38.25;1.6778484582901
2026-07-06;-3.75;-37.75;
2026-07-06;-3.75;-37.25;
2026-07-06;-3.25;-41.25;0.3997339904308319
2026-07-06;-3.25;-40.75;0.3543300628662109
2026-07-06;-3.25;-40.25;0.0
2026-07-06;-3.25;-39.75;0.2202340513467789
2026-07-06;-3.25;-39.25;1.40167498588562
2026-07-06;-3.25;-38.75;1.746790170669556
2026-07-06;-3.25;-38.25;
2026-07-06;-3.25;-37.75;
2026-07-06;-3.25;-37.25;
2026-07-06;-2.75;-41.25;0.0
2026-07-06;-2.75;-40.75;0.0
2026-07-06;-2.75;-40.25;0.0
2026-07-06;-2.75;-39.75;0.0
2026-07-06;-2.75;-39.25;
2026-07-06;-2.75;-38.75;
2026-07-06;-2.75;-38.25;
2026-07-06;-2.75;-37.75;
2026-07-06;-2.75;-37.25;
2026-07-07;-7.75;-41.25;0.0
2026-07-07;-7.75;-40.75;0.0
2026-07-07;-7.75;-40.25;0.0
2026-07-07;-7.75;-39.75;1.222401738166809
2026-07-07;-7.75;-39.25;0.6238759756088257
2026-07-07;-7.75;-38.75;0.2568171620368958
2026-07-07;-7.75;-38.25;0.0
2026-07-07;-7.75;-37.75;0.0
2026-07-07;-7.75;-37.25;0.0
2026-07-07;-7.25;-41.25;0.0
2026-07-07;-7.25;-40.75;0.0
2026-07-07;-7.25;-40.25;0.0
2026-07-07;-7.25;-39.75;0.0
2026-07-07;-7.25;-39.25;0.0
2026-07-07;-7.25;-38.75;0.0
2026-07-07;-7.25;-38.25;0.0
2026-07-07;-7.25;-37.75;0.0
2026-07-07;-7.25;-37.25;0.0
2026-07-07;-6.75;-41.25;0.0
2026-07-07;-6.75;-40.75;0.0
2026-07-07;-6.75;-40.25;0.0
2026-07-07;-6.75;-39.75;0.0
2026-07-07;-6.75;-39.25;0.0
2026-07-07;-6.75;-38.75;0.0
2026-07-07;-6.75;-38.25;0.0
2026-07-07;-6.75;-37.75;0.0
2026-07-07;-6.75;-37.25;0.0
2026-07-07;-6.25;-41.25;0.0
2026-07-07;-6.25;-40.75;0.0
2026-07-07;-6.25;-40.25;0.0
2026-07-07;-6.25;-39.75;0.0
2026-07-07;-6.25;-39.25;0.0
2026-07-07;-6.25;-38.75;0.0
2026-07-07;-6.25;-38.25;0.0
2026-07-07;-6.25;-37.75;0.0
2026-07-07;-6.25;-37.25;0.0
2026-07-07;-5.75;-41.25;0.0
2026-07-07;-5.75;-40.75;0.0
2026-07-07;-5.75;-40.25;0.0
2026-07-07;-5.75;-39.75;0.0
2026-07-07;-5.75;-39.25;0.0
2026-07-07;-5.75;-38.75;0.0
2026-07-07;-5.75;-38.25;0.0
2026-07-07;-5.75;-37.75;0.0
2026-07-07;-5.75;-37.25;0.0
2026-07-07;-5.25;-41.25;0.0
2026-07-07;-5.25;-40.75;0.0
2026-07-07;-5.25;-40.25;0.0
2026-07-07;-5.25;-39.75;0.0
2026-07-07;-5.25;-39.25;0.0
2026-07-07;-5.25;-38.75;0.0
2026-07-07;-5.25;-38.25;0.0
2026-07-07;-5.25;-37.75;0.0
2026-07-07;-5.25;-37.25;0.0
2026-07-07;-4.75;-41.25;0.0
2026-07-07;-4.75;-40.75;0.0
2026-07-07;-4.75;-40.25;0.0
2026-07-07;-4.75;-39.75;0.0
2026-07-07;-4.75;-39.25;0.0
2026-07-07;-4.75;-38.75;0.0
2026-07-07;-4.75;-38.25;0.0
2026-07-07;-4.75;-37.75;0.0
2026-07-07;-4.75;-37.25;0.0
2026-07-07;-4.25;-41.25;0.0
2026-07-07;-4.25;-40.75;0.0
2026-07-07;-4.25;-40.25;0.0
2026-07-07;-4.25;-39.75;0.0
2026-07-07;-4.25;-39.25;0.4057221412658691
2026-07-07;-4.25;-38.75;4.005824089050293
2026-07-07;-4.25;-38.25;6.554072380065918
2026-07-07;-4.25;-37.75;2.785200834274292
2026-07-07;-4.25;-37.25;
2026-07-07;-3.75;-41.25;0.687239408493042
2026-07-07;-3.75;-40.75;0.5405399799346924
2026-07-07;-3.75;-40.25;0.0
2026-07-07;-3.75;-39.75;0.0
2026-07-07;-3.75;-39.25;1.139100551605225
2026-07-07;-3.75;-38.75;11.99344158172607
2026-07-07;-3.75;-38.25;15.15311050415039
2026-07-07;-3.75;-37.75;
2026-07-07;-3.75;-37.25;
2026-07-07;-3.25;-41.25;0.0
2026-07-07;-3.25;-40.75;0.0
2026-07-07;-3.25;-40.25;0.0
2026-07-07;-3.25;-39.75;0.0
2026-07-07;-3.25;-39.25;2.470150470733643
2026-07-07;-3.25;-38.75;10.11133670806885
2026-07-07;-3.25;-38.25;
2026-07-07;-3.25;-37.75;
2026-07-07;-3.25;-37.25;
2026-07-07;-2.75;-41.25;0.0
2026-07-07;-2.75;-40.75;0.0
2026-07-07;-2.75;-40.25;0.0
2026-07-07;-2.75;-39.75;0.0
2026-07-07;-2.75;-39.25;
2026-07-07;-2.75;-38.75;
2026-07-07;-2.75;-38.25;
2026-07-07;-2.75;-37.75;
2026-07-07;-2.75;-37.25;
2026-07-08;-7.75;-41.25;0.0
2026-07-08;-7.75;-40.75;0.0
2026-07-08;-7.75;-40.25;0.0
2026-07-08;-7.75;-39.75;0.6728540658950806
2026-07-08;-7.75;-39.25;0.3434295952320099
2026-07-08;-7.75;-38.75;0.0
2026-07-08;-7.75;-38.25;0.0
2026-07-08;-7.75;-37.75;0.0
2026-07-08;-7.75;-37.25;0.0
2026-07-08;-7.25;-41.25;0.0
2026-07-08;-7.25;-40.75;0.0
2026-07-08;-7.25;-40.25;0.0
2026-07-08;-7.25;-39.75;0.0
2026-07-08;-7.25;-39.25;0.0
2026-07-08;-7.25;-38.75;0.0
2026-07-08;-7.25;-38.25;0.0
2026-07-08;-7.25;-37.75;0.0
2026-07-08;-7.25;-37.25;0.0
2026-07-08;-6.75;-41.25;0.0
2026-07-08;-6.75;-40.75;0.0
2026-07-08;-6.75;-40.25;0.0
2026-07-08;-6.75;-39.75;0.0
2026-07-08;-6.75;-39.25;0.0
2026-07-08;-6.75;-38.75;0.0
2026-07-08;-6.75;-38.25;0.0
2026-07-08;-6.75;-37.75;0.0
2026-07-08;-6.75;-37.25;0.0
2026-07-08;-6.25;-41.25;0.0
2026-07-08;-6.25;-40.75;0.0
2026-07-08;-6.25;-40.25;0.0
2026-07-08;-6.25;-39.75;0.0
2026-07-08;-6.25;-39.25;0.0
2026-07-08;-6.25;-38.75;0.0
2026-07-08;-6.25;-38.25;0.0
2026-07-08;-6.25;-37.75;0.0
2026-07-08;-6.25;-37.25;0.0
2026-07-08;-5.75;-41.25;0.0
2026-07-08;-5.75;-40.75;0.0
2026-07-08;-5.75;-40.25;0.0
2026-07-08;-5.75;-39.75;0.0
2026-07-08;-5.75;-39.25;0.0
2026-07-08;-5.75;-38.75;0.0
2026-07-08;-5.75;-38.25;0.0
2026-07-08;-5.75;-37.75;0.0
2026-07-08;-5.75;-37.25;0.0
2026-07-08;-5.25;-41.25;0.0
2026-07-08;-5.25;-40.75;0.0
2026-07-08;-5.25;-40.25;0.0
2026-07-08;-5.25;-39.75;0.0
2026-07-08;-5.25;-39.25;0.0
2026-07-08;-5.25;-38.75;0.0
2026-07-08;-5.25;-38.25;0.0
2026-07-08;-5.25;-37.75;0.0
2026-07-08;-5.25;-37.25;0.0
2026-07-08;-4.75;-41.25;0.0
2026-07-08;-4.75;-40.75;0.0
2026-07-08;-4.75;-40.25;0.0
2026-07-08;-4.75;-39.75;0.0
2026-07-08;-4.75;-39.25;0.0
2026-07-08;-4.75;-38.75;0.0
2026-07-08;-4.75;-38.25;0.0
2026-07-08;-4.75;-37.75;0.0
2026-07-08;-4.75;-37.25;0.0
2026-07-08;-4.25;-41.25;0.0
2026-07-08;-4.25;-40.75;0.0
2026-07-08;-4.25;-40.25;0.0
2026-07-08;-4.25;-39.75;0.0
2026-07-08;-4.25;-39.25;0.0
2026-07-08;-4.25;-38.75;0.0
2026-07-08;-4.25;-38.25;0.0
2026-07-08;-4.25;-37.75;0.0
2026-07-08;-4.25;-37.25;
2026-07-08;-3.75;-41.25;0.0
2026-07-08;-3.75;-40.75;0.0
2026-07-08;-3.75;-40.25;0.0
2026-07-08;-3.75;-39.75;0.0
2026-07-08;-3.75;-39.25;0.0
2026-07-08;-3.75;-38.75;0.0
2026-07-08;-3.75;-38.25;0.0
2026-07-08;-3.75;-37.75;
2026-07-08;-3.75;-37.25;
2026-07-08;-3.25;-41.25;0.0
2026-07-08;-3.25;-40.75;0.0
2026-07-08;-3.25;-40.25;0.0
2026-07-08;-3.25;-39.75;0.0
2026-07-08;-3.25;-39.25;0.0
2026-07-08;-3.25;-38.75;0.0
2026-07-08;-3.25;-38.25;
2026-07-08;-3.25;-37.75;
2026-07-08;-3.25;-37.25;
2026-07-08;-2.75;-41.25;0.0
2026-07-08;-2.75;-40.75;0.0
2026-07-08;-2.75;-40.25;0.0
2026-07-08;-2.75;-39.75;0.0
2026-07-08;-2.75;-39.25;
2026-07-08;-2.75;-38.75;
2026-07-08;-2.75;-38.25;
2026-07-08;-2.75;-37.75;
2026-07-08;-2.75;-37.25;
2026-07-09;-7.75;-41.25;0.0
2026-07-09;-7.75;-40.75;0.0
2026-07-09;-7.75;-40.25;0.0
2026-07-09;-7.75;-39.75;0.0
2026-07-09;-7.75;-39.25;0.0
2026-07-09;-7.75;-38.75;0.0
2026-07-09;-7.75;-38.25;0.0
2026-07-09;-7.75;-37.75;0.0
2026-07-09;-7.75;-37.25;0.0
2026-07-09;-7.25;-41.25;0.0
2026-07-09;-7.25;-40.75;0.7726109623908997
2026-07-09;-7.25;-40.25;4.20798921585083
2026-07-09;-7.25;-39.75;2.78518271446228
2026-07-09;-7.25;-39.25;0.2166528701782227
2026-07-09;-7.25;-38.75;0.0
2026-07-09;-7.25;-38.25;0.0
2026-07-09;-7.25;-37.75;0.0
2026-07-09;-7.25;-37.25;0.0
2026-07-09;-6.75;-41.25;0.0
2026-07-09;-6.75;-40.75;2.370046138763428
2026-07-09;-6.75;-40.25;6.295187950134277
2026-07-09;-6.75;-39.75;5.657145977020264
2026-07-09;-6.75;-39.25;3.563588619232178
2026-07-09;-6.75;-38.75;0.0
2026-07-09;-6.75;-38.25;0.0
2026-07-09;-6.75;-37.75;0.0
2026-07-09;-6.75;-37.25;0.0
2026-07-09;-6.25;-41.25;0.0
2026-07-09;-6.25;-40.75;1.502593159675598
2026-07-09;-6.25;-40.25;5.855466842651367
2026-07-09;-6.25;-39.75;5.718750476837158
2026-07-09;-6.25;-39.25;3.127362966537476
2026-07-09;-6.25;-38.75;0.0
2026-07-09;-6.25;-38.25;0.0
2026-07-09;-6.25;-37.75;0.5805572867393494
2026-07-09;-6.25;-37.25;7.019342422485352
2026-07-09;-5.75;-41.25;0.0
2026-07-09;-5.75;-40.75;0.0
2026-07-09;-5.75;-40.25;2.135072469711304
2026-07-09;-5.75;-39.75;1.448459148406982
2026-07-09;-5.75;-39.25;0.4148524105548859
2026-07-09;-5.75;-38.75;0.0
2026-07-09;-5.75;-38.25;0.0
2026-07-09;-5.75;-37.75;4.595825672149658
2026-07-09;-5.75;-37.25;12.81406593322754
2026-07-09;-5.25;-41.25;0.0
2026-07-09;-5.25;-40.75;0.0
2026-07-09;-5.25;-40.25;0.0
2026-07-09;-5.25;-39.75;0.0
2026-07-09;-5.25;-39.25;0.0
2026-07-09;-5.25;-38.75;0.0
2026-07-09;-5.25;-38.25;0.0
2026-07-09;-5.25;-37.75;0.0
2026-07-09;-5.25;-37.25;0.0
2026-07-09;-4.75;-41.25;0.0
2026-07-09;-4.75;-40.75;0.0
2026-07-09;-4.75;-40.25;1.378339648246765
2026-07-09;-4.75;-39.75;0.5159940123558044
2026-07-09;-4.75;-39.25;0.0
2026-07-09;-4.75;-38.75;0.0
2026-07-09;-4.75;-38.25;0.0
2026-07-09;-4.75;-37.75;0.0
2026-07-09;-4.75;-37.25;0.0
2026-07-09;-4.25;-41.25;2.048757553100586
2026-07-09;-4.25;-40.75;2.536784887313843
2026-07-09;-4.25;-40.25;4.975628852844238
2026-07-09;-4.25;-39.75;4.323298931121826
2026-07-09;-4.25;-39.25;0.5273433923721313
2026-07-09;-4.25;-38.75;6.001306533813477
2026-07-09;-4.25;-38.25;9.831109046936035
2026-07-09;-4.25;-37.75;4.177801609039307
2026-07-09;-4.25;-37.25;
2026-07-09;-3.75;-41.25;1.329256772994995
2026-07-09;-3.75;-40.75;8.908910751342773
2026-07-09;-3.75;-40.25;12.5283203125
2026-07-09;-3.75;-39.75;4.084608554840088
2026-07-09;-3.75;-39.25;1.632480502128601
2026-07-09;-3.75;-38.75;17.96091651916504
2026-07-09;-3.75;-38.25;22.72903251647949
2026-07-09;-3.75;-37.75;
2026-07-09;-3.75;-37.25;
2026-07-09;-3.25;-41.25;1.276826620101929
2026-07-09;-3.25;-40.75;7.434867858886719
2026-07-09;-3.25;-40.25;2.058374643325806
2026-07-09;-3.25;-39.75;0.237910196185112
2026-07-09;-3.25;-39.25;3.860640525817871
2026-07-09;-3.25;-38.75;15.11598777770996
2026-07-09;-3.25;-38.25;
2026-07-09;-3.25;-37.75;
2026-07-09;-3.25;-37.25;
2026-07-09;-2.75;-41.25;1.426112174987793
2026-07-09;-2.75;-40.75;2.776606798171997
2026-07-09;-2.75;-40.25;1.805609941482544
2026-07-09;-2.75;-39.75;0.3404395878314972
2026-07-09;-2.75;-39.25;
2026-07-09;-2.75;-38.75;
2026-07-09;-2.75;-38.25;
2026-07-09;-2.75;-37.75;
2026-07-09;-2.75;-37.25;
2026-07-10;-7.75;-41.25;0.0
2026-07-10;-7.75;-40.75;0.0
2026-07-10;-7.75;-40.25;4.637894153594971
2026-07-10;-7.75;-39.75;15.75539207458496
2026-07-10;-7.75;-39.25;14.35188770294189
2026-07-10;-7.75;-38.75;8.481087684631348
2026-07-10;-7.75;-38.25;3.694620132446289
2026-07-10;-7.75;-37.75;4.887540340423584
2026-07-10;-7.75;-37.25;4.691686630249023
2026-07-10;-7.25;-41.25;0.0
2026-07-10;-7.25;-40.75;3.422122478485107
2026-07-10;-7.25;-40.25;18.09015464782715
2026-07-10;-7.25;-39.75;27.58831787109375
2026-07-10;-7.25;-39.25;34.85569000244141
2026-07-10;-7.25;-38.75;26.28453826904297
2026-07-10;-7.25;-38.25;18.97071838378906
2026-07-10;-7.25;-37.75;9.543268203735352
2026-07-10;-7.25;-37.25;1.266617059707642
2026-07-10;-6.75;-41.25;0.0
2026-07-10;-6.75;-40.75;7.451635360717773
2026-07-10;-6.75;-40.25;17.45899200439453
2026-07-10;-6.75;-39.75;18.83763313293457
2026-07-10;-6.75;-39.25;17.29574966430664
2026-07-10;-6.75;-38.75;23.59241485595703
2026-07-10;-6.75;-38.25;72.2105941772461
2026-07-10;-6.75;-37.75;16.23893547058105
2026-07-10;-6.75;-37.25;5.033300399780273
2026-07-10;-6.25;-41.25;0.0
2026-07-10;-6.25;-40.75;5.700906276702881
2026-07-10;-6.25;-40.25;16.18757629394531
2026-07-10;-6.25;-39.75;15.50274467468262
2026-07-10;-6.25;-39.25;10.25300121307373
2026-07-10;-6.25;-38.75;5.925894737243652
2026-07-10;-6.25;-38.25;44.53921890258789
2026-07-10;-6.25;-37.75;21.64676666259766
2026-07-10;-6.25;-37.25;7.070194244384766
2026-07-10;-5.75;-41.25;0.0
2026-07-10;-5.75;-40.75;1.417567729949951
2026-07-10;-5.75;-40.25;15.04574871063232
2026-07-10;-5.75;-39.75;19.57701301574707
2026-07-10;-5.75;-39.25;19.3784122467041
2026-07-10;-5.75;-38.75;2.56186580657959
2026-07-10;-5.75;-38.25;6.285659790039062
2026-07-10;-5.75;-37.75;11.49812507629395
2026-07-10;-5.75;-37.25;0.441011518239975
2026-07-10;-5.25;-41.25;0.0
2026-07-10;-5.25;-40.75;0.0
2026-07-10;-5.25;-40.25;7.08491039276123
2026-07-10;-5.25;-39.75;11.97876358032227
2026-07-10;-5.25;-39.25;6.287018299102783
2026-07-10;-5.25;-38.75;2.700183391571045
2026-07-10;-5.25;-38.25;10.45968627929688
2026-07-10;-5.25;-37.75;12.49328708648682
2026-07-10;-5.25;-37.25;1.146174311637878
2026-07-10;-4.75;-41.25;0.9428753852844238
2026-07-10;-4.75;-40.75;2.067082643508911
2026-07-10;-4.75;-40.25;0.2486211806535721
2026-07-10;-4.75;-39.75;1.483285307884216
2026-07-10;-4.75;-39.25;0.7613499164581299
2026-07-10;-4.75;-38.75;1.837819218635559
2026-07-10;-4.75;-38.25;5.470392227172852
2026-07-10;-4.75;-37.75;3.325697422027588
2026-07-10;-4.75;-37.25;0.7980950474739075
2026-07-10;-4.25;-41.25;2.173305511474609
2026-07-10;-4.25;-40.75;2.501897811889648
2026-07-10;-4.25;-40.25;0.0
2026-07-10;-4.25;-39.75;0.0
2026-07-10;-4.25;-39.25;0.437530130147934
2026-07-10;-4.25;-38.75;6.295375347137451
2026-07-10;-4.25;-38.25;11.70646286010742
2026-07-10;-4.25;-37.75;5.467761993408203
2026-07-10;-4.25;-37.25;
2026-07-10;-3.75;-41.25;1.897034287452698
2026-07-10;-3.75;-40.75;0.7750104069709778
2026-07-10;-3.75;-40.25;0.0
2026-07-10;-3.75;-39.75;0.0
2026-07-10;-3.75;-39.25;1.60295557975769
2026-07-10;-3.75;-38.75;18.05099487304688
2026-07-10;-3.75;-38.25;23.2214412689209
2026-07-10;-3.75;-37.75;
2026-07-10;-3.75;-37.25;
2026-07-10;-3.25;-41.25;11.44323253631592
2026-07-10;-3.25;-40.75;3.520823955535889
2026-07-10;-3.25;-40.25;1.550774931907654
2026-07-10;-3.25;-39.75;1.41567850112915
2026-07-10;-3.25;-39.25;3.51838231086731
2026-07-10;-3.25;-38.75;15.32520771026611
2026-07-10;-3.25;-38.25;
2026-07-10;-3.25;-37.75;
2026-07-10;-3.25;-37.25;
2026-07-10;-2.75;-41.25;14.76716327667236
2026-07-10;-2.75;-40.75;8.110584259033203
2026-07-10;-2.75;-40.25;3.471496343612671
2026-07-10;-2.75;-39.75;2.863678693771362
2026-07-10;-2.75;-39.25;
2026-07-10;-2.75;-38.75;
2026-07-10;-2.75;-38.25;
2026-07-10;-2.75;-37.75;
2026-07-10;-2.75;-37.25;
2026-07-11;-7.75;-41.25;0.0
2026-07-11;-7.75;-40.75;0.0
2026-07-11;-7.75;-40.25;0.0
2026-07-11;-7.75;-39.75;1.103952050209045
2026-07-11;-7.75;-39.25;0.563576340675354
2026-07-11;-7.75;-38.75;0.2314419895410538
2026-07-11;-7.75;-38.25;0.0
2026-07-11;-7.75;-37.75;0.8094832897186279
2026-07-11;-7.75;-37.25;1.835033297538757
2026-07-11;-7.25;-41.25;0.0
2026-07-11;-7.25;-40.75;0.0
2026-07-11;-7.25;-40.25;0.0
2026-07-11;-7.25;-39.75;0.0
2026-07-11;-7.25;-39.25;0.0
2026-07-11;-7.25;-38.75;0.0
2026-07-11;-7.25;-38.25;0.0
2026-07-11;-7.25;-37.75;0.0
2026-07-11;-7.25;-37.25;0.0
2026-07-11;-6.75;-41.25;0.0
2026-07-11;-6.75;-40.75;0.0
2026-07-11;-6.75;-40.25;0.0
2026-07-11;-6.75;-39.75;0.0
2026-07-11;-6.75;-39.25;0.0
2026-07-11;-6.75;-38.75;0.0
2026-07-11;-6.75;-38.25;0.0
2026-07-11;-6.75;-37.75;0.0
2026-07-11;-6.75;-37.25;0.0
2026-07-11;-6.25;-41.25;0.0
2026-07-11;-6.25;-40.75;0.0
2026-07-11;-6.25;-40.25;0.0
2026-07-11;-6.25;-39.75;0.0
2026-07-11;-6.25;-39.25;0.0
2026-07-11;-6.25;-38.75;0.0
2026-07-11;-6.25;-38.25;0.0
2026-07-11;-6.25;-37.75;0.0
2026-07-11;-6.25;-37.25;0.0
2026-07-11;-5.75;-41.25;0.0
2026-07-11;-5.75;-40.75;0.0
2026-07-11;-5.75;-40.25;0.0
2026-07-11;-5.75;-39.75;0.0
2026-07-11;-5.75;-39.25;0.0
2026-07-11;-5.75;-38.75;0.0
2026-07-11;-5.75;-38.25;0.0
2026-07-11;-5.75;-37.75;0.0
2026-07-11;-5.75;-37.25;0.0
2026-07-11;-5.25;-41.25;0.0
2026-07-11;-5.25;-40.75;0.0
2026-07-11;-5.25;-40.25;0.0
2026-07-11;-5.25;-39.75;0.0
2026-07-11;-5.25;-39.25;0.0
2026-07-11;-5.25;-38.75;0.0
2026-07-11;-5.25;-38.25;0.0
2026-07-11;-5.25;-37.75;0.0
2026-07-11;-5.25;-37.25;0.0
2026-07-11;-4.75;-41.25;0.0
2026-07-11;-4.75;-40.75;0.0
2026-07-11;-4.75;-40.25;0.0
2026-07-11;-4.75;-39.75;0.0
2026-07-11;-4.75;-39.25;0.0
2026-07-11;-4.75;-38.75;0.0
2026-07-11;-4.75;-38.25;0.0
2026-07-11;-4.75;-37.75;0.0
2026-07-11;-4.75;-37.25;0.0
2026-07-11;-4.25;-41.25;0.0
2026-07-11;-4.25;-40.75;0.0
2026-07-11;-4.25;-40.25;0.0
2026-07-11;-4.25;-39.75;0.0
2026-07-11;-4.25;-39.25;0.3337869644165039
2026-07-11;-4.25;-38.75;4.091372489929199
2026-07-11;-4.25;-38.25;6.632884502410889
2026-07-11;-4.25;-37.75;2.785200834274292
2026-07-11;-4.25;-37.25;
2026-07-11;-3.75;-41.25;0.0
2026-07-11;-3.75;-40.75;0.0
2026-07-11;-3.75;-40.25;0.0
2026-07-11;-3.75;-39.75;0.0
2026-07-11;-3.75;-39.25;1.066818475723267
2026-07-11;-3.75;-38.75;12.04413986206055
2026-07-11;-3.75;-38.25;15.36349105834961
2026-07-11;-3.75;-37.75;
2026-07-11;-3.75;-37.25;
2026-07-11;-3.25;-41.25;0.0
2026-07-11;-3.25;-40.75;0.0
2026-07-11;-3.25;-40.25;0.0
2026-07-11;-3.25;-39.75;0.0
2026-07-11;-3.25;-39.25;2.066344976425171
2026-07-11;-3.25;-38.75;10.16997051239014
2026-07-11;-3.25;-38.25;
2026-07-11;-3.25;-37.75;
2026-07-11;-3.25;-37.25;
2026-07-11;-2.75;-41.25;0.0
2026-07-11;-2.75;-40.75;0.0
2026-07-11;-2.75;-40.25;0.0
2026-07-11;-2.75;-39.75;0.0
2026-07-11;-2.75;-39.25;
2026-07-11;-2.75;-38.75;
2026-07-11;-2.75;-38.25;
2026-07-11;-2.75;-37.75;
2026-07-11;-2.75;-37.25;
2026-07-12;-7.75;-41.25;0.0
2026-07-12;-7.75;-40.75;0.0
2026-07-12;-7.75;-40.25;0.0
2026-07-12;-7.75;-39.75;0.9198094010353088
2026-07-12;-7.75;-39.25;0.4691510200500488
2026-07-12;-7.75;-38.75;0.2162478864192963
2026-07-12;-7.75;-38.25;0.0
2026-07-12;-7.75;-37.75;0.0
2026-07-12;-7.75;-37.25;0.0
2026-07-12;-7.25;-41.25;0.0
2026-07-12;-7.25;-40.75;0.0
2026-07-12;-7.25;-40.25;0.0
2026-07-12;-7.25;-39.75;0.0
2026-07-12;-7.25;-39.25;0.0
2026-07-12;-7.25;-38.75;0.0
2026-07-12;-7.25;-38.25;0.0
2026-07-12;-7.25;-37.75;0.0
2026-07-12;-7.25;-37.25;0.0
2026-07-12;-6.75;-41.25;0.0
2026-07-12;-6.75;-40.75;0.0
2026-07-12;-6.75;-40.25;0.0
2026-07-12;-6.75;-39.75;0.0
2026-07-12;-6.75;-39.25;0.0
2026-07-12;-6.75;-38.75;0.0
2026-07-12;-6.75;-38.25;0.0
2026-07-12;-6.75;-37.75;0.0
2026-07-12;-6.75;-37.25;0.0
2026-07-12;-6.25;-41.25;0.0
2026-07-12;-6.25;-40.75;0.0
2026-07-12;-6.25;-40.25;0.0
2026-07-12;-6.25;-39.75;0.0
2026-07-12;-6.25;-39.25;0.0
2026-07-12;-6.25;-38.75;0.0
2026-07-12;-6.25;-38.25;0.0
2026-07-12;-6.25;-37.75;0.0
2026-07-12;-6.25;-37.25;0.0
2026-07-12;-5.75;-41.25;0.0
2026-07-12;-5.75;-40.75;0.0
2026-07-12;-5.75;-40.25;0.0
2026-07-12;-5.75;-39.75;0.0
2026-07-12;-5.75;-39.25;0.0
2026-07-12;-5.75;-38.75;0.0
2026-07-12;-5.75;-38.25;0.0
2026-07-12;-5.75;-37.75;0.0
2026-07-12;-5.75;-37.25;0.0
2026-07-12;-5.25;-41.25;0.0
2026-07-12;-5.25;-40.75;0.0
2026-07-12;-5.25;-40.25;0.0
2026-07-12;-5.25;-39.75;0.0
2026-07-12;-5.25;-39.25;0.0
2026-07-12;-5.25;-38.75;0.0
2026-07-12;-5.25;-38.25;0.0
2026-07-12;-5.25;-37.75;0.0
2026-07-12;-5.25;-37.25;0.0
2026-07-12;-4.75;-41.25;0.0
2026-07-12;-4.75;-40.75;0.0
2026-07-12;-4.75;-40.25;0.0
2026-07-12;-4.75;-39.75;0.0
2026-07-12;-4.75;-39.25;0.0
2026-07-12;-4.75;-38.75;0.0
2026-07-12;-4.75;-38.25;0.0
2026-07-12;-4.75;-37.75;0.0
2026-07-12;-4.75;-37.25;0.0
2026-07-12;-4.25;-41.25;0.0
2026-07-12;-4.25;-40.75;0.0
2026-07-12;-4.25;-40.25;0.0
2026-07-12;-4.25;-39.75;0.0
2026-07-12;-4.25;-39.25;0.0
2026-07-12;-4.25;-38.75;0.0
2026-07-12;-4.25;-38.25;0.0
2026-07-12;-4.25;-37.75;0.0
2026-07-12;-4.25;-37.25;
2026-07-12;-3.75;-41.25;0.0
2026-07-12;-3.75;-40.75;0.0
2026-07-12;-3.75;-40.25;0.0
2026-07-12;-3.75;-39.75;0.0
2026-07-12;-3.75;-39.25;0.0
2026-07-12;-3.75;-38.75;0.0
2026-07-12;-3.75;-38.25;0.0
2026-07-12;-3.75;-37.75;
2026-07-12;-3.75;-37.25;
2026-07-12;-3.25;-41.25;0.0
2026-07-12;-3.25;-40.75;0.0
2026-07-12;-3.25;-40.25;0.74154132604599
2026-07-12;-3.25;-39.75;0.7069783210754395
2026-07-12;-3.25;-39.25;0.0
2026-07-12;-3.25;-38.75;0.0
2026-07-12;-3.25;-38.25;
2026-07-12;-3.25;-37.75;
2026-07-12;-3.25;-37.25;
2026-07-12;-2.75;-41.25;0.0
2026-07-12;-2.75;-40.75;0.264488160610199
2026-07-12;-2.75;-40.25;1.355864763259888
2026-07-12;-2.75;-39.75;1.412375211715698
2026-07-12;-2.75;-39.25;
2026-07-12;-2.75;-38.75;
2026-07-12;-2.75;-38.25;
2026-07-12;-2.75;-37.75;
2026-07-12;-2.75;-37.25;
2026-07-13;-7.75;-41.25;0.0
2026-07-13;-7.75;-40.75;0.0
2026-07-13;-7.75;-40.25;0.0
2026-07-13;-7.75;-39.75;2.209558248519897
2026-07-13;-7.75;-39.25;1.127064228057861
2026-07-13;-7.75;-38.75;0.5191633105278015
2026-07-13;-7.75;-38.25;0.0
2026-07-13;-7.75;-37.75;0.0
2026-07-13;-7.75;-37.25;0.0
2026-07-13;-7.25;-41.25;0.0
2026-07-13;-7.25;-40.75;0.0
2026-07-13;-7.25;-40.25;0.0
2026-07-13;-7.25;-39.75;0.0
2026-07-13;-7.25;-39.25;0.0
2026-07-13;-7.25;-38.75;0.0
2026-07-13;-7.25;-38.25;0.0
2026-07-13;-7.25;-37.75;0.0
2026-07-13;-7.25;-37.25;0.0
2026-07-13;-6.75;-41.25;0.0
2026-07-13;-6.75;-40.75;0.0
2026-07-13;-6.75;-40.25;0.0
2026-07-13;-6.75;-39.75;0.0
2026-07-13;-6.75;-39.25;0.0
2026-07-13;-6.75;-38.75;0.0
2026-07-13;-6.75;-38.25;0.0
2026-07-13;-6.75;-37.75;0.0
2026-07-13;-6.75;-37.25;0.0
2026-07-13;-6.25;-41.25;0.0
2026-07-13;-6.25;-40.75;0.0
2026-07-13;-6.25;-40.25;0.0
2026-07-13;-6.25;-39.75;0.0
2026-07-13;-6.25;-39.25;0.0
2026-07-13;-6.25;-38.75;0.0
2026-07-13;-6.25;-38.25;0.0
2026-07-13;-6.25;-37.75;0.0
2026-07-13;-6.25;-37.25;0.0
2026-07-13;-5.75;-41.25;0.0
2026-07-13;-5.75;-40.75;0.0
2026-07-13;-5.75;-40.25;0.0
2026-07-13;-5.75;-39.75;0.0
2026-07-13;-5.75;-39.25;0.0
2026-07-13;-5.75;-38.75;0.0
2026-07-13;-5.75;-38.25;0.0
2026-07-13;-5.75;-37.75;0.2063149958848953
2026-07-13;-5.75;-37.25;0.0
2026-07-13;-5.25;-41.25;0.0
2026-07-13;-5.25;-40.75;0.0
2026-07-13;-5.25;-40.25;0.0
2026-07-13;-5.25;-39.75;0.0
2026-07-13;-5.25;-39.25;0.0
2026-07-13;-5.25;-38.75;0.0
2026-07-13;-5.25;-38.25;0.0
2026-07-13;-5.25;-37.75;1.122737526893616
2026-07-13;-5.25;-37.25;0.0
2026-07-13;-4.75;-41.25;0.0
2026-07-13;-4.75;-40.75;0.0
2026-07-13;-4.75;-40.25;0.0
2026-07-13;-4.75;-39.75;0.0
2026-07-13;-4.75;-39.25;0.0
2026-07-13;-4.75;-38.75;0.0
2026-07-13;-4.75;-38.25;0.0
2026-07-13;-4.75;-37.75;0.0
2026-07-13;-4.75;-37.25;0.0
2026-07-13;-4.25;-41.25;0.0
2026-07-13;-4.25;-40.75;0.0
2026-07-13;-4.25;-40.25;0.0
2026-07-13;-4.25;-39.75;0.0
2026-07-13;-4.25;-39.25;0.0
2026-07-13;-4.25;-38.75;0.4525162875652313
2026-07-13;-4.25;-38.25;1.661146759986877
2026-07-13;-4.25;-37.75;0.0
2026-07-13;-4.25;-37.25;
2026-07-13;-3.75;-41.25;0.9530616402626038
2026-07-13;-3.75;-40.75;0.0
2026-07-13;-3.75;-40.25;0.0
2026-07-13;-3.75;-39.75;0.0
2026-07-13;-3.75;-39.25;0.0
2026-07-13;-3.75;-38.75;3.698292970657349
2026-07-13;-3.75;-38.25;5.400688171386719
2026-07-13;-3.75;-37.75;
2026-07-13;-3.75;-37.25;
2026-07-13;-3.25;-41.25;0.9999322295188904
2026-07-13;-3.25;-40.75;0.0
2026-07-13;-3.25;-40.25;0.0
2026-07-13;-3.25;-39.75;0.0
2026-07-13;-3.25;-39.25;0.0
2026-07-13;-3.25;-38.75;2.582974910736084
2026-07-13;-3.25;-38.25;
2026-07-13;-3.25;-37.75;
2026-07-13;-3.25;-37.25;
2026-07-13;-2.75;-41.25;0.3988345861434937
2026-07-13;-2.75;-40.75;0.0
2026-07-13;-2.75;-40.25;0.0
2026-07-13;-2.75;-39.75;0.0
2026-07-13;-2.75;-39.25;
2026-07-13;-2.75;-38.75;
2026-07-13;-2.75;-38.25;
2026-07-13;-2.75;-37.75;
2026-07-13;-2.75;-37.25;
2026-07-14;-7.75;-41.25;0.0
2026-07-14;-7.75;-40.75;0.0
2026-07-14;-7.75;-40.25;0.0
2026-07-14;-7.75;-39.75;2.103967905044556
2026-07-14;-7.75;-39.25;1.088613390922546
2026-07-14;-7.75;-38.75;0.448567658662796
2026-07-14;-7.75;-38.25;0.0
2026-07-14;-7.75;-37.75;0.0
2026-07-14;-7.75;-37.25;0.0
2026-07-14;-7.25;-41.25;0.0
2026-07-14;-7.25;-40.75;0.0
2026-07-14;-7.25;-40.25;0.3809818029403687
2026-07-14;-7.25;-39.75;0.0
2026-07-14;-7.25;-39.25;0.0
2026-07-14;-7.25;-38.75;0.9851849675178528
2026-07-14;-7.25;-38.25;0.0
2026-07-14;-7.25;-37.75;0.0
2026-07-14;-7.25;-37.25;0.0
2026-07-14;-6.75;-41.25;0.0
2026-07-14;-6.75;-40.75;0.2948407232761383
2026-07-14;-6.75;-40.25;0.8466466665267944
2026-07-14;-6.75;-39.75;0.7220684289932251
2026-07-14;-6.75;-39.25;0.0
2026-07-14;-6.75;-38.75;0.383770763874054
2026-07-14;-6.75;-38.25;0.0
2026-07-14;-6.75;-37.75;0.0
2026-07-14;-6.75;-37.25;0.0
2026-07-14;-6.25;-41.25;0.0
2026-07-14;-6.25;-40.75;0.2546849250793457
2026-07-14;-6.25;-40.25;0.824023425579071
2026-07-14;-6.25;-39.75;0.6914269328117371
2026-07-14;-6.25;-39.25;0.0
2026-07-14;-6.25;-38.75;0.0
2026-07-14;-6.25;-38.25;0.0
2026-07-14;-6.25;-37.75;0.2957477867603302
2026-07-14;-6.25;-37.25;0.5848791599273682
2026-07-14;-5.75;-41.25;0.0
2026-07-14;-5.75;-40.75;0.0
2026-07-14;-5.75;-40.25;0.0
2026-07-14;-5.75;-39.75;0.0
2026-07-14;-5.75;-39.25;0.0
2026-07-14;-5.75;-38.75;0.0
2026-07-14;-5.75;-38.25;0.0
2026-07-14;-5.75;-37.75;0.0
2026-07-14;-5.75;-37.25;0.0
2026-07-14;-5.25;-41.25;0.0
2026-07-14;-5.25;-40.75;0.0
2026-07-14;-5.25;-40.25;0.0
2026-07-14;-5.25;-39.75;0.0
2026-07-14;-5.25;-39.25;0.0
2026-07-14;-5.25;-38.75;0.0
2026-07-14;-5.25;-38.25;0.0
2026-07-14;-5.25;-37.75;0.0
2026-07-14;-5.25;-37.25;0.0
2026-07-14;-4.75;-41.25;0.0
2026-07-14;-4.75;-40.75;0.0
2026-07-14;-4.75;-40.25;0.0
2026-07-14;-4.75;-39.75;0.0
2026-07-14;-4.75;-39.25;0.0
2026-07-14;-4.75;-38.75;0.0
2026-07-14;-4.75;-38.25;0.0
2026-07-14;-4.75;-37.75;0.0
2026-07-14;-4.75;-37.25;0.0
2026-07-14;-4.25;-41.25;0.8470311164855957
2026-07-14;-4.25;-40.75;0.7783827781677246
2026-07-14;-4.25;-40.25;0.0
2026-07-14;-4.25;-39.75;0.0
2026-07-14;-4.25;-39.25;0.0
2026-07-14;-4.25;-38.75;0.0
2026-07-14;-4.25;-38.25;0.0
2026-07-14;-4.25;-37.75;0.0
2026-07-14;-4.25;-37.25;
2026-07-14;-3.75;-41.25;7.454026699066162
2026-07-14;-3.75;-40.75;6.037299633026123
2026-07-14;-3.75;-40.25;0.0
2026-07-14;-3.75;-39.75;0.0
2026-07-14;-3.75;-39.25;0.0
2026-07-14;-3.75;-38.75;0.0
2026-07-14;-3.75;-38.25;0.0
2026-07-14;-3.75;-37.75;
2026-07-14;-3.75;-37.25;
2026-07-14;-3.25;-41.25;2.497772455215454
2026-07-14;-3.25;-40.75;1.398914098739624
2026-07-14;-3.25;-40.25;0.7552710175514221
2026-07-14;-3.25;-39.75;0.6752856969833374
2026-07-14;-3.25;-39.25;0.0
2026-07-14;-3.25;-38.75;0.0
2026-07-14;-3.25;-38.25;
2026-07-14;-3.25;-37.75;
2026-07-14;-3.25;-37.25;
2026-07-14;-2.75;-41.25;0.0
2026-07-14;-2.75;-40.75;0.5206342935562134
2026-07-14;-2.75;-40.25;1.309007167816162
2026-07-14;-2.75;-39.75;1.314025640487671
2026-07-14;-2.75;-39.25;
2026-07-14;-2.75;-38.75;
2026-07-14;-2.75;-38.25;
2026-07-14;-2.75;-37.75;
2026-07-14;-2.75;-37.25;
2026-07-15;-7.75;-41.25;5.564369678497314
2026-07-15;-7.75;-40.75;4.030149936676025
2026-07-15;-7.75;-40.25;1.747971892356873
2026-07-15;-7.75;-39.75;0.0
2026-07-15;-7.75;-39.25;0.0
2026-07-15;-7.75;-38.75;0.0
2026-07-15;-7.75;-38.25;0.0
2026-07-15;-7.75;-37.75;0.0
2026-07-15;-7.75;-37.25;0.0
2026-07-15;-7.25;-41.25;14.52685832977295
2026-07-15;-7.25;-40.75;7.597625255584717
2026-07-15;-7.25;-40.25;0.5109245181083679
2026-07-15;-7.25;-39.75;0.0
2026-07-15;-7.25;-39.25;0.0
2026-07-15;-7.25;-38.75;0.5968713164329529
2026-07-15;-7.25;-38.25;0.0
2026-07-15;-7.25;-37.75;0.0
2026-07-15;-7.25;-37.25;0.0
2026-07-15;-6.75;-41.25;30.38677406311035
2026-07-15;-6.75;-40.75;18.71237373352051
2026-07-15;-6.75;-40.25;1.444323658943176
2026-07-15;-6.75;-39.75;1.307068467140198
2026-07-15;-6.75;-39.25;2.818423748016357
2026-07-15;-6.75;-38.75;1.157633185386658
2026-07-15;-6.75;-38.25;0.0
2026-07-15;-6.75;-37.75;0.0
2026-07-15;-6.75;-37.25;0.0
2026-07-15;-6.25;-41.25;33.11122894287109
2026-07-15;-6.25;-40.75;20.97073364257812
2026-07-15;-6.25;-40.25;1.946626305580139
2026-07-15;-6.25;-39.75;3.096988201141357
2026-07-15;-6.25;-39.25;8.223447799682617
2026-07-15;-6.25;-38.75;1.216091275215149
2026-07-15;-6.25;-38.25;0.0
2026-07-15;-6.25;-37.75;0.0
2026-07-15;-6.25;-37.25;0.0
2026-07-15;-5.75;-41.25;14.88024806976318
2026-07-15;-5.75;-40.75;4.67041015625
2026-07-15;-5.75;-40.25;0.0
2026-07-15;-5.75;-39.75;1.591551065444946
2026-07-15;-5.75;-39.25;1.843571186065674
2026-07-15;-5.75;-38.75;0.0
2026-07-15;-5.75;-38.25;0.2892736196517944
2026-07-15;-5.75;-37.75;1.733768105506897
2026-07-15;-5.75;-37.25;0.0
2026-07-15;-5.25;-41.25;1.242444634437561
2026-07-15;-5.25;-40.75;0.5731634497642517
2026-07-15;-5.25;-40.25;0.8938959836959839
2026-07-15;-5.25;-39.75;0.2427735477685928
2026-07-15;-5.25;-39.25;0.0
2026-07-15;-5.25;-38.75;0.0
2026-07-15;-5.25;-38.25;1.388587594032288
2026-07-15;-5.25;-37.75;5.647449970245361
2026-07-15;-5.25;-37.25;0.6940948963165283
2026-07-15;-4.75;-41.25;4.018818855285645
2026-07-15;-4.75;-40.75;3.972711324691772
2026-07-15;-4.75;-40.25;7.567436218261719
2026-07-15;-4.75;-39.75;2.783451318740845
2026-07-15;-4.75;-39.25;0.0
2026-07-15;-4.75;-38.75;0.0
2026-07-15;-4.75;-38.25;1.719743847846985
2026-07-15;-4.75;-37.75;1.806565999984741
2026-07-15;-4.75;-37.25;0.663114607334137
2026-07-15;-4.25;-41.25;22.04300117492676
2026-07-15;-4.25;-40.75;12.03267097473145
2026-07-15;-4.25;-40.25;9.762996673583984
2026-07-15;-4.25;-39.75;3.867485284805298
2026-07-15;-4.25;-39.25;0.0
2026-07-15;-4.25;-38.75;0.5733528733253479
2026-07-15;-4.25;-38.25;3.032256603240967
2026-07-15;-4.25;-37.75;1.933221101760864
2026-07-15;-4.25;-37.25;
2026-07-15;-3.75;-41.25;24.99005508422852
2026-07-15;-3.75;-40.75;12.43510723114014
2026-07-15;-3.75;-40.25;2.087196350097656
2026-07-15;-3.75;-39.75;0.2133194208145142
2026-07-15;-3.75;-39.25;0.0
2026-07-15;-3.75;-38.75;4.730604648590088
2026-07-15;-3.75;-38.25;6.907300472259521
2026-07-15;-3.75;-37.75;
2026-07-15;-3.75;-37.25;
2026-07-15;-3.25;-41.25;5.221065044403076
2026-07-15;-3.25;-40.75;1.903604865074158
2026-07-15;-3.25;-40.25;0.0
2026-07-15;-3.25;-39.75;0.0
2026-07-15;-3.25;-39.25;0.0
2026-07-15;-3.25;-38.75;3.294340848922729
2026-07-15;-3.25;-38.25;
2026-07-15;-3.25;-37.75;
2026-07-15;-3.25;-37.25;
2026-07-15;-2.75;-41.25;0.5608391165733337
2026-07-15;-2.75;-40.75;0.0
2026-07-15;-2.75;-40.25;0.0
2026-07-15;-2.75;-39.75;0.0
2026-07-15;-2.75;-39.25;
2026-07-15;-2.75;-38.75;
2026-07-15;-2.75;-38.25;
2026-07-15;-2.75;-37.75;
2026-07-15;-2.75;-37.25;
2026-07-16;-7.75;-41.25;0.6045827269554138
2026-07-16;-7.75;-40.75;0.5572449564933777
2026-07-16;-7.75;-40.25;4.270999431610107
2026-07-16;-7.75;-39.75;11.01947593688965
2026-07-16;-7.75;-39.25;11.45583915710449
2026-07-16;-7.75;-38.75;4.936074256896973
2026-07-16;-7.75;-38.25;0.2000657916069031
2026-07-16;-7.75;-37.75;5.907875537872314
2026-07-16;-7.75;-37.25;7.915227890014648
2026-07-16;-7.25;-41.25;2.30305004119873
2026-07-16;-7.25;-40.75;0.6427567601203918
2026-07-16;-7.25;-40.25;0.2412813007831573
2026-07-16;-7.25;-39.75;0.9049662351608276
2026-07-16;-7.25;-39.25;2.934784412384033
2026-07-16;-7.25;-38.75;2.129562377929688
2026-07-16;-7.25;-38.25;0.0
2026-07-16;-7.25;-37.75;0.0
2026-07-16;-7.25;-37.25;0.2845214605331421
2026-07-16;-6.75;-41.25;2.067317485809326
2026-07-16;-6.75;-40.75;0.6239351630210876
2026-07-16;-6.75;-40.25;0.0
2026-07-16;-6.75;-39.75;0.0
2026-07-16;-6.75;-39.25;0.8030436635017395
2026-07-16;-6.75;-38.75;1.188011288642883
2026-07-16;-6.75;-38.25;0.0
2026-07-16;-6.75;-37.75;0.0
2026-07-16;-6.75;-37.25;0.0
2026-07-16;-6.25;-41.25;0.8549769520759583
2026-07-16;-6.25;-40.75;0.2524358332157135
2026-07-16;-6.25;-40.25;1.059364676475525
2026-07-16;-6.25;-39.75;1.357670903205872
2026-07-16;-6.25;-39.25;0.7165012955665588
2026-07-16;-6.25;-38.75;0.0
2026-07-16;-6.25;-38.25;0.0
2026-07-16;-6.25;-37.75;0.0
2026-07-16;-6.25;-37.25;0.0
2026-07-16;-5.75;-41.25;0.2683842778205872
2026-07-16;-5.75;-40.75;1.399374723434448
2026-07-16;-5.75;-40.25;9.04832935333252
2026-07-16;-5.75;-39.75;13.32167911529541
2026-07-16;-5.75;-39.25;14.54246807098389
2026-07-16;-5.75;-38.75;7.010690689086914
2026-07-16;-5.75;-38.25;0.3684639632701874
2026-07-16;-5.75;-37.75;0.0
2026-07-16;-5.75;-37.25;0.0
2026-07-16;-5.25;-41.25;1.050720810890198
2026-07-16;-5.25;-40.75;3.730894565582275
2026-07-16;-5.25;-40.25;16.71185111999512
2026-07-16;-5.25;-39.75;27.94746589660645
2026-07-16;-5.25;-39.25;32.5414924621582
2026-07-16;-5.25;-38.75;12.64657115936279
2026-07-16;-5.25;-38.25;0.5169268250465393
2026-07-16;-5.25;-37.75;0.0
2026-07-16;-5.25;-37.25;0.0
2026-07-16;-4.75;-41.25;6.429530143737793
2026-07-16;-4.75;-40.75;6.724702835083008
2026-07-16;-4.75;-40.25;9.142595291137695
2026-07-16;-4.75;-39.75;19.17303848266602
2026-07-16;-4.75;-39.25;19.94357872009277
2026-07-16;-4.75;-38.75;7.106205940246582
2026-07-16;-4.75;-38.25;0.3395824134349823
2026-07-16;-4.75;-37.75;0.0
2026-07-16;-4.75;-37.25;0.0
2026-07-16;-4.25;-41.25;15.78714561462402
2026-07-16;-4.25;-40.75;12.38538551330566
2026-07-16;-4.25;-40.25;3.534829616546631
2026-07-16;-4.25;-39.75;8.781425476074219
2026-07-16;-4.25;-39.25;3.967624664306641
2026-07-16;-4.25;-38.75;1.038577079772949
2026-07-16;-4.25;-38.25;0.8279286026954651
2026-07-16;-4.25;-37.75;0.4527209401130676
2026-07-16;-4.25;-37.25;
2026-07-16;-3.75;-41.25;25.43387985229492
2026-07-16;-3.75;-40.75;23.34350395202637
2026-07-16;-3.75;-40.25;11.96348190307617
2026-07-16;-3.75;-39.75;19.96867752075195
2026-07-16;-3.75;-39.25;8.977387428283691
2026-07-16;-3.75;-38.75;2.645697116851807
2026-07-16;-3.75;-38.25;1.052981019020081
2026-07-16;-3.75;-37.75;
2026-07-16;-3.75;-37.25;
2026-07-16;-3.25;-41.25;26.49154853820801
2026-07-16;-3.25;-40.75;36.43607711791992
2026-07-16;-3.25;-40.25;56.45687484741211
2026-07-16;-3.25;-39.75;50.89707946777344
2026-07-16;-3.25;-39.25;26.59126091003418
2026-07-16;-3.25;-38.75;9.150131225585938
2026-07-16;-3.25;-38.25;
2026-07-16;-3.25;-37.75;
2026-07-16;-3.25;-37.25;
2026-07-16;-2.75;-41.25;33.39723205566406
2026-07-16;-2.75;-40.75;49.13303375244141
2026-07-16;-2.75;-40.25;66.06427764892578
2026-07-16;-2.75;-39.75;62.34310150146484
2026-07-16;-2.75;-39.25;
2026-07-16;-2.75;-38.75;
2026-07-16;-2.75;-38.25;
2026-07-16;-2.75;-37.75;
2026-07-16;-2.75;-37.25;
2026-07-17;-7.75;-41.25;0.0
2026-07-17;-7.75;-40.75;0.0
2026-07-17;-7.75;-40.25;0.0
2026-07-17;-7.75;-39.75;0.6200900673866272
2026-07-17;-7.75;-39.25;0.3034748136997223
2026-07-17;-7.75;-38.75;0.0
2026-07-17;-7.75;-38.25;0.0
2026-07-17;-7.75;-37.75;1.472400188446045
2026-07-17;-7.75;-37.25;2.113000392913818
2026-07-17;-7.25;-41.25;0.0
2026-07-17;-7.25;-40.75;0.0
2026-07-17;-7.25;-40.25;0.0
2026-07-17;-7.25;-39.75;0.0
2026-07-17;-7.25;-39.25;0.0
2026-07-17;-7.25;-38.75;0.0
2026-07-17;-7.25;-38.25;0.0
2026-07-17;-7.25;-37.75;0.0
2026-07-17;-7.25;-37.25;0.0
2026-07-17;-6.75;-41.25;0.2931577861309052
2026-07-17;-6.75;-40.75;0.0
2026-07-17;-6.75;-40.25;0.0
2026-07-17;-6.75;-39.75;0.0
2026-07-17;-6.75;-39.25;0.6507559418678284
2026-07-17;-6.75;-38.75;0.9239555597305298
2026-07-17;-6.75;-38.25;0.0
2026-07-17;-6.75;-37.75;0.0
2026-07-17;-6.75;-37.25;0.0
2026-07-17;-6.25;-41.25;1.237574458122253
2026-07-17;-6.25;-40.75;0.0
2026-07-17;-6.25;-40.25;5.00052547454834
2026-07-17;-6.25;-39.75;9.030426025390625
2026-07-17;-6.25;-39.25;9.201725006103516
2026-07-17;-6.25;-38.75;0.709144115447998
2026-07-17;-6.25;-38.25;0.0
2026-07-17;-6.25;-37.75;0.0
2026-07-17;-6.25;-37.25;0.0
2026-07-17;-5.75;-41.25;2.243273735046387
2026-07-17;-5.75;-40.75;6.418986320495605
2026-07-17;-5.75;-40.25;86.00049591064453
2026-07-17;-5.75;-39.75;142.4452972412109
2026-07-17;-5.75;-39.25;163.3503570556641
2026-07-17;-5.75;-38.75;21.32114410400391
2026-07-17;-5.75;-38.25;0.0
2026-07-17;-5.75;-37.75;0.3643274307250977
2026-07-17;-5.75;-37.25;4.034114837646484
2026-07-17;-5.25;-41.25;0.9055589437484741
2026-07-17;-5.25;-40.75;4.3206787109375
2026-07-17;-5.25;-40.25;77.3667221069336
2026-07-17;-5.25;-39.75;132.7386016845703
2026-07-17;-5.25;-39.25;87.69313049316406
2026-07-17;-5.25;-38.75;19.36627960205078
2026-07-17;-5.25;-38.25;0.0
2026-07-17;-5.25;-37.75;0.7193706035614014
2026-07-17;-5.25;-37.25;16.57357978820801
2026-07-17;-4.75;-41.25;7.601663112640381
2026-07-17;-4.75;-40.75;8.624696731567383
2026-07-17;-4.75;-40.25;10.21588611602783
2026-07-17;-4.75;-39.75;40.7083740234375
2026-07-17;-4.75;-39.25;31.21053886413574
2026-07-17;-4.75;-38.75;4.694893836975098
2026-07-17;-4.75;-38.25;0.0
2026-07-17;-4.75;-37.75;0.0
2026-07-17;-4.75;-37.25;7.569895267486572
2026-07-17;-4.25;-41.25;12.64859008789062
2026-07-17;-4.25;-40.75;10.52073192596436
2026-07-17;-4.25;-40.25;0.6934382319450378
2026-07-17;-4.25;-39.75;0.9674419164657593
2026-07-17;-4.25;-39.25;1.38299572467804
2026-07-17;-4.25;-38.75;0.0
2026-07-17;-4.25;-38.25;0.0
2026-07-17;-4.25;-37.75;0.0
2026-07-17;-4.25;-37.25;
2026-07-17;-3.75;-41.25;9.028313636779785
2026-07-17;-3.75;-40.75;26.07229995727539
2026-07-17;-3.75;-40.25;2.711506128311157
2026-07-17;-3.75;-39.75;0.9764620661735535
2026-07-17;-3.75;-39.25;2.717517614364624
2026-07-17;-3.75;-38.75;0.4248068630695343
2026-07-17;-3.75;-38.25;0.0
2026-07-17;-3.75;-37.75;
2026-07-17;-3.75;-37.25;
2026-07-17;-3.25;-41.25;9.864851951599121
2026-07-17;-3.25;-40.75;48.51282501220703
2026-07-17;-3.25;-40.25;11.56415748596191
2026-07-17;-3.25;-39.75;2.351797103881836
2026-07-17;-3.25;-39.25;2.711388111114502
2026-07-17;-3.25;-38.75;0.7469270825386047
2026-07-17;-3.25;-38.25;
2026-07-17;-3.25;-37.75;
2026-07-17;-3.25;-37.25;
2026-07-17;-2.75;-41.25;5.410956382751465
2026-07-17;-2.75;-40.75;18.90031242370605
2026-07-17;-2.75;-40.25;11.61391448974609
2026-07-17;-2.75;-39.75;4.298485279083252
2026-07-17;-2.75;-39.25;
2026-07-17;-2.75;-38.75;
2026-07-17;-2.75;-38.25;
2026-07-17;-2.75;-37.75;
2026-07-17;-2.75;-37.25;
2026-07-18;-7.75;-41.25;0.0
2026-07-18;-7.75;-40.75;0.0
2026-07-18;-7.75;-40.25;0.0
2026-07-18;-7.75;-39.75;0.7448832392692566
2026-07-18;-7.75;-39.25;0.3642306625843048
2026-07-18;-7.75;-38.75;0.0
2026-07-18;-7.75;-38.25;0.0
2026-07-18;-7.75;-37.75;0.3261275887489319
2026-07-18;-7.75;-37.25;0.6506825685501099
2026-07-18;-7.25;-41.25;0.0
2026-07-18;-7.25;-40.75;0.0
2026-07-18;-7.25;-40.25;0.0
2026-07-18;-7.25;-39.75;0.0
2026-07-18;-7.25;-39.25;0.0
2026-07-18;-7.25;-38.75;0.0
2026-07-18;-7.25;-38.25;0.0
2026-07-18;-7.25;-37.75;0.0
2026-07-18;-7.25;-37.25;0.0
2026-07-18;-6.75;-41.25;0.0
2026-07-18;-6.75;-40.75;0.0
2026-07-18;-6.75;-40.25;0.0
2026-07-18;-6.75;-39.75;0.0
2026-07-18;-6.75;-39.25;0.0
2026-07-18;-6.75;-38.75;0.0
2026-07-18;-6.75;-38.25;0.0
2026-07-18;-6.75;-37.75;0.0
2026-07-18;-6.75;-37.25;0.0
2026-07-18;-6.25;-41.25;0.0
2026-07-18;-6.25;-40.75;0.0
2026-07-18;-6.25;-40.25;0.0
2026-07-18;-6.25;-39.75;0.0
2026-07-18;-6.25;-39.25;0.0
2026-07-18;-6.25;-38.75;0.4033231437206268
2026-07-18;-6.25;-38.25;0.6099603772163391
2026-07-18;-6.25;-37.75;0.0
2026-07-18;-6.25;-37.25;0.0
2026-07-18;-5.75;-41.25;0.0
2026-07-18;-5.75;-40.75;0.0
2026-07-18;-5.75;-40.25;0.0
2026-07-18;-5.75;-39.75;0.0
2026-07-18;-5.75;-39.25;0.0
2026-07-18;-5.75;-38.75;1.030977845191956
2026-07-18;-5.75;-38.25;0.4740757048130035
2026-07-18;-5.75;-37.75;0.0
2026-07-18;-5.75;-37.25;0.0
2026-07-18;-5.25;-41.25;0.0
2026-07-18;-5.25;-40.75;0.0
2026-07-18;-5.25;-40.25;0.0
2026-07-18;-5.25;-39.75;0.0
2026-07-18;-5.25;-39.25;0.0
2026-07-18;-5.25;-38.75;0.0
2026-07-18;-5.25;-38.25;0.0
2026-07-18;-5.25;-37.75;0.0
2026-07-18;-5.25;-37.25;0.0
2026-07-18;-4.75;-41.25;0.0
2026-07-18;-4.75;-40.75;0.0
2026-07-18;-4.75;-40.25;0.0
2026-07-18;-4.75;-39.75;0.0
2026-07-18;-4.75;-39.25;0.0
2026-07-18;-4.75;-38.75;0.0
2026-07-18;-4.75;-38.25;0.0
2026-07-18;-4.75;-37.75;0.0
2026-07-18;-4.75;-37.25;0.0
2026-07-18;-4.25;-41.25;0.0
2026-07-18;-4.25;-40.75;0.0
2026-07-18;-4.25;-40.25;0.0
2026-07-18;-4.25;-39.75;0.0
2026-07-18;-4.25;-39.25;0.0
2026-07-18;-4.25;-38.75;0.0
2026-07-18;-4.25;-38.25;0.0
2026-07-18;-4.25;-37.75;0.0
2026-07-18;-4.25;-37.25;
2026-07-18;-3.75;-41.25;0.0
2026-07-18;-3.75;-40.75;0.0
2026-07-18;-3.75;-40.25;0.0
2026-07-18;-3.75;-39.75;0.0
2026-07-18;-3.75;-39.25;0.0
2026-07-18;-3.75;-38.75;0.0
2026-07-18;-3.75;-38.25;0.0
2026-07-18;-3.75;-37.75;
2026-07-18;-3.75;-37.25;
2026-07-18;-3.25;-41.25;0.0
2026-07-18;-3.25;-40.75;0.0
2026-07-18;-3.25;-40.25;0.0
2026-07-18;-3.25;-39.75;0.0
2026-07-18;-3.25;-39.25;0.0
2026-07-18;-3.25;-38.75;0.0
2026-07-18;-3.25;-38.25;
2026-07-18;-3.25;-37.75;
2026-07-18;-3.25;-37.25;
2026-07-18;-2.75;-41.25;0.0
2026-07-18;-2.75;-40.75;0.0
2026-07-18;-2.75;-40.25;0.0
2026-07-18;-2.75;-39.75;0.0
2026-07-18;-2.75;-39.25;
2026-07-18;-2.75;-38.75;
2026-07-18;-2.75;-38.25;
2026-07-18;-2.75;-37.75;
2026-07-18;-2.75;-37.25;
2026-07-19;-7.75;-41.25;0.0
2026-07-19;-7.75;-40.75;0.0
2026-07-19;-7.75;-40.25;0.0
2026-07-19;-7.75;-39.75;0.4348355233669281
2026-07-19;-7.75;-39.25;0.2126395553350449
2026-07-19;-7.75;-38.75;0.0
2026-07-19;-7.75;-38.25;0.0
2026-07-19;-7.75;-37.75;0.0
2026-07-19;-7.75;-37.25;0.3232692778110504
2026-07-19;-7.25;-41.25;0.0
2026-07-19;-7.25;-40.75;0.0
2026-07-19;-7.25;-40.25;0.0
2026-07-19;-7.25;-39.75;0.0
2026-07-19;-7.25;-39.25;0.0
2026-07-19;-7.25;-38.75;0.0
2026-07-19;-7.25;-38.25;0.0
2026-07-19;-7.25;-37.75;0.0
2026-07-19;-7.25;-37.25;0.0
2026-07-19;-6.75;-41.25;0.0
2026-07-19;-6.75;-40.75;0.0
2026-07-19;-6.75;-40.25;0.0
2026-07-19;-6.75;-39.75;0.0
2026-07-19;-6.75;-39.25;0.0
2026-07-19;-6.75;-38.75;0.0
2026-07-19;-6.75;-38.25;0.0
2026-07-19;-6.75;-37.75;0.0
2026-07-19;-6.75;-37.25;0.0
2026-07-19;-6.25;-41.25;0.0
2026-07-19;-6.25;-40.75;0.0
2026-07-19;-6.25;-40.25;0.0
2026-07-19;-6.25;-39.75;0.0
2026-07-19;-6.25;-39.25;0.0
2026-07-19;-6.25;-38.75;0.0
2026-07-19;-6.25;-38.25;0.0
2026-07-19;-6.25;-37.75;0.0
2026-07-19;-6.25;-37.25;0.0
2026-07-19;-5.75;-41.25;0.0
2026-07-19;-5.75;-40.75;0.0
2026-07-19;-5.75;-40.25;0.9868035912513733
2026-07-19;-5.75;-39.75;1.890592098236084
2026-07-19;-5.75;-39.25;1.233057260513306
2026-07-19;-5.75;-38.75;0.7123144865036011
2026-07-19;-5.75;-38.25;0.8475810885429382
2026-07-19;-5.75;-37.75;0.5080789923667908
2026-07-19;-5.75;-37.25;0.0
2026-07-19;-5.25;-41.25;0.0
2026-07-19;-5.25;-40.75;0.0
2026-07-19;-5.25;-40.25;2.801849365234375
2026-07-19;-5.25;-39.75;8.363607406616211
2026-07-19;-5.25;-39.25;11.30369091033936
2026-07-19;-5.25;-38.75;3.373562812805176
2026-07-19;-5.25;-38.25;0.919033408164978
2026-07-19;-5.25;-37.75;0.0
2026-07-19;-5.25;-37.25;0.6941731572151184
2026-07-19;-4.75;-41.25;0.0
2026-07-19;-4.75;-40.75;0.0
2026-07-19;-4.75;-40.25;0.5139371752738953
2026-07-19;-4.75;-39.75;5.945338726043701
2026-07-19;-4.75;-39.25;8.567429542541504
2026-07-19;-4.75;-38.75;1.899307012557983
2026-07-19;-4.75;-38.25;0.0
2026-07-19;-4.75;-37.75;0.0
2026-07-19;-4.75;-37.25;0.456375926733017
2026-07-19;-4.25;-41.25;0.0
2026-07-19;-4.25;-40.75;0.0
2026-07-19;-4.25;-40.25;0.0
2026-07-19;-4.25;-39.75;0.0
2026-07-19;-4.25;-39.25;0.5018840432167053
2026-07-19;-4.25;-38.75;0.2901389300823212
2026-07-19;-4.25;-38.25;0.9623548984527588
2026-07-19;-4.25;-37.75;0.0
2026-07-19;-4.25;-37.25;
2026-07-19;-3.75;-41.25;0.0
2026-07-19;-3.75;-40.75;0.0
2026-07-19;-3.75;-40.25;0.0
2026-07-19;-3.75;-39.75;0.0
2026-07-19;-3.75;-39.25;0.0
2026-07-19;-3.75;-38.75;2.115609645843506
2026-07-19;-3.75;-38.25;3.083459138870239
2026-07-19;-3.75;-37.75;
2026-07-19;-3.75;-37.25;
2026-07-19;-3.25;-41.25;0.0
2026-07-19;-3.25;-40.75;0.0
2026-07-19;-3.25;-40.25;0.0
2026-07-19;-3.25;-39.75;0.0
2026-07-19;-3.25;-39.25;0.0
2026-07-19;-3.25;-38.75;1.475985527038574
2026-07-19;-3.25;-38.25;
2026-07-19;-3.25;-37.75;
2026-07-19;-3.25;-37.25;
2026-07-19;-2.75;-41.25;0.0
2026-07-19;-2.75;-40.75;0.0
2026-07-19;-2.75;-40.25;0.0
2026-07-19;-2.75;-39.75;0.0
2026-07-19;-2.75;-39.25;
2026-07-19;-2.75;-38.75;
2026-07-19;-2.75;-38.25;
2026-07-19;-2.75;-37.75;
2026-07-19;-2.75;-37.25;
2026-07-20;-7.75;-41.25;0.0
2026-07-20;-7.75;-40.75;0.0
2026-07-20;-7.75;-40.25;0.0
2026-07-20;-7.75;-39.75;0.9924157857894897
2026-07-20;-7.75;-39.25;0.4858142733573914
2026-07-20;-7.75;-38.75;0.0
2026-07-20;-7.75;-38.25;0.0
2026-07-20;-7.75;-37.75;0.0
2026-07-20;-7.75;-37.25;0.0
2026-07-20;-7.25;-41.25;0.0
2026-07-20;-7.25;-40.75;0.0
2026-07-20;-7.25;-40.25;0.0
2026-07-20;-7.25;-39.75;0.0
2026-07-20;-7.25;-39.25;0.0
2026-07-20;-7.25;-38.75;0.0
2026-07-20;-7.25;-38.25;0.0
2026-07-20;-7.25;-37.75;0.0
2026-07-20;-7.25;-37.25;0.0
2026-07-20;-6.75;-41.25;0.0
2026-07-20;-6.75;-40.75;0.0
2026-07-20;-6.75;-40.25;0.0
2026-07-20;-6.75;-39.75;0.0
2026-07-20;-6.75;-39.25;0.0
2026-07-20;-6.75;-38.75;0.0
2026-07-20;-6.75;-38.25;0.0
2026-07-20;-6.75;-37.75;0.0
2026-07-20;-6.75;-37.25;0.0
2026-07-20;-6.25;-41.25;0.0
2026-07-20;-6.25;-40.75;0.0
2026-07-20;-6.25;-40.25;0.0
2026-07-20;-6.25;-39.75;0.0
2026-07-20;-6.25;-39.25;0.0
2026-07-20;-6.25;-38.75;0.0
2026-07-20;-6.25;-38.25;0.0
2026-07-20;-6.25;-37.75;0.0
2026-07-20;-6.25;-37.25;0.0
2026-07-20;-5.75;-41.25;0.0
2026-07-20;-5.75;-40.75;0.0
2026-07-20;-5.75;-40.25;0.0
2026-07-20;-5.75;-39.75;0.0
2026-07-20;-5.75;-39.25;0.0
2026-07-20;-5.75;-38.75;0.0
2026-07-20;-5.75;-38.25;0.0
2026-07-20;-5.75;-37.75;0.0
2026-07-20;-5.75;-37.25;0.0
2026-07-20;-5.25;-41.25;0.0
2026-07-20;-5.25;-40.75;0.0
2026-07-20;-5.25;-40.25;0.0
2026-07-20;-5.25;-39.75;0.0
2026-07-20;-5.25;-39.25;0.0
2026-07-20;-5.25;-38.75;0.0
2026-07-20;-5.25;-38.25;0.0
2026-07-20;-5.25;-37.75;0.0
2026-07-20;-5.25;-37.25;0.0
2026-07-20;-4.75;-41.25;0.0
2026-07-20;-4.75;-40.75;0.0
2026-07-20;-4.75;-40.25;0.0
2026-07-20;-4.75;-39.75;0.0
2026-07-20;-4.75;-39.25;0.0
2026-07-20;-4.75;-38.75;0.0
2026-07-20;-4.75;-38.25;0.0
2026-07-20;-4.75;-37.75;0.0
2026-07-20;-4.75;-37.25;0.0
2026-07-20;-4.25;-41.25;0.0
2026-07-20;-4.25;-40.75;0.0
2026-07-20;-4.25;-40.25;0.0
2026-07-20;-4.25;-39.75;0.0
2026-07-20;-4.25;-39.25;0.0
2026-07-20;-4.25;-38.75;0.0
2026-07-20;-4.25;-38.25;0.0
2026-07-20;-4.25;-37.75;0.0
2026-07-20;-4.25;-37.25;
2026-07-20;-3.75;-41.25;0.0
2026-07-20;-3.75;-40.75;0.0
2026-07-20;-3.75;-40.25;0.0
2026-07-20;-3.75;-39.75;0.0
2026-07-20;-3.75;-39.25;0.0
2026-07-20;-3.75;-38.75;0.0
2026-07-20;-3.75;-38.25;0.0
2026-07-20;-3.75;-37.75;
2026-07-20;-3.75;-37.25;
2026-07-20;-3.25;-41.25;0.0
2026-07-20;-3.25;-40.75;0.0
2026-07-20;-3.25;-40.25;0.0
2026-07-20;-3.25;-39.75;0.0
2026-07-20;-3.25;-39.25;0.0
2026-07-20;-3.25;-38.75;0.0
2026-07-20;-3.25;-38.25;
2026-07-20;-3.25;-37.75;
2026-07-20;-3.25;-37.25;
2026-07-20;-2.75;-41.25;0.0
2026-07-20;-2.75;-40.75;0.0
2026-07-20;-2.75;-40.25;0.0
2026-07-20;-2.75;-39.75;0.0
2026-07-20;-2.75;-39.25;
2026-07-20;-2.75;-38.75;
2026-07-20;-2.75;-38.25;
2026-07-20;-2.75;-37.75;
2026-07-20;-2.75;-37.25;
2026-07-21;-7.75;-41.25;0.0
2026-07-21;-7.75;-40.75;0.0
2026-07-21;-7.75;-40.25;0.0
2026-07-21;-7.75;-39.75;0.0
2026-07-21;-7.75;-39.25;0.0
2026-07-21;-7.75;-38.75;0.8633056879043579
2026-07-21;-7.75;-38.25;2.764274835586548
2026-07-21;-7.75;-37.75;0.2458991706371307
2026-07-21;-7.75;-37.25;0.0
2026-07-21;-7.25;-41.25;0.0
2026-07-21;-7.25;-40.75;0.0
2026-07-21;-7.25;-40.25;0.0
2026-07-21;-7.25;-39.75;0.0
2026-07-21;-7.25;-39.25;0.0
2026-07-21;-7.25;-38.75;0.589691162109375
2026-07-21;-7.25;-38.25;1.086515545845032
2026-07-21;-7.25;-37.75;0.0
2026-07-21;-7.25;-37.25;0.0
2026-07-21;-6.75;-41.25;0.6335508227348328
2026-07-21;-6.75;-40.75;0.0
2026-07-21;-6.75;-40.25;0.0
2026-07-21;-6.75;-39.75;0.0
2026-07-21;-6.75;-39.25;0.0
2026-07-21;-6.75;-38.75;0.0
2026-07-21;-6.75;-38.25;0.0
2026-07-21;-6.75;-37.75;0.0
2026-07-21;-6.75;-37.25;0.0
2026-07-21;-6.25;-41.25;3.321367740631104
2026-07-21;-6.25;-40.75;0.2477100789546967
2026-07-21;-6.25;-40.25;0.0
2026-07-21;-6.25;-39.75;0.0
2026-07-21;-6.25;-39.25;0.0
2026-07-21;-6.25;-38.75;0.0
2026-07-21;-6.25;-38.25;0.0
2026-07-21;-6.25;-37.75;0.0
2026-07-21;-6.25;-37.25;0.0
2026-07-21;-5.75;-41.25;2.674957990646362
2026-07-21;-5.75;-40.75;0.2181201875209808
2026-07-21;-5.75;-40.25;0.0
2026-07-21;-5.75;-39.75;0.0
2026-07-21;-5.75;-39.25;0.0
2026-07-21;-5.75;-38.75;0.0
2026-07-21;-5.75;-38.25;0.0
2026-07-21;-5.75;-37.75;0.0
2026-07-21;-5.75;-37.25;0.0
2026-07-21;-5.25;-41.25;0.3488846123218536
2026-07-21;-5.25;-40.75;0.0
2026-07-21;-5.25;-40.25;0.0
2026-07-21;-5.25;-39.75;0.0
2026-07-21;-5.25;-39.25;0.0
2026-07-21;-5.25;-38.75;0.0
2026-07-21;-5.25;-38.25;0.0
2026-07-21;-5.25;-37.75;0.0
2026-07-21;-5.25;-37.25;0.0
2026-07-21;-4.75;-41.25;0.0
2026-07-21;-4.75;-40.75;0.0
2026-07-21;-4.75;-40.25;0.0
2026-07-21;-4.75;-39.75;0.0
2026-07-21;-4.75;-39.25;0.0
2026-07-21;-4.75;-38.75;0.0
2026-07-21;-4.75;-38.25;0.0
2026-07-21;-4.75;-37.75;0.0
2026-07-21;-4.75;-37.25;0.0
2026-07-21;-4.25;-41.25;0.0
2026-07-21;-4.25;-40.75;0.0
2026-07-21;-4.25;-40.25;0.0
2026-07-21;-4.25;-39.75;0.0
2026-07-21;-4.25;-39.25;0.6248071789741516
2026-07-21;-4.25;-38.75;4.172958374023438
2026-07-21;-4.25;-38.25;6.66577672958374
2026-07-21;-4.25;-37.75;2.786525011062622
2026-07-21;-4.25;-37.25;
2026-07-21;-3.75;-41.25;0.0
2026-07-21;-3.75;-40.75;0.0
2026-07-21;-3.75;-40.25;0.2439815551042557
2026-07-21;-3.75;-39.75;0.8925629258155823
2026-07-21;-3.75;-39.25;2.646247625350952
2026-07-21;-3.75;-38.75;12.50373268127441
2026-07-21;-3.75;-38.25;15.45762538909912
2026-07-21;-3.75;-37.75;
2026-07-21;-3.75;-37.25;
2026-07-21;-3.25;-41.25;0.0
2026-07-21;-3.25;-40.75;0.0
2026-07-21;-3.25;-40.25;0.5040610432624817
2026-07-21;-3.25;-39.75;0.4923190176486969
2026-07-21;-3.25;-39.25;3.550287961959839
2026-07-21;-3.25;-38.75;10.96144771575928
2026-07-21;-3.25;-38.25;
2026-07-21;-3.25;-37.75;
2026-07-21;-3.25;-37.25;
2026-07-21;-2.75;-41.25;0.0
2026-07-21;-2.75;-40.75;0.0
2026-07-21;-2.75;-40.25;0.0
2026-07-21;-2.75;-39.75;0.0
2026-07-21;-2.75;-39.25;
2026-07-21;-2.75;-38.75;
2026-07-21;-2.75;-38.25;
2026-07-21;-2.75;-37.75;
2026-07-21;-2.75;-37.25;
2026-07-22;-7.75;-41.25;0.0
2026-07-22;-7.75;-40.75;0.0
2026-07-22;-7.75;-40.25;0.0
2026-07-22;-7.75;-39.75;0.0
2026-07-22;-7.75;-39.25;0.0
2026-07-22;-7.75;-38.75;0.4320058226585388
2026-07-22;-7.75;-38.25;1.37359881401062
2026-07-22;-7.75;-37.75;0.5743536949157715
2026-07-22;-7.75;-37.25;3.078710079193115
2026-07-22;-7.25;-41.25;0.0
2026-07-22;-7.25;-40.75;0.0
2026-07-22;-7.25;-40.25;0.0
2026-07-22;-7.25;-39.75;0.0
2026-07-22;-7.25;-39.25;0.0
2026-07-22;-7.25;-38.75;0.2950580716133118
2026-07-22;-7.25;-38.25;0.5432604551315308
2026-07-22;-7.25;-37.75;0.0
2026-07-22;-7.25;-37.25;2.348597526550293
2026-07-22;-6.75;-41.25;0.0
2026-07-22;-6.75;-40.75;0.0
2026-07-22;-6.75;-40.25;0.0
2026-07-22;-6.75;-39.75;0.0
2026-07-22;-6.75;-39.25;0.0
2026-07-22;-6.75;-38.75;0.0
2026-07-22;-6.75;-38.25;0.0
2026-07-22;-6.75;-37.75;0.0
2026-07-22;-6.75;-37.25;0.0
2026-07-22;-6.25;-41.25;0.0
2026-07-22;-6.25;-40.75;0.0
2026-07-22;-6.25;-40.25;0.0
2026-07-22;-6.25;-39.75;0.0
2026-07-22;-6.25;-39.25;0.2630472779273987
2026-07-22;-6.25;-38.75;2.441170454025269
2026-07-22;-6.25;-38.25;3.555911540985107
2026-07-22;-6.25;-37.75;0.3560047745704651
2026-07-22;-6.25;-37.25;0.0
2026-07-22;-5.75;-41.25;0.0
2026-07-22;-5.75;-40.75;0.0
2026-07-22;-5.75;-40.25;1.510402679443359
2026-07-22;-5.75;-39.75;2.885043382644653
2026-07-22;-5.75;-39.25;3.620523452758789
2026-07-22;-5.75;-38.75;6.967710018157959
2026-07-22;-5.75;-38.25;18.14721298217773
2026-07-22;-5.75;-37.75;21.13326072692871
2026-07-22;-5.75;-37.25;0.0
2026-07-22;-5.25;-41.25;0.0
2026-07-22;-5.25;-40.75;0.0
2026-07-22;-5.25;-40.25;2.145402193069458
2026-07-22;-5.25;-39.75;4.821295261383057
2026-07-22;-5.25;-39.25;5.443750858306885
2026-07-22;-5.25;-38.75;9.641770362854004
2026-07-22;-5.25;-38.25;35.79087448120117
2026-07-22;-5.25;-37.75;21.79429817199707
2026-07-22;-5.25;-37.25;0.2945802211761475
2026-07-22;-4.75;-41.25;0.6067818403244019
2026-07-22;-4.75;-40.75;0.9194478392601013
2026-07-22;-4.75;-40.25;1.155557155609131
2026-07-22;-4.75;-39.75;3.390140771865845
2026-07-22;-4.75;-39.25;3.56976842880249
2026-07-22;-4.75;-38.75;7.325520038604736
2026-07-22;-4.75;-38.25;13.8041353225708
2026-07-22;-4.75;-37.75;4.848047256469727
2026-07-22;-4.75;-37.25;0.3876652717590332
2026-07-22;-4.25;-41.25;4.371837139129639
2026-07-22;-4.25;-40.75;3.754996776580811
2026-07-22;-4.25;-40.25;2.406716346740723
2026-07-22;-4.25;-39.75;3.295494079589844
2026-07-22;-4.25;-39.25;0.8289021253585815
2026-07-22;-4.25;-38.75;0.9127577543258667
2026-07-22;-4.25;-38.25;1.188869595527649
2026-07-22;-4.25;-37.75;0.505229651927948
2026-07-22;-4.25;-37.25;
2026-07-22;-3.75;-41.25;15.72050762176514
2026-07-22;-3.75;-40.75;12.85714817047119
2026-07-22;-3.75;-40.25;17.93601036071777
2026-07-22;-3.75;-39.75;18.77072715759277
2026-07-22;-3.75;-39.25;4.781361103057861
2026-07-22;-3.75;-38.75;0.631474494934082
2026-07-22;-3.75;-38.25;0.0
2026-07-22;-3.75;-37.75;
2026-07-22;-3.75;-37.25;
2026-07-22;-3.25;-41.25;6.662235260009766
2026-07-22;-3.25;-40.75;14.37272357940674
2026-07-22;-3.25;-40.25;61.83733367919922
2026-07-22;-3.25;-39.75;58.10636520385742
2026-07-22;-3.25;-39.25;21.32016754150391
2026-07-22;-3.25;-38.75;4.343175411224365
2026-07-22;-3.25;-38.25;
2026-07-22;-3.25;-37.75;
2026-07-22;-3.25;-37.25;
2026-07-22;-2.75;-41.25;3.587310552597046
2026-07-22;-2.75;-40.75;30.03240394592285
2026-07-22;-2.75;-40.25;75.00303649902344
2026-07-22;-2.75;-39.75;79.82304382324219
2026-07-22;-2.75;-39.25;
2026-07-22;-2.75;-38.75;
2026-07-22;-2.75;-38.25;
2026-07-22;-2.75;-37.75;
2026-07-22;-2.75;-37.25;
2026-07-23;-7.75;-41.25;0.0
2026-07-23;-7.75;-40.75;0.4904317855834961
2026-07-23;-7.75;-40.25;2.621027231216431
2026-07-23;-7.75;-39.75;1.980663537979126
2026-07-23;-7.75;-39.25;0.0
2026-07-23;-7.75;-38.75;0.0
2026-07-23;-7.75;-38.25;0.0
2026-07-23;-7.75;-37.75;0.0
2026-07-23;-7.75;-37.25;0.0
2026-07-23;-7.25;-41.25;0.0
2026-07-23;-7.25;-40.75;0.7503858208656311
2026-07-23;-7.25;-40.25;1.741870164871216
2026-07-23;-7.25;-39.75;0.6269103288650513
2026-07-23;-7.25;-39.25;0.0
2026-07-23;-7.25;-38.75;0.0
2026-07-23;-7.25;-38.25;0.0
2026-07-23;-7.25;-37.75;0.0
2026-07-23;-7.25;-37.25;0.0
2026-07-23;-6.75;-41.25;0.0
2026-07-23;-6.75;-40.75;0.0
2026-07-23;-6.75;-40.25;0.0
2026-07-23;-6.75;-39.75;0.0
2026-07-23;-6.75;-39.25;0.0
2026-07-23;-6.75;-38.75;0.0
2026-07-23;-6.75;-38.25;0.0
2026-07-23;-6.75;-37.75;0.0
2026-07-23;-6.75;-37.25;0.0
2026-07-23;-6.25;-41.25;0.0
2026-07-23;-6.25;-40.75;0.0
2026-07-23;-6.25;-40.25;0.0
2026-07-23;-6.25;-39.75;0.0
2026-07-23;-6.25;-39.25;0.0
2026-07-23;-6.25;-38.75;0.0
2026-07-23;-6.25;-38.25;0.0
2026-07-23;-6.25;-37.75;0.0
2026-07-23;-6.25;-37.25;0.0
2026-07-23;-5.75;-41.25;0.0
2026-07-23;-5.75;-40.75;0.0
2026-07-23;-5.75;-40.25;0.0
2026-07-23;-5.75;-39.75;0.0
2026-07-23;-5.75;-39.25;0.0
2026-07-23;-5.75;-38.75;0.0
2026-07-23;-5.75;-38.25;0.0
2026-07-23;-5.75;-37.75;0.0
2026-07-23;-5.75;-37.25;0.0
2026-07-23;-5.25;-41.25;0.0
2026-07-23;-5.25;-40.75;0.0
2026-07-23;-5.25;-40.25;0.0
2026-07-23;-5.25;-39.75;0.0
2026-07-23;-5.25;-39.25;0.0
2026-07-23;-5.25;-38.75;0.395530641078949
2026-07-23;-5.25;-38.25;0.0
2026-07-23;-5.25;-37.75;0.0
2026-07-23;-5.25;-37.25;0.0
2026-07-23;-4.75;-41.25;0.0
2026-07-23;-4.75;-40.75;0.0
2026-07-23;-4.75;-40.25;0.0
2026-07-23;-4.75;-39.75;0.0
2026-07-23;-4.75;-39.25;0.0
2026-07-23;-4.75;-38.75;0.3693714439868927
2026-07-23;-4.75;-38.25;0.0
2026-07-23;-4.75;-37.75;0.0
2026-07-23;-4.75;-37.25;0.0
2026-07-23;-4.25;-41.25;0.0
2026-07-23;-4.25;-40.75;0.0
2026-07-23;-4.25;-40.25;0.0
2026-07-23;-4.25;-39.75;0.0
2026-07-23;-4.25;-39.25;0.0
2026-07-23;-4.25;-38.75;0.3830209970474243
2026-07-23;-4.25;-38.25;1.415314078330994
2026-07-23;-4.25;-37.75;0.0
2026-07-23;-4.25;-37.25;
2026-07-23;-3.75;-41.25;0.0
2026-07-23;-3.75;-40.75;0.0
2026-07-23;-3.75;-40.25;0.0
2026-07-23;-3.75;-39.75;0.0
2026-07-23;-3.75;-39.25;0.0
2026-07-23;-3.75;-38.75;3.161673545837402
2026-07-23;-3.75;-38.25;4.570540904998779
2026-07-23;-3.75;-37.75;
2026-07-23;-3.75;-37.25;
2026-07-23;-3.25;-41.25;0.0
2026-07-23;-3.25;-40.75;0.0
2026-07-23;-3.25;-40.25;0.0
2026-07-23;-3.25;-39.75;0.0
2026-07-23;-3.25;-39.25;0.0
2026-07-23;-3.25;-38.75;2.200066328048706
2026-07-23;-3.25;-38.25;
2026-07-23;-3.25;-37.75;
2026-07-23;-3.25;-37.25;
2026-07-23;-2.75;-41.25;0.0
2026-07-23;-2.75;-40.75;0.0
2026-07-23;-2.75;-40.25;0.0
2026-07-23;-2.75;-39.75;0.0
2026-07-23;-2.75;-39.25;
2026-07-23;-2.75;-38.75;
2026-07-23;-2.75;-38.25;
2026-07-23;-2.75;-37.75;
2026-07-23;-2.75;-37.25;
2026-07-24;-7.75;-41.25;0.0
2026-07-24;-7.75;-40.75;0.0
2026-07-24;-7.75;-40.25;0.6097913384437561
2026-07-24;-7.75;-39.75;4.219467163085938
2026-07-24;-7.75;-39.25;4.746355533599854
2026-07-24;-7.75;-38.75;17.07744979858398
2026-07-24;-7.75;-38.25;37.11764526367188
2026-07-24;-7.75;-37.75;41.73746490478516
2026-07-24;-7.75;-37.25;44.26794052124023
2026-07-24;-7.25;-41.25;0.0
2026-07-24;-7.25;-40.75;0.0
2026-07-24;-7.25;-40.25;2.136649131774902
2026-07-24;-7.25;-39.75;6.835819721221924
2026-07-24;-7.25;-39.25;10.43746566772461
2026-07-24;-7.25;-38.75;23.64254379272461
2026-07-24;-7.25;-38.25;29.1979923248291
2026-07-24;-7.25;-37.75;24.79901313781738
2026-07-24;-7.25;-37.25;28.84304809570312
2026-07-24;-6.75;-41.25;0.0
2026-07-24;-6.75;-40.75;0.7907922863960266
2026-07-24;-6.75;-40.25;5.364161968231201
2026-07-24;-6.75;-39.75;6.061206817626953
2026-07-24;-6.75;-39.25;15.66388320922852
2026-07-24;-6.75;-38.75;17.89602851867676
2026-07-24;-6.75;-38.25;6.684708595275879
2026-07-24;-6.75;-37.75;17.01458358764648
2026-07-24;-6.75;-37.25;11.94304084777832
2026-07-24;-6.25;-41.25;0.0
2026-07-24;-6.25;-40.75;0.9186484217643738
2026-07-24;-6.25;-40.25;7.558774948120117
2026-07-24;-6.25;-39.75;12.18807411193848
2026-07-24;-6.25;-39.25;30.92852783203125
2026-07-24;-6.25;-38.75;47.82298278808594
2026-07-24;-6.25;-38.25;50.68987274169922
2026-07-24;-6.25;-37.75;19.42926406860352
2026-07-24;-6.25;-37.25;13.44346332550049
2026-07-24;-5.75;-41.25;0.0
2026-07-24;-5.75;-40.75;0.6537430882453918
2026-07-24;-5.75;-40.25;10.90336990356445
2026-07-24;-5.75;-39.75;17.9862060546875
2026-07-24;-5.75;-39.25;28.26630020141602
2026-07-24;-5.75;-38.75;76.48406219482422
2026-07-24;-5.75;-38.25;43.97398376464844
2026-07-24;-5.75;-37.75;10.56537437438965
2026-07-24;-5.75;-37.25;7.651902198791504
2026-07-24;-5.25;-41.25;0.0
2026-07-24;-5.25;-40.75;0.0
2026-07-24;-5.25;-40.25;9.8785982131958
2026-07-24;-5.25;-39.75;23.55226707458496
2026-07-24;-5.25;-39.25;28.03536033630371
2026-07-24;-5.25;-38.75;12.50253677368164
2026-07-24;-5.25;-38.25;0.0
2026-07-24;-5.25;-37.75;4.039210319519043
2026-07-24;-5.25;-37.25;11.87287139892578
2026-07-24;-4.75;-41.25;0.0
2026-07-24;-4.75;-40.75;0.0
2026-07-24;-4.75;-40.25;1.915575265884399
2026-07-24;-4.75;-39.75;13.72132301330566
2026-07-24;-4.75;-39.25;18.87841415405273
2026-07-24;-4.75;-38.75;5.144069671630859
2026-07-24;-4.75;-38.25;9.871794700622559
2026-07-24;-4.75;-37.75;28.47806549072266
2026-07-24;-4.75;-37.25;25.69741630554199
2026-07-24;-4.25;-41.25;0.0
2026-07-24;-4.25;-40.75;0.0
2026-07-24;-4.25;-40.25;0.4780929684638977
2026-07-24;-4.25;-39.75;4.589334964752197
2026-07-24;-4.25;-39.25;13.42471313476562
2026-07-24;-4.25;-38.75;25.9818229675293
2026-07-24;-4.25;-38.25;48.50268173217773
2026-07-24;-4.25;-37.75;43.35400009155273
2026-07-24;-4.25;-37.25;
2026-07-24;-3.75;-41.25;0.0
2026-07-24;-3.75;-40.75;0.0
2026-07-24;-3.75;-40.25;0.0
2026-07-24;-3.75;-39.75;17.38933753967285
2026-07-24;-3.75;-39.25;48.73799896240234
2026-07-24;-3.75;-38.75;79.10863494873047
2026-07-24;-3.75;-38.25;90.35140991210938
2026-07-24;-3.75;-37.75;
2026-07-24;-3.75;-37.25;
2026-07-24;-3.25;-41.25;1.333405017852783
2026-07-24;-3.25;-40.75;0.0
2026-07-24;-3.25;-40.25;0.0
2026-07-24;-3.25;-39.75;12.84405612945557
2026-07-24;-3.25;-39.25;49.13800430297852
2026-07-24;-3.25;-38.75;77.37403106689453
2026-07-24;-3.25;-38.25;
2026-07-24;-3.25;-37.75;
2026-07-24;-3.25;-37.25;
2026-07-24;-2.75;-41.25;1.884117960929871
2026-07-24;-2.75;-40.75;0.6940523386001587
2026-07-24;-2.75;-40.25;0.0
2026-07-24;-2.75;-39.75;4.68281364440918
2026-07-24;-2.75;-39.25;
2026-07-24;-2.75;-38.75;
2026-07-24;-2.75;-38.25;
2026-07-24;-2.75;-37.75;
2026-07-24;-2.75;-37.25;
2026-07-25;-7.75;-41.25;0.0
2026-07-25;-7.75;-40.75;0.0
2026-07-25;-7.75;-40.25;0.0
2026-07-25;-7.75;-39.75;1.165638446807861
2026-07-25;-7.75;-39.25;0.5643901228904724
2026-07-25;-7.75;-38.75;0.6124913096427917
2026-07-25;-7.75;-38.25;1.339633941650391
2026-07-25;-7.75;-37.75;0.0
2026-07-25;-7.75;-37.25;0.0
2026-07-25;-7.25;-41.25;0.0
2026-07-25;-7.25;-40.75;0.0
2026-07-25;-7.25;-40.25;0.0
2026-07-25;-7.25;-39.75;0.0
2026-07-25;-7.25;-39.25;0.0
2026-07-25;-7.25;-38.75;0.3058736026287079
2026-07-25;-7.25;-38.25;0.5419279336929321
2026-07-25;-7.25;-37.75;0.0
2026-07-25;-7.25;-37.25;0.0
2026-07-25;-6.75;-41.25;0.0
2026-07-25;-6.75;-40.75;0.0
2026-07-25;-6.75;-40.25;0.0
2026-07-25;-6.75;-39.75;0.2175227850675583
2026-07-25;-6.75;-39.25;1.192395091056824
2026-07-25;-6.75;-38.75;2.278182506561279
2026-07-25;-6.75;-38.25;0.2484723329544067
2026-07-25;-6.75;-37.75;0.0
2026-07-25;-6.75;-37.25;0.0
2026-07-25;-6.25;-41.25;0.0
2026-07-25;-6.25;-40.75;0.0
2026-07-25;-6.25;-40.25;0.0
2026-07-25;-6.25;-39.75;0.0
2026-07-25;-6.25;-39.25;1.297834515571594
2026-07-25;-6.25;-38.75;4.443819999694824
2026-07-25;-6.25;-38.25;1.023662209510803
2026-07-25;-6.25;-37.75;0.0
2026-07-25;-6.25;-37.25;0.2704937160015106
2026-07-25;-5.75;-41.25;0.0
2026-07-25;-5.75;-40.75;0.0
2026-07-25;-5.75;-40.25;0.0
2026-07-25;-5.75;-39.75;0.0
2026-07-25;-5.75;-39.25;0.340451717376709
2026-07-25;-5.75;-38.75;0.3254373371601105
2026-07-25;-5.75;-38.25;0.0
2026-07-25;-5.75;-37.75;2.256119012832642
2026-07-25;-5.75;-37.25;21.7489070892334
2026-07-25;-5.25;-41.25;0.0
2026-07-25;-5.25;-40.75;0.0
2026-07-25;-5.25;-40.25;0.0
2026-07-25;-5.25;-39.75;1.547427773475647
2026-07-25;-5.25;-39.25;3.434934377670288
2026-07-25;-5.25;-38.75;3.264645576477051
2026-07-25;-5.25;-38.25;0.0
2026-07-25;-5.25;-37.75;0.8006471991539001
2026-07-25;-5.25;-37.25;15.17107200622559
2026-07-25;-4.75;-41.25;0.0
2026-07-25;-4.75;-40.75;0.0
2026-07-25;-4.75;-40.25;0.0
2026-07-25;-4.75;-39.75;2.57450008392334
2026-07-25;-4.75;-39.25;8.285090446472168
2026-07-25;-4.75;-38.75;5.891139984130859
2026-07-25;-4.75;-38.25;0.0
2026-07-25;-4.75;-37.75;0.0
2026-07-25;-4.75;-37.25;2.845988035202026
2026-07-25;-4.25;-41.25;0.0
2026-07-25;-4.25;-40.75;0.0
2026-07-25;-4.25;-40.25;0.0
2026-07-25;-4.25;-39.75;0.3583107590675354
2026-07-25;-4.25;-39.25;1.588407874107361
2026-07-25;-4.25;-38.75;0.735271692276001
2026-07-25;-4.25;-38.25;0.0
2026-07-25;-4.25;-37.75;0.0
2026-07-25;-4.25;-37.25;
2026-07-25;-3.75;-41.25;1.127205967903137
2026-07-25;-3.75;-40.75;0.0
2026-07-25;-3.75;-40.25;0.9965705871582031
2026-07-25;-3.75;-39.75;0.6102327704429626
2026-07-25;-3.75;-39.25;1.552691459655762
2026-07-25;-3.75;-38.75;0.4084526598453522
2026-07-25;-3.75;-38.25;0.0
2026-07-25;-3.75;-37.75;
2026-07-25;-3.75;-37.25;
2026-07-25;-3.25;-41.25;2.937209129333496
2026-07-25;-3.25;-40.75;0.0
2026-07-25;-3.25;-40.25;0.0
2026-07-25;-3.25;-39.75;0.25116828083992
2026-07-25;-3.25;-39.25;1.263206720352173
2026-07-25;-3.25;-38.75;0.3743797838687897
2026-07-25;-3.25;-38.25;
2026-07-25;-3.25;-37.75;
2026-07-25;-3.25;-37.25;
2026-07-25;-2.75;-41.25;2.984477281570435
2026-07-25;-2.75;-40.75;0.0
2026-07-25;-2.75;-40.25;0.0
2026-07-25;-2.75;-39.75;0.0
2026-07-25;-2.75;-39.25;
2026-07-25;-2.75;-38.75;
2026-07-25;-2.75;-38.25;
2026-07-25;-2.75;-37.75;
2026-07-25;-2.75;-37.25;
2026-07-26;-7.75;-41.25;0.0
2026-07-26;-7.75;-40.75;0.0
2026-07-26;-7.75;-40.25;0.0
2026-07-26;-7.75;-39.75;2.182799816131592
2026-07-26;-7.75;-39.25;1.067493557929993
2026-07-26;-7.75;-38.75;0.3164845407009125
2026-07-26;-7.75;-38.25;0.0
2026-07-26;-7.75;-37.75;0.0
2026-07-26;-7.75;-37.25;0.0
2026-07-26;-7.25;-41.25;0.0
2026-07-26;-7.25;-40.75;0.0
2026-07-26;-7.25;-40.25;0.0
2026-07-26;-7.25;-39.75;0.0
2026-07-26;-7.25;-39.25;0.0
2026-07-26;-7.25;-38.75;0.0
2026-07-26;-7.25;-38.25;0.0
2026-07-26;-7.25;-37.75;0.0
2026-07-26;-7.25;-37.25;0.0
2026-07-26;-6.75;-41.25;0.0
2026-07-26;-6.75;-40.75;0.0
2026-07-26;-6.75;-40.25;0.0
2026-07-26;-6.75;-39.75;0.0
2026-07-26;-6.75;-39.25;0.0
2026-07-26;-6.75;-38.75;0.0
2026-07-26;-6.75;-38.25;0.0
2026-07-26;-6.75;-37.75;0.0
2026-07-26;-6.75;-37.25;0.0
2026-07-26;-6.25;-41.25;3.748962640762329
2026-07-26;-6.25;-40.75;1.009551048278809
2026-07-26;-6.25;-40.25;0.0
2026-07-26;-6.25;-39.75;0.0
2026-07-26;-6.25;-39.25;0.0
2026-07-26;-6.25;-38.75;0.0
2026-07-26;-6.25;-38.25;0.0
2026-07-26;-6.25;-37.75;0.0
2026-07-26;-6.25;-37.25;0.0
2026-07-26;-5.75;-41.25;6.63381290435791
2026-07-26;-5.75;-40.75;2.263585805892944
2026-07-26;-5.75;-40.25;0.0
2026-07-26;-5.75;-39.75;0.0
2026-07-26;-5.75;-39.25;0.0
2026-07-26;-5.75;-38.75;0.0
2026-07-26;-5.75;-38.25;0.0
2026-07-26;-5.75;-37.75;0.0
2026-07-26;-5.75;-37.25;0.0
2026-07-26;-5.25;-41.25;4.883491039276123
2026-07-26;-5.25;-40.75;0.9590374827384949
2026-07-26;-5.25;-40.25;0.0
2026-07-26;-5.25;-39.75;0.0
2026-07-26;-5.25;-39.25;0.0
2026-07-26;-5.25;-38.75;0.0
2026-07-26;-5.25;-38.25;0.0
2026-07-26;-5.25;-37.75;0.0
2026-07-26;-5.25;-37.25;0.0
2026-07-26;-4.75;-41.25;1.750040650367737
2026-07-26;-4.75;-40.75;0.0
2026-07-26;-4.75;-40.25;0.0
2026-07-26;-4.75;-39.75;0.0
2026-07-26;-4.75;-39.25;0.0
2026-07-26;-4.75;-38.75;0.0
2026-07-26;-4.75;-38.25;0.0
2026-07-26;-4.75;-37.75;0.0
2026-07-26;-4.75;-37.25;0.0
2026-07-26;-4.25;-41.25;0.0
2026-07-26;-4.25;-40.75;0.0
2026-07-26;-4.25;-40.25;0.0
2026-07-26;-4.25;-39.75;0.0
2026-07-26;-4.25;-39.25;0.0
2026-07-26;-4.25;-38.75;0.0
2026-07-26;-4.25;-38.25;0.0
2026-07-26;-4.25;-37.75;0.0
2026-07-26;-4.25;-37.25;
2026-07-26;-3.75;-41.25;0.0
2026-07-26;-3.75;-40.75;0.0
2026-07-26;-3.75;-40.25;0.0
2026-07-26;-3.75;-39.75;0.0
2026-07-26;-3.75;-39.25;0.0
2026-07-26;-3.75;-38.75;0.0
2026-07-26;-3.75;-38.25;0.0
2026-07-26;-3.75;-37.75;
2026-07-26;-3.75;-37.25;
2026-07-26;-3.25;-41.25;0.0
2026-07-26;-3.25;-40.75;0.0
2026-07-26;-3.25;-40.25;0.0
2026-07-26;-3.25;-39.75;0.0
2026-07-26;-3.25;-39.25;0.0
2026-07-26;-3.25;-38.75;0.0
2026-07-26;-3.25;-38.25;
2026-07-26;-3.25;-37.75;
2026-07-26;-3.25;-37.25;
2026-07-26;-2.75;-41.25;0.0
2026-07-26;-2.75;-40.75;0.0
2026-07-26;-2.75;-40.25;0.0
2026-07-26;-2.75;-39.75;0.0
2026-07-26;-2.75;-39.25;
2026-07-26;-2.75;-38.75;
2026-07-26;-2.75;-38.25;
2026-07-26;-2.75;-37.75;
2026-07-26;-2.75;-37.25;
2026-07-27;-7.75;-41.25;0.0
2026-07-27;-7.75;-40.75;0.0
2026-07-27;-7.75;-40.25;0.0
2026-07-27;-7.75;-39.75;1.247886061668396
2026-07-27;-7.75;-39.25;0.6229221820831299
2026-07-27;-7.75;-38.75;0.6240598559379578
2026-07-27;-7.75;-38.25;1.334754824638367
2026-07-27;-7.75;-37.75;0.0
2026-07-27;-7.75;-37.25;0.0
2026-07-27;-7.25;-41.25;0.0
2026-07-27;-7.25;-40.75;0.0
2026-07-27;-7.25;-40.25;0.0
2026-07-27;-7.25;-39.75;0.0
2026-07-27;-7.25;-39.25;0.0
2026-07-27;-7.25;-38.75;0.2857415378093719
2026-07-27;-7.25;-38.25;0.5391523838043213
2026-07-27;-7.25;-37.75;0.0
2026-07-27;-7.25;-37.25;0.0
2026-07-27;-6.75;-41.25;0.3169585168361664
2026-07-27;-6.75;-40.75;0.0
2026-07-27;-6.75;-40.25;0.0
2026-07-27;-6.75;-39.75;0.0
2026-07-27;-6.75;-39.25;0.0
2026-07-27;-6.75;-38.75;0.0
2026-07-27;-6.75;-38.25;0.0
2026-07-27;-6.75;-37.75;0.0
2026-07-27;-6.75;-37.25;0.0
2026-07-27;-6.25;-41.25;1.661253452301025
2026-07-27;-6.25;-40.75;0.0
2026-07-27;-6.25;-40.25;0.0
2026-07-27;-6.25;-39.75;0.0
2026-07-27;-6.25;-39.25;0.0
2026-07-27;-6.25;-38.75;0.0
2026-07-27;-6.25;-38.25;0.0
2026-07-27;-6.25;-37.75;0.0
2026-07-27;-6.25;-37.25;0.0
2026-07-27;-5.75;-41.25;1.341989040374756
2026-07-27;-5.75;-40.75;0.0
2026-07-27;-5.75;-40.25;0.0
2026-07-27;-5.75;-39.75;0.0
2026-07-27;-5.75;-39.25;0.0
2026-07-27;-5.75;-38.75;0.0
2026-07-27;-5.75;-38.25;0.0
2026-07-27;-5.75;-37.75;0.0
2026-07-27;-5.75;-37.25;0.0
2026-07-27;-5.25;-41.25;0.0
2026-07-27;-5.25;-40.75;0.0
2026-07-27;-5.25;-40.25;0.0
2026-07-27;-5.25;-39.75;0.0
2026-07-27;-5.25;-39.25;0.0
2026-07-27;-5.25;-38.75;0.0
2026-07-27;-5.25;-38.25;0.0
2026-07-27;-5.25;-37.75;0.0
2026-07-27;-5.25;-37.25;0.0
2026-07-27;-4.75;-41.25;0.0
2026-07-27;-4.75;-40.75;0.0
2026-07-27;-4.75;-40.25;0.8037190437316895
2026-07-27;-4.75;-39.75;0.3505558967590332
2026-07-27;-4.75;-39.25;0.0
2026-07-27;-4.75;-38.75;0.0
2026-07-27;-4.75;-38.25;0.0
2026-07-27;-4.75;-37.75;0.0
2026-07-27;-4.75;-37.25;0.0
2026-07-27;-4.25;-41.25;0.0
2026-07-27;-4.25;-40.75;0.0
2026-07-27;-4.25;-40.25;0.9676265120506287
2026-07-27;-4.25;-39.75;0.6506871581077576
2026-07-27;-4.25;-39.25;0.0
2026-07-27;-4.25;-38.75;0.0
2026-07-27;-4.25;-38.25;0.0
2026-07-27;-4.25;-37.75;0.0
2026-07-27;-4.25;-37.25;
2026-07-27;-3.75;-41.25;5.76913595199585
2026-07-27;-3.75;-40.75;0.4575283527374268
2026-07-27;-3.75;-40.25;0.0
2026-07-27;-3.75;-39.75;0.0
2026-07-27;-3.75;-39.25;0.0
2026-07-27;-3.75;-38.75;0.0
2026-07-27;-3.75;-38.25;0.0
2026-07-27;-3.75;-37.75;
2026-07-27;-3.75;-37.25;
2026-07-27;-3.25;-41.25;4.223226547241211
2026-07-27;-3.25;-40.75;0.0
2026-07-27;-3.25;-40.25;0.0
2026-07-27;-3.25;-39.75;0.0
2026-07-27;-3.25;-39.25;0.0
2026-07-27;-3.25;-38.75;0.0
2026-07-27;-3.25;-38.25;
2026-07-27;-3.25;-37.75;
2026-07-27;-3.25;-37.25;
2026-07-27;-2.75;-41.25;0.9475730657577515
2026-07-27;-2.75;-40.75;0.0
2026-07-27;-2.75;-40.25;0.0
2026-07-27;-2.75;-39.75;0.0
2026-07-27;-2.75;-39.25;
2026-07-27;-2.75;-38.75;
2026-07-27;-2.75;-38.25;
2026-07-27;-2.75;-37.75;
2026-07-27;-2.75;-37.25;
2026-07-28;-7.75;-41.25;0.0
2026-07-28;-7.75;-40.75;0.0
2026-07-28;-7.75;-40.25;0.0
2026-07-28;-7.75;-39.75;1.185656905174255
2026-07-28;-7.75;-39.25;0.5797982215881348
2026-07-28;-7.75;-38.75;0.0
2026-07-28;-7.75;-38.25;0.0
2026-07-28;-7.75;-37.75;0.0
2026-07-28;-7.75;-37.25;0.0
2026-07-28;-7.25;-41.25;0.0
2026-07-28;-7.25;-40.75;0.0
2026-07-28;-7.25;-40.25;0.0
2026-07-28;-7.25;-39.75;0.0
2026-07-28;-7.25;-39.25;0.0
2026-07-28;-7.25;-38.75;0.0
2026-07-28;-7.25;-38.25;0.0
2026-07-28;-7.25;-37.75;0.0
2026-07-28;-7.25;-37.25;0.0
2026-07-28;-6.75;-41.25;0.4477648735046387
2026-07-28;-6.75;-40.75;0.0
2026-07-28;-6.75;-40.25;0.0
2026-07-28;-6.75;-39.75;0.0
2026-07-28;-6.75;-39.25;0.6400858163833618
2026-07-28;-6.75;-38.75;4.338146686553955
2026-07-28;-6.75;-38.25;0.6172190308570862
2026-07-28;-6.75;-37.75;0.0
2026-07-28;-6.75;-37.25;0.0
2026-07-28;-6.25;-41.25;8.811697959899902
2026-07-28;-6.25;-40.75;2.300396680831909
2026-07-28;-6.25;-40.25;0.0
2026-07-28;-6.25;-39.75;0.0
2026-07-28;-6.25;-39.25;3.131491184234619
2026-07-28;-6.25;-38.75;11.91971492767334
2026-07-28;-6.25;-38.25;2.769563913345337
2026-07-28;-6.25;-37.75;0.0
2026-07-28;-6.25;-37.25;0.0
2026-07-28;-5.75;-41.25;15.10421752929688
2026-07-28;-5.75;-40.75;5.086051464080811
2026-07-28;-5.75;-40.25;0.0
2026-07-28;-5.75;-39.75;0.0
2026-07-28;-5.75;-39.25;0.4914757311344147
2026-07-28;-5.75;-38.75;0.7421296238899231
2026-07-28;-5.75;-38.25;0.0
2026-07-28;-5.75;-37.75;0.0
2026-07-28;-5.75;-37.25;0.0
2026-07-28;-5.25;-41.25;10.97801494598389
2026-07-28;-5.25;-40.75;2.143424987792969
2026-07-28;-5.25;-40.25;0.0
2026-07-28;-5.25;-39.75;0.0
2026-07-28;-5.25;-39.25;0.0
2026-07-28;-5.25;-38.75;0.0
2026-07-28;-5.25;-38.25;0.0
2026-07-28;-5.25;-37.75;0.0
2026-07-28;-5.25;-37.25;0.0
2026-07-28;-4.75;-41.25;5.541219234466553
2026-07-28;-4.75;-40.75;0.0
2026-07-28;-4.75;-40.25;0.0
2026-07-28;-4.75;-39.75;0.0
2026-07-28;-4.75;-39.25;0.0
2026-07-28;-4.75;-38.75;0.0
2026-07-28;-4.75;-38.25;0.0
2026-07-28;-4.75;-37.75;0.0
2026-07-28;-4.75;-37.25;0.0
2026-07-28;-4.25;-41.25;7.933428764343262
2026-07-28;-4.25;-40.75;0.0
2026-07-28;-4.25;-40.25;0.0
2026-07-28;-4.25;-39.75;0.0
2026-07-28;-4.25;-39.25;0.0
2026-07-28;-4.25;-38.75;0.0
2026-07-28;-4.25;-38.25;0.0
2026-07-28;-4.25;-37.75;0.0
2026-07-28;-4.25;-37.25;
2026-07-28;-3.75;-41.25;10.32400131225586
2026-07-28;-3.75;-40.75;0.0
2026-07-28;-3.75;-40.25;0.0
2026-07-28;-3.75;-39.75;0.0
2026-07-28;-3.75;-39.25;0.0
2026-07-28;-3.75;-38.75;0.0
2026-07-28;-3.75;-38.25;0.0
2026-07-28;-3.75;-37.75;
2026-07-28;-3.75;-37.25;
2026-07-28;-3.25;-41.25;1.713158845901489
2026-07-28;-3.25;-40.75;0.0
2026-07-28;-3.25;-40.25;0.7294946312904358
2026-07-28;-3.25;-39.75;0.6753168702125549
2026-07-28;-3.25;-39.25;0.0
2026-07-28;-3.25;-38.75;0.0
2026-07-28;-3.25;-38.25;
2026-07-28;-3.25;-37.75;
2026-07-28;-3.25;-37.25;
2026-07-28;-2.75;-41.25;0.0
2026-07-28;-2.75;-40.75;0.2589894235134125
2026-07-28;-2.75;-40.25;1.249327540397644
2026-07-28;-2.75;-39.75;1.324215531349182
2026-07-28;-2.75;-39.25;
2026-07-28;-2.75;-38.75;
2026-07-28;-2.75;-38.25;
2026-07-28;-2.75;-37.75;
2026-07-28;-2.75;-37.25;
2026-07-29;-7.75;-41.25;0.0
2026-07-29;-7.75;-40.75;0.0
2026-07-29;-7.75;-40.25;0.0
2026-07-29;-7.75;-39.75;0.0
2026-07-29;-7.75;-39.25;0.0
2026-07-29;-7.75;-38.75;0.0
2026-07-29;-7.75;-38.25;0.0
2026-07-29;-7.75;-37.75;0.0
2026-07-29;-7.75;-37.25;0.0
2026-07-29;-7.25;-41.25;0.0
2026-07-29;-7.25;-40.75;0.0
2026-07-29;-7.25;-40.25;0.0
2026-07-29;-7.25;-39.75;0.0
2026-07-29;-7.25;-39.25;0.0
2026-07-29;-7.25;-38.75;0.0
2026-07-29;-7.25;-38.25;0.0
2026-07-29;-7.25;-37.75;0.0
2026-07-29;-7.25;-37.25;0.0
2026-07-29;-6.75;-41.25;0.0
2026-07-29;-6.75;-40.75;0.8349562883377075
2026-07-29;-6.75;-40.25;1.682209968566895
2026-07-29;-6.75;-39.75;1.049382925033569
2026-07-29;-6.75;-39.25;0.0
2026-07-29;-6.75;-38.75;0.0
2026-07-29;-6.75;-38.25;0.0
2026-07-29;-6.75;-37.75;0.0
2026-07-29;-6.75;-37.25;0.0
2026-07-29;-6.25;-41.25;0.9594424962997437
2026-07-29;-6.25;-40.75;6.331188678741455
2026-07-29;-6.25;-40.25;7.42887020111084
2026-07-29;-6.25;-39.75;5.357291698455811
2026-07-29;-6.25;-39.25;2.338047981262207
2026-07-29;-6.25;-38.75;2.139761209487915
2026-07-29;-6.25;-38.25;0.0
2026-07-29;-6.25;-37.75;0.0
2026-07-29;-6.25;-37.25;0.0
2026-07-29;-5.75;-41.25;5.549816608428955
2026-07-29;-5.75;-40.75;13.42973613739014
2026-07-29;-5.75;-40.25;14.01481437683105
2026-07-29;-5.75;-39.75;13.5377779006958
2026-07-29;-5.75;-39.25;12.53500175476074
2026-07-29;-5.75;-38.75;7.268023490905762
2026-07-29;-5.75;-38.25;1.888550877571106
2026-07-29;-5.75;-37.75;0.0
2026-07-29;-5.75;-37.25;0.0
2026-07-29;-5.25;-41.25;4.490371704101562
2026-07-29;-5.25;-40.75;12.65446472167969
2026-07-29;-5.25;-40.25;16.40866088867188
2026-07-29;-5.25;-39.75;20.35884666442871
2026-07-29;-5.25;-39.25;23.19487762451172
2026-07-29;-5.25;-38.75;6.812812328338623
2026-07-29;-5.25;-38.25;1.7122483253479
2026-07-29;-5.25;-37.75;0.896318793296814
2026-07-29;-5.25;-37.25;0.0
2026-07-29;-4.75;-41.25;1.902359127998352
2026-07-29;-4.75;-40.75;6.533265590667725
2026-07-29;-4.75;-40.25;11.84180927276611
2026-07-29;-4.75;-39.75;14.7071361541748
2026-07-29;-4.75;-39.25;9.880952835083008
2026-07-29;-4.75;-38.75;3.041418075561523
2026-07-29;-4.75;-38.25;0.4764167368412018
2026-07-29;-4.75;-37.75;0.0
2026-07-29;-4.75;-37.25;0.0
2026-07-29;-4.25;-41.25;0.4701150357723236
2026-07-29;-4.25;-40.75;1.94373607635498
2026-07-29;-4.25;-40.25;5.516777515411377
2026-07-29;-4.25;-39.75;7.709487438201904
2026-07-29;-4.25;-39.25;4.214992523193359
2026-07-29;-4.25;-38.75;0.8706547021865845
2026-07-29;-4.25;-38.25;3.800860643386841
2026-07-29;-4.25;-37.75;2.883545160293579
2026-07-29;-4.25;-37.25;
2026-07-29;-3.75;-41.25;0.0
2026-07-29;-3.75;-40.75;0.3054401874542236
2026-07-29;-3.75;-40.25;1.104865908622742
2026-07-29;-3.75;-39.75;1.308667182922363
2026-07-29;-3.75;-39.25;4.216907501220703
2026-07-29;-3.75;-38.75;6.091004371643066
2026-07-29;-3.75;-38.25;6.774022102355957
2026-07-29;-3.75;-37.75;
2026-07-29;-3.75;-37.25;
2026-07-29;-3.25;-41.25;0.0
2026-07-29;-3.25;-40.75;0.0
2026-07-29;-3.25;-40.25;0.0
2026-07-29;-3.25;-39.75;0.7388066649436951
2026-07-29;-3.25;-39.25;4.536636829376221
2026-07-29;-3.25;-38.75;6.086961269378662
2026-07-29;-3.25;-38.25;
2026-07-29;-3.25;-37.75;
2026-07-29;-3.25;-37.25;
2026-07-29;-2.75;-41.25;0.0
2026-07-29;-2.75;-40.75;0.0
2026-07-29;-2.75;-40.25;0.0
2026-07-29;-2.75;-39.75;1.760785460472107
2026-07-29;-2.75;-39.25;
2026-07-29;-2.75;-38.75;
2026-07-29;-2.75;-38.25;
2026-07-29;-2.75;-37.75;
2026-07-29;-2.75;-37.25;
2026-07-30;-7.75;-41.25;0.0
2026-07-30;-7.75;-40.75;0.0
2026-07-30;-7.75;-40.25;0.0
2026-07-30;-7.75;-39.75;0.0
2026-07-30;-7.75;-39.25;0.0
2026-07-30;-7.75;-38.75;0.0
2026-07-30;-7.75;-38.25;0.0
2026-07-30;-7.75;-37.75;0.0
2026-07-30;-7.75;-37.25;0.0
2026-07-30;-7.25;-41.25;0.0
2026-07-30;-7.25;-40.75;0.0
2026-07-30;-7.25;-40.25;0.0
2026-07-30;-7.25;-39.75;0.0
2026-07-30;-7.25;-39.25;0.0
2026-07-30;-7.25;-38.75;0.0
2026-07-30;-7.25;-38.25;0.0
2026-07-30;-7.25;-37.75;0.0
2026-07-30;-7.25;-37.25;0.0
2026-07-30;-6.75;-41.25;0.0
2026-07-30;-6.75;-40.75;0.0
2026-07-30;-6.75;-40.25;0.0
2026-07-30;-6.75;-39.75;0.0
2026-07-30;-6.75;-39.25;0.0
2026-07-30;-6.75;-38.75;0.0
2026-07-30;-6.75;-38.25;0.0
2026-07-30;-6.75;-37.75;0.0
2026-07-30;-6.75;-37.25;0.0
2026-07-30;-6.25;-41.25;0.0
2026-07-30;-6.25;-40.75;0.0
2026-07-30;-6.25;-40.25;0.0
2026-07-30;-6.25;-39.75;0.0
2026-07-30;-6.25;-39.25;0.0
2026-07-30;-6.25;-38.75;0.0
2026-07-30;-6.25;-38.25;0.0
2026-07-30;-6.25;-37.75;0.0
2026-07-30;-6.25;-37.25;0.0
2026-07-30;-5.75;-41.25;0.0
2026-07-30;-5.75;-40.75;0.0
2026-07-30;-5.75;-40.25;0.0
2026-07-30;-5.75;-39.75;0.0
2026-07-30;-5.75;-39.25;0.0
2026-07-30;-5.75;-38.75;0.0
2026-07-30;-5.75;-38.25;0.0
2026-07-30;-5.75;-37.75;0.0
2026-07-30;-5.75;-37.25;0.0
2026-07-30;-5.25;-41.25;0.0
2026-07-30;-5.25;-40.75;0.0
2026-07-30;-5.25;-40.25;0.0
2026-07-30;-5.25;-39.75;0.0
2026-07-30;-5.25;-39.25;0.0
2026-07-30;-5.25;-38.75;0.0
2026-07-30;-5.25;-38.25;0.0
2026-07-30;-5.25;-37.75;0.0
2026-07-30;-5.25;-37.25;0.0
2026-07-30;-4.75;-41.25;0.0
2026-07-30;-4.75;-40.75;0.0
2026-07-30;-4.75;-40.25;0.0
2026-07-30;-4.75;-39.75;0.0
2026-07-30;-4.75;-39.25;0.0
2026-07-30;-4.75;-38.75;0.0
2026-07-30;-4.75;-38.25;0.0
2026-07-30;-4.75;-37.75;0.0
2026-07-30;-4.75;-37.25;0.0
2026-07-30;-4.25;-41.25;0.0
2026-07-30;-4.25;-40.75;0.0
2026-07-30;-4.25;-40.25;0.0
2026-07-30;-4.25;-39.75;0.0
2026-07-30;-4.25;-39.25;0.0
2026-07-30;-4.25;-38.75;0.0
2026-07-30;-4.25;-38.25;0.2633471488952637
2026-07-30;-4.25;-37.75;0.0
2026-07-30;-4.25;-37.25;
2026-07-30;-3.75;-41.25;0.0
2026-07-30;-3.75;-40.75;0.0
2026-07-30;-3.75;-40.25;0.0
2026-07-30;-3.75;-39.75;0.0
2026-07-30;-3.75;-39.25;0.0
2026-07-30;-3.75;-38.75;0.5300731658935547
2026-07-30;-3.75;-38.25;0.7901908159255981
2026-07-30;-3.75;-37.75;
2026-07-30;-3.75;-37.25;
2026-07-30;-3.25;-41.25;0.0
2026-07-30;-3.25;-40.75;0.0
2026-07-30;-3.25;-40.25;0.0
2026-07-30;-3.25;-39.75;0.0
2026-07-30;-3.25;-39.25;0.0
2026-07-30;-3.25;-38.75;0.3716166019439697
2026-07-30;-3.25;-38.25;
2026-07-30;-3.25;-37.75;
2026-07-30;-3.25;-37.25;
2026-07-30;-2.75;-41.25;0.0
2026-07-30;-2.75;-40.75;0.0
2026-07-30;-2.75;-40.25;0.0
2026-07-30;-2.75;-39.75;0.0
2026-07-30;-2.75;-39.25;
2026-07-30;-2.75;-38.75;
2026-07-30;-2.75;-38.25;
2026-07-30;-2.75;-37.75;
2026-07-30;-2.75;-37.25;
2026-07-31;-7.75;-41.25;0.0
2026-07-31;-7.75;-40.75;0.0
2026-07-31;-7.75;-40.25;0.0
2026-07-31;-7.75;-39.75;0.0
2026-07-31;-7.75;-39.25;0.0
2026-07-31;-7.75;-38.75;0.0
2026-07-31;-7.75;-38.25;0.0
2026-07-31;-7.75;-37.75;0.0
2026-07-31;-7.75;-37.25;0.0
2026-07-31;-7.25;-41.25;0.0
2026-07-31;-7.25;-40.75;0.0
2026-07-31;-7.25;-40.25;0.0
2026-07-31;-7.25;-39.75;0.0
2026-07-31;-7.25;-39.25;0.0
2026-07-31;-7.25;-38.75;0.0
2026-07-31;-7.25;-38.25;0.0
2026-07-31;-7.25;-37.75;0.0
2026-07-31;-7.25;-37.25;0.0
2026-07-31;-6.75;-41.25;0.0
2026-07-31;-6.75;-40.75;0.0
2026-07-31;-6.75;-40.25;0.0
2026-07-31;-6.75;-39.75;0.0
2026-07-31;-6.75;-39.25;0.0
2026-07-31;-6.75;-38.75;0.0
2026-07-31;-6.75;-38.25;0.0
2026-07-31;-6.75;-37.75;0.0
2026-07-31;-6.75;-37.25;0.0
2026-07-31;-6.25;-41.25;0.0
2026-07-31;-6.25;-40.75;0.0
2026-07-31;-6.25;-40.25;0.0
2026-07-31;-6.25;-39.75;0.0
2026-07-31;-6.25;-39.25;0.0
2026-07-31;-6.25;-38.75;0.0
2026-07-31;-6.25;-38.25;0.0
2026-07-31;-6.25;-37.75;0.0
2026-07-31;-6.25;-37.25;0.0
2026-07-31;-5.75;-41.25;0.4400539696216583
2026-07-31;-5.75;-40.75;0.0
2026-07-31;-5.75;-40.25;0.0
2026-07-31;-5.75;-39.75;0.0
2026-07-31;-5.75;-39.25;0.0
2026-07-31;-5.75;-38.75;0.0
2026-07-31;-5.75;-38.25;0.0
2026-07-31;-5.75;-37.75;0.0
2026-07-31;-5.75;-37.25;0.0
2026-07-31;-5.25;-41.25;0.6097368597984314
2026-07-31;-5.25;-40.75;0.0
2026-07-31;-5.25;-40.25;0.0
2026-07-31;-5.25;-39.75;0.0
2026-07-31;-5.25;-39.25;0.0
2026-07-31;-5.25;-38.75;0.0
2026-07-31;-5.25;-38.25;0.0
2026-07-31;-5.25;-37.75;0.0
2026-07-31;-5.25;-37.25;0.0
2026-07-31;-4.75;-41.25;4.296683788299561
2026-07-31;-4.75;-40.75;0.0
2026-07-31;-4.75;-40.25;0.0
2026-07-31;-4.75;-39.75;0.0
2026-07-31;-4.75;-39.25;0.0
2026-07-31;-4.75;-38.75;0.0
2026-07-31;-4.75;-38.25;0.0
2026-07-31;-4.75;-37.75;0.0
2026-07-31;-4.75;-37.25;0.0
2026-07-31;-4.25;-41.25;5.710841178894043
2026-07-31;-4.25;-40.75;0.0
2026-07-31;-4.25;-40.25;0.0
2026-07-31;-4.25;-39.75;0.0
2026-07-31;-4.25;-39.25;0.0
2026-07-31;-4.25;-38.75;0.0
2026-07-31;-4.25;-38.25;0.0
2026-07-31;-4.25;-37.75;0.0
2026-07-31;-4.25;-37.25;
2026-07-31;-3.75;-41.25;0.2864804267883301
2026-07-31;-3.75;-40.75;0.0
2026-07-31;-3.75;-40.25;0.0
2026-07-31;-3.75;-39.75;0.0
2026-07-31;-3.75;-39.25;0.0
2026-07-31;-3.75;-38.75;0.0
2026-07-31;-3.75;-38.25;0.0
2026-07-31;-3.75;-37.75;
2026-07-31;-3.75;-37.25;
2026-07-31;-3.25;-41.25;0.0
2026-07-31;-3.25;-40.75;0.0
2026-07-31;-3.25;-40.25;0.0
2026-07-31;-3.25;-39.75;0.0
2026-07-31;-3.25;-39.25;0.0
2026-07-31;-3.25;-38.75;0.0
2026-07-31;-3.25;-38.25;
2026-07-31;-3.25;-37.75;
2026-07-31;-3.25;-37.25;
2026-07-31;-2.75;-41.25;0.0
2026-07-31;-2.75;-40.75;0.0
2026-07-31;-2.75;-40.25;0.0
2026-07-31;-2.75;-39.75;0.0
2026-07-31;-2.75;-39.25;
2026-07-31;-2.75;-38.75;
2026-07-31;-2.75;-38.25;
2026-07-31;-2.75;-37.75;
2026-07-31;-2.75;-37.25;
2026-08-01;-7.75;-41.25;0.0
2026-08-01;-7.75;-40.75;0.2027941644191742
2026-08-01;-7.75;-40.25;4.4500732421875
2026-08-01;-7.75;-39.75;7.359288692474365
2026-08-01;-7.75;-39.25;2.904314517974854
2026-08-01;-7.75;-38.75;0.9542368650436401
2026-08-01;-7.75;-38.25;0.0
2026-08-01;-7.75;-37.75;0.0
2026-08-01;-7.75;-37.25;0.324332982301712
2026-08-01;-7.25;-41.25;0.0
2026-08-01;-7.25;-40.75;0.0
2026-08-01;-7.25;-40.25;0.0
2026-08-01;-7.25;-39.75;0.0
2026-08-01;-7.25;-39.25;0.0
2026-08-01;-7.25;-38.75;0.0
2026-08-01;-7.25;-38.25;0.0
2026-08-01;-7.25;-37.75;0.0
2026-08-01;-7.25;-37.25;0.0
2026-08-01;-6.75;-41.25;0.0
2026-08-01;-6.75;-40.75;0.0
2026-08-01;-6.75;-40.25;0.0
2026-08-01;-6.75;-39.75;0.0
2026-08-01;-6.75;-39.25;0.0
2026-08-01;-6.75;-38.75;0.0
2026-08-01;-6.75;-38.25;0.0
2026-08-01;-6.75;-37.75;0.0
2026-08-01;-6.75;-37.25;0.0
2026-08-01;-6.25;-41.25;0.0
2026-08-01;-6.25;-40.75;0.0
2026-08-01;-6.25;-40.25;0.0
2026-08-01;-6.25;-39.75;0.0
2026-08-01;-6.25;-39.25;0.0
2026-08-01;-6.25;-38.75;0.0
2026-08-01;-6.25;-38.25;0.0
2026-08-01;-6.25;-37.75;0.0
2026-08-01;-6.25;-37.25;0.0
2026-08-01;-5.75;-41.25;0.0
2026-08-01;-5.75;-40.75;0.0
2026-08-01;-5.75;-40.25;0.0
2026-08-01;-5.75;-39.75;0.0
2026-08-01;-5.75;-39.25;0.0
2026-08-01;-5.75;-38.75;0.0
2026-08-01;-5.75;-38.25;0.0
2026-08-01;-5.75;-37.75;0.0
2026-08-01;-5.75;-37.25;0.0
2026-08-01;-5.25;-41.25;0.0
2026-08-01;-5.25;-40.75;0.0
2026-08-01;-5.25;-40.25;0.0
2026-08-01;-5.25;-39.75;0.0
2026-08-01;-5.25;-39.25;0.0
2026-08-01;-5.25;-38.75;0.0
2026-08-01;-5.25;-38.25;0.0
2026-08-01;-5.25;-37.75;0.0
2026-08-01;-5.25;-37.25;0.0
2026-08-01;-4.75;-41.25;0.0
2026-08-01;-4.75;-40.75;0.0
2026-08-01;-4.75;-40.25;0.0
2026-08-01;-4.75;-39.75;0.0
2026-08-01;-4.75;-39.25;0.0
2026-08-01;-4.75;-38.75;0.0
2026-08-01;-4.75;-38.25;0.0
2026-08-01;-4.75;-37.75;0.0
2026-08-01;-4.75;-37.25;0.0
2026-08-01;-4.25;-41.25;0.0
2026-08-01;-4.25;-40.75;0.0
2026-08-01;-4.25;-40.25;0.0
2026-08-01;-4.25;-39.75;0.0
2026-08-01;-4.25;-39.25;0.0
2026-08-01;-4.25;-38.75;0.0
2026-08-01;-4.25;-38.25;0.0
2026-08-01;-4.25;-37.75;0.0
2026-08-01;-4.25;-37.25;
2026-08-01;-3.75;-41.25;0.0
2026-08-01;-3.75;-40.75;0.0
2026-08-01;-3.75;-40.25;0.0
2026-08-01;-3.75;-39.75;0.0
2026-08-01;-3.75;-39.25;0.0
2026-08-01;-3.75;-38.75;0.0
2026-08-01;-3.75;-38.25;0.0
2026-08-01;-3.75;-37.75;
2026-08-01;-3.75;-37.25;
2026-08-01;-3.25;-41.25;0.0
2026-08-01;-3.25;-40.75;0.0
2026-08-01;-3.25;-40.25;0.0
2026-08-01;-3.25;-39.75;0.0
2026-08-01;-3.25;-39.25;0.0
2026-08-01;-3.25;-38.75;0.0
2026-08-01;-3.25;-38.25;
2026-08-01;-3.25;-37.75;
2026-08-01;-3.25;-37.25;
2026-08-01;-2.75;-41.25;0.0
2026-08-01;-2.75;-40.75;0.0
2026-08-01;-2.75;-40.25;0.0
2026-08-01;-2.75;-39.75;0.0
2026-08-01;-2.75;-39.25;
2026-08-01;-2.75;-38.75;
2026-08-01;-2.75;-38.25;
2026-08-01;-2.75;-37.75;
2026-08-01;-2.75;-37.25;
2026-08-02;-7.75;-41.25;0.0
2026-08-02;-7.75;-40.75;5.482813358306885
2026-08-02;-7.75;-40.25;14.24436950683594
2026-08-02;-7.75;-39.75;10.84149837493896
2026-08-02;-7.75;-39.25;2.797582149505615
2026-08-02;-7.75;-38.75;0.3565047085285187
2026-08-02;-7.75;-38.25;0.0
2026-08-02;-7.75;-37.75;0.0
2026-08-02;-7.75;-37.25;0.0
2026-08-02;-7.25;-41.25;0.0
2026-08-02;-7.25;-40.75;0.0
2026-08-02;-7.25;-40.25;0.0
2026-08-02;-7.25;-39.75;0.0
2026-08-02;-7.25;-39.25;0.0
2026-08-02;-7.25;-38.75;0.0
2026-08-02;-7.25;-38.25;0.0
2026-08-02;-7.25;-37.75;0.0
2026-08-02;-7.25;-37.25;0.0
2026-08-02;-6.75;-41.25;0.0
2026-08-02;-6.75;-40.75;0.0
2026-08-02;-6.75;-40.25;0.0
2026-08-02;-6.75;-39.75;0.0
2026-08-02;-6.75;-39.25;0.0
2026-08-02;-6.75;-38.75;0.0
2026-08-02;-6.75;-38.25;0.0
2026-08-02;-6.75;-37.75;0.0
2026-08-02;-6.75;-37.25;0.0
2026-08-02;-6.25;-41.25;0.0
2026-08-02;-6.25;-40.75;0.0
2026-08-02;-6.25;-40.25;0.0
2026-08-02;-6.25;-39.75;0.0
2026-08-02;-6.25;-39.25;0.0
2026-08-02;-6.25;-38.75;0.3999398350715637
2026-08-02;-6.25;-38.25;0.6043481230735779
2026-08-02;-6.25;-37.75;0.0
2026-08-02;-6.25;-37.25;0.0
2026-08-02;-5.75;-41.25;0.0
2026-08-02;-5.75;-40.75;0.0
2026-08-02;-5.75;-40.25;0.0
2026-08-02;-5.75;-39.75;0.0
2026-08-02;-5.75;-39.25;0.0
2026-08-02;-5.75;-38.75;1.019691348075867
2026-08-02;-5.75;-38.25;0.4466978013515472
2026-08-02;-5.75;-37.75;0.0
2026-08-02;-5.75;-37.25;0.0
2026-08-02;-5.25;-41.25;0.0
2026-08-02;-5.25;-40.75;0.0
2026-08-02;-5.25;-40.25;0.0
2026-08-02;-5.25;-39.75;0.0
2026-08-02;-5.25;-39.25;0.0
2026-08-02;-5.25;-38.75;0.0
2026-08-02;-5.25;-38.25;0.0
2026-08-02;-5.25;-37.75;0.0
2026-08-02;-5.25;-37.25;0.0
2026-08-02;-4.75;-41.25;0.0
2026-08-02;-4.75;-40.75;0.0
2026-08-02;-4.75;-40.25;0.0
2026-08-02;-4.75;-39.75;0.0
2026-08-02;-4.75;-39.25;0.0
2026-08-02;-4.75;-38.75;0.0
2026-08-02;-4.75;-38.25;0.0
2026-08-02;-4.75;-37.75;0.0
2026-08-02;-4.75;-37.25;0.0
2026-08-02;-4.25;-41.25;0.0
2026-08-02;-4.25;-40.75;0.0
2026-08-02;-4.25;-40.25;0.0
2026-08-02;-4.25;-39.75;0.0
2026-08-02;-4.25;-39.25;0.0
2026-08-02;-4.25;-38.75;0.0
2026-08-02;-4.25;-38.25;0.0
2026-08-02;-4.25;-37.75;0.0
2026-08-02;-4.25;-37.25;
2026-08-02;-3.75;-41.25;0.0
2026-08-02;-3.75;-40.75;0.0
2026-08-02;-3.75;-40.25;0.0
2026-08-02;-3.75;-39.75;0.0
2026-08-02;-3.75;-39.25;0.0
2026-08-02;-3.75;-38.75;0.0
2026-08-02;-3.75;-38.25;0.0
2026-08-02;-3.75;-37.75;
2026-08-02;-3.75;-37.25;
2026-08-02;-3.25;-41.25;0.0
2026-08-02;-3.25;-40.75;0.0
2026-08-02;-3.25;-40.25;0.0
2026-08-02;-3.25;-39.75;0.0
2026-08-02;-3.25;-39.25;0.0
2026-08-02;-3.25;-38.75;0.0
2026-08-02;-3.25;-38.25;
2026-08-02;-3.25;-37.75;
2026-08-02;-3.25;-37.25;
2026-08-02;-2.75;-41.25;0.0
2026-08-02;-2.75;-40.75;0.0
2026-08-02;-2.75;-40.25;0.0
2026-08-02;-2.75;-39.75;0.0
2026-08-02;-2.75;-39.25;
2026-08-02;-2.75;-38.75;
2026-08-02;-2.75;-38.25;
2026-08-02;-2.75;-37.75;
2026-08-02;-2.75;-37.25;
2026-08-03;-7.75;-41.25;1.148914575576782
2026-08-03;-7.75;-40.75;13.13674736022949
2026-08-03;-7.75;-40.25;32.01194000244141
2026-08-03;-7.75;-39.75;26.06688117980957
2026-08-03;-7.75;-39.25;2.931982278823853
2026-08-03;-7.75;-38.75;0.0
2026-08-03;-7.75;-38.25;0.0
2026-08-03;-7.75;-37.75;0.0
2026-08-03;-7.75;-37.25;0.0
2026-08-03;-7.25;-41.25;1.68755030632019
2026-08-03;-7.25;-40.75;14.26286888122559
2026-08-03;-7.25;-40.25;22.4009895324707
2026-08-03;-7.25;-39.75;9.65157699584961
2026-08-03;-7.25;-39.25;0.323994904756546
2026-08-03;-7.25;-38.75;0.0
2026-08-03;-7.25;-38.25;0.0
2026-08-03;-7.25;-37.75;0.0
2026-08-03;-7.25;-37.25;0.0
2026-08-03;-6.75;-41.25;0.3006416261196136
2026-08-03;-6.75;-40.75;2.799370765686035
2026-08-03;-6.75;-40.25;1.930236339569092
2026-08-03;-6.75;-39.75;0.0
2026-08-03;-6.75;-39.25;0.0
2026-08-03;-6.75;-38.75;0.0
2026-08-03;-6.75;-38.25;0.0
2026-08-03;-6.75;-37.75;0.0
2026-08-03;-6.75;-37.25;0.0
2026-08-03;-6.25;-41.25;0.0
2026-08-03;-6.25;-40.75;0.0
2026-08-03;-6.25;-40.25;0.0
2026-08-03;-6.25;-39.75;0.0
2026-08-03;-6.25;-39.25;0.0
2026-08-03;-6.25;-38.75;0.0
2026-08-03;-6.25;-38.25;0.0
2026-08-03;-6.25;-37.75;0.0
2026-08-03;-6.25;-37.25;0.0
2026-08-03;-5.75;-41.25;0.0
2026-08-03;-5.75;-40.75;0.0
2026-08-03;-5.75;-40.25;0.0
2026-08-03;-5.75;-39.75;0.0
2026-08-03;-5.75;-39.25;0.0
2026-08-03;-5.75;-38.75;0.0
2026-08-03;-5.75;-38.25;0.0
2026-08-03;-5.75;-37.75;0.0
2026-08-03;-5.75;-37.25;0.0
2026-08-03;-5.25;-41.25;0.0
2026-08-03;-5.25;-40.75;0.0
2026-08-03;-5.25;-40.25;0.0
2026-08-03;-5.25;-39.75;0.0
2026-08-03;-5.25;-39.25;0.0
2026-08-03;-5.25;-38.75;0.0
2026-08-03;-5.25;-38.25;0.0
2026-08-03;-5.25;-37.75;0.0
2026-08-03;-5.25;-37.25;0.0
2026-08-03;-4.75;-41.25;0.0
2026-08-03;-4.75;-40.75;0.0
2026-08-03;-4.75;-40.25;0.0
2026-08-03;-4.75;-39.75;0.0
2026-08-03;-4.75;-39.25;0.0
2026-08-03;-4.75;-38.75;0.0
2026-08-03;-4.75;-38.25;0.0
2026-08-03;-4.75;-37.75;0.0
2026-08-03;-4.75;-37.25;0.0
2026-08-03;-4.25;-41.25;0.0
2026-08-03;-4.25;-40.75;0.0
2026-08-03;-4.25;-40.25;0.0
2026-08-03;-4.25;-39.75;0.0
2026-08-03;-4.25;-39.25;0.0
2026-08-03;-4.25;-38.75;0.0
2026-08-03;-4.25;-38.25;0.0
2026-08-03;-4.25;-37.75;0.0
2026-08-03;-4.25;-37.25;
2026-08-03;-3.75;-41.25;0.0
2026-08-03;-3.75;-40.75;0.0
2026-08-03;-3.75;-40.25;0.0
2026-08-03;-3.75;-39.75;0.0
2026-08-03;-3.75;-39.25;0.0
2026-08-03;-3.75;-38.75;0.0
2026-08-03;-3.75;-38.25;0.0
2026-08-03;-3.75;-37.75;
2026-08-03;-3.75;-37.25;
2026-08-03;-3.25;-41.25;0.0
2026-08-03;-3.25;-40.75;0.0
2026-08-03;-3.25;-40.25;0.0
2026-08-03;-3.25;-39.75;0.0
2026-08-03;-3.25;-39.25;0.0
2026-08-03;-3.25;-38.75;0.0
2026-08-03;-3.25;-38.25;
2026-08-03;-3.25;-37.75;
2026-08-03;-3.25;-37.25;
2026-08-03;-2.75;-41.25;0.0
2026-08-03;-2.75;-40.75;0.0
2026-08-03;-2.75;-40.25;0.0
2026-08-03;-2.75;-39.75;0.0
2026-08-03;-2.75;-39.25;
2026-08-03;-2.75;-38.75;
2026-08-03;-2.75;-38.25;
2026-08-03;-2.75;-37.75;
2026-08-03;-2.75;-37.25;
2026-08-04;-7.75;-41.25;0.0
2026-08-04;-7.75;-40.75;0.0
2026-08-04;-7.75;-40.25;0.0
2026-08-04;-7.75;-39.75;0.4368248879909515
2026-08-04;-7.75;-39.25;0.2136519849300385
2026-08-04;-7.75;-38.75;0.0
2026-08-04;-7.75;-38.25;0.2812958061695099
2026-08-04;-7.75;-37.75;24.96623611450195
2026-08-04;-7.75;-37.25;48.12385177612305
2026-08-04;-7.25;-41.25;0.0
2026-08-04;-7.25;-40.75;0.0
2026-08-04;-7.25;-40.25;0.0
2026-08-04;-7.25;-39.75;0.0
2026-08-04;-7.25;-39.25;0.0
2026-08-04;-7.25;-38.75;0.0
2026-08-04;-7.25;-38.25;0.0
2026-08-04;-7.25;-37.75;0.7148258090019226
2026-08-04;-7.25;-37.25;9.144394874572754
2026-08-04;-6.75;-41.25;0.0
2026-08-04;-6.75;-40.75;0.0
2026-08-04;-6.75;-40.25;0.0
2026-08-04;-6.75;-39.75;0.0
2026-08-04;-6.75;-39.25;0.3371899724006653
2026-08-04;-6.75;-38.75;0.4914947152137756
2026-08-04;-6.75;-38.25;0.7058733701705933
2026-08-04;-6.75;-37.75;0.0
2026-08-04;-6.75;-37.25;0.0
2026-08-04;-6.25;-41.25;0.0
2026-08-04;-6.25;-40.75;0.0
2026-08-04;-6.25;-40.25;0.0
2026-08-04;-6.25;-39.75;0.0
2026-08-04;-6.25;-39.25;0.0
2026-08-04;-6.25;-38.75;0.0
2026-08-04;-6.25;-38.25;0.4351975619792938
2026-08-04;-6.25;-37.75;0.4234117567539215
2026-08-04;-6.25;-37.25;0.8434851765632629
2026-08-04;-5.75;-41.25;0.0
2026-08-04;-5.75;-40.75;0.0
2026-08-04;-5.75;-40.25;0.0
2026-08-04;-5.75;-39.75;0.0
2026-08-04;-5.75;-39.25;0.0
2026-08-04;-5.75;-38.75;0.0
2026-08-04;-5.75;-38.25;0.0
2026-08-04;-5.75;-37.75;0.5958807468414307
2026-08-04;-5.75;-37.25;0.9052313566207886
2026-08-04;-5.25;-41.25;0.0
2026-08-04;-5.25;-40.75;0.0
2026-08-04;-5.25;-40.25;0.0
2026-08-04;-5.25;-39.75;0.0
2026-08-04;-5.25;-39.25;0.0
2026-08-04;-5.25;-38.75;0.0
2026-08-04;-5.25;-38.25;0.0
2026-08-04;-5.25;-37.75;0.0
2026-08-04;-5.25;-37.25;0.0
2026-08-04;-4.75;-41.25;0.0
2026-08-04;-4.75;-40.75;0.0
2026-08-04;-4.75;-40.25;0.0
2026-08-04;-4.75;-39.75;0.0
2026-08-04;-4.75;-39.25;0.0
2026-08-04;-4.75;-38.75;0.0
2026-08-04;-4.75;-38.25;0.0
2026-08-04;-4.75;-37.75;0.0
2026-08-04;-4.75;-37.25;0.0
2026-08-04;-4.25;-41.25;0.0
2026-08-04;-4.25;-40.75;0.0
2026-08-04;-4.25;-40.25;0.0
2026-08-04;-4.25;-39.75;0.0
2026-08-04;-4.25;-39.25;0.0
2026-08-04;-4.25;-38.75;0.0
2026-08-04;-4.25;-38.25;0.0
2026-08-04;-4.25;-37.75;0.0
2026-08-04;-4.25;-37.25;
2026-08-04;-3.75;-41.25;0.0
2026-08-04;-3.75;-40.75;0.0
2026-08-04;-3.75;-40.25;0.0
2026-08-04;-3.75;-39.75;0.0
2026-08-04;-3.75;-39.25;0.0
2026-08-04;-3.75;-38.75;0.0
2026-08-04;-3.75;-38.25;0.0
2026-08-04;-3.75;-37.75;
2026-08-04;-3.75;-37.25;
2026-08-04;-3.25;-41.25;0.0
2026-08-04;-3.25;-40.75;0.0
2026-08-04;-3.25;-40.25;0.0
2026-08-04;-3.25;-39.75;0.0
2026-08-04;-3.25;-39.25;0.0
2026-08-04;-3.25;-38.75;0.0
2026-08-04;-3.25;-38.25;
2026-08-04;-3.25;-37.75;
2026-08-04;-3.25;-37.25;
2026-08-04;-2.75;-41.25;0.0
2026-08-04;-2.75;-40.75;0.0
2026-08-04;-2.75;-40.25;0.0
2026-08-04;-2.75;-39.75;0.0
2026-08-04;-2.75;-39.25;
2026-08-04;-2.75;-38.75;
2026-08-04;-2.75;-38.25;
2026-08-04;-2.75;-37.75;
2026-08-04;-2.75;-37.25;
2026-08-05;-7.75;-41.25;0.0
2026-08-05;-7.75;-40.75;0.0
2026-08-05;-7.75;-40.25;0.0
2026-08-05;-7.75;-39.75;0.9342997074127197
2026-08-05;-7.75;-39.25;0.407795250415802
2026-08-05;-7.75;-38.75;0.0
2026-08-05;-7.75;-38.25;2.311877727508545
2026-08-05;-7.75;-37.75;10.63513469696045
2026-08-05;-7.75;-37.25;6.796121597290039
2026-08-05;-7.25;-41.25;0.0
2026-08-05;-7.25;-40.75;0.0
2026-08-05;-7.25;-40.25;0.0
2026-08-05;-7.25;-39.75;0.0
2026-08-05;-7.25;-39.25;0.0
2026-08-05;-7.25;-38.75;0.0
2026-08-05;-7.25;-38.25;11.83719635009766
2026-08-05;-7.25;-37.75;71.17372131347656
2026-08-05;-7.25;-37.25;11.95198440551758
2026-08-05;-6.75;-41.25;0.0
2026-08-05;-6.75;-40.75;0.0
2026-08-05;-6.75;-40.25;0.0
2026-08-05;-6.75;-39.75;0.0
2026-08-05;-6.75;-39.25;0.0
2026-08-05;-6.75;-38.75;0.0
2026-08-05;-6.75;-38.25;27.43831443786621
2026-08-05;-6.75;-37.75;56.29460525512695
2026-08-05;-6.75;-37.25;3.6246178150177
2026-08-05;-6.25;-41.25;0.0
2026-08-05;-6.25;-40.75;0.0
2026-08-05;-6.25;-40.25;0.0
2026-08-05;-6.25;-39.75;0.0
2026-08-05;-6.25;-39.25;0.0
2026-08-05;-6.25;-38.75;0.0
2026-08-05;-6.25;-38.25;4.908911228179932
2026-08-05;-6.25;-37.75;9.037267684936523
2026-08-05;-6.25;-37.25;14.26966667175293
2026-08-05;-5.75;-41.25;0.0
2026-08-05;-5.75;-40.75;0.0
2026-08-05;-5.75;-40.25;0.0
2026-08-05;-5.75;-39.75;0.0
2026-08-05;-5.75;-39.25;0.0
2026-08-05;-5.75;-38.75;0.0
2026-08-05;-5.75;-38.25;0.0
2026-08-05;-5.75;-37.75;8.06059741973877
2026-08-05;-5.75;-37.25;19.78439331054688
2026-08-05;-5.25;-41.25;0.0
2026-08-05;-5.25;-40.75;0.0
2026-08-05;-5.25;-40.25;0.0
2026-08-05;-5.25;-39.75;0.0
2026-08-05;-5.25;-39.25;0.0
2026-08-05;-5.25;-38.75;0.0
2026-08-05;-5.25;-38.25;0.390002578496933
2026-08-05;-5.25;-37.75;3.039458990097046
2026-08-05;-5.25;-37.25;8.264625549316406
2026-08-05;-4.75;-41.25;0.0
2026-08-05;-4.75;-40.75;0.0
2026-08-05;-4.75;-40.25;0.0
2026-08-05;-4.75;-39.75;0.0
2026-08-05;-4.75;-39.25;0.0
2026-08-05;-4.75;-38.75;0.2030582875013351
2026-08-05;-4.75;-38.25;0.9397367238998413
2026-08-05;-4.75;-37.75;0.2937440276145935
2026-08-05;-4.75;-37.25;0.837011456489563
2026-08-05;-4.25;-41.25;0.0
2026-08-05;-4.25;-40.75;0.0
2026-08-05;-4.25;-40.25;0.0
2026-08-05;-4.25;-39.75;0.0
2026-08-05;-4.25;-39.25;0.0
2026-08-05;-4.25;-38.75;0.0
2026-08-05;-4.25;-38.25;0.0
2026-08-05;-4.25;-37.75;0.0
2026-08-05;-4.25;-37.25;
2026-08-05;-3.75;-41.25;0.0
2026-08-05;-3.75;-40.75;0.0
2026-08-05;-3.75;-40.25;0.0
2026-08-05;-3.75;-39.75;0.0
2026-08-05;-3.75;-39.25;0.0
2026-08-05;-3.75;-38.75;0.0
2026-08-05;-3.75;-38.25;0.0
2026-08-05;-3.75;-37.75;
2026-08-05;-3.75;-37.25;
2026-08-05;-3.25;-41.25;0.0
2026-08-05;-3.25;-40.75;0.0
2026-08-05;-3.25;-40.25;0.0
2026-08-05;-3.25;-39.75;0.0
2026-08-05;-3.25;-39.25;0.0
2026-08-05;-3.25;-38.75;0.0
2026-08-05;-3.25;-38.25;
2026-08-05;-3.25;-37.75;
2026-08-05;-3.25;-37.25;
2026-08-05;-2.75;-41.25;0.0
2026-08-05;-2.75;-40.75;0.0
2026-08-05;-2.75;-40.25;0.0
2026-08-05;-2.75;-39.75;0.0
2026-08-05;-2.75;-39.25;
2026-08-05;-2.75;-38.75;
2026-08-05;-2.75;-38.25;
2026-08-05;-2.75;-37.75;
2026-08-05;-2.75;-37.25;
2026-08-06;-7.75;-41.25;0.0
2026-08-06;-7.75;-40.75;0.0
2026-08-06;-7.75;-40.25;0.0
2026-08-06;-7.75;-39.75;0.3740349113941193
2026-08-06;-7.75;-39.25;0.0
2026-08-06;-7.75;-38.75;0.0
2026-08-06;-7.75;-38.25;0.0
2026-08-06;-7.75;-37.75;0.0
2026-08-06;-7.75;-37.25;0.0
2026-08-06;-7.25;-41.25;0.0
2026-08-06;-7.25;-40.75;0.0
2026-08-06;-7.25;-40.25;0.0
2026-08-06;-7.25;-39.75;0.0
2026-08-06;-7.25;-39.25;0.0
2026-08-06;-7.25;-38.75;0.0
2026-08-06;-7.25;-38.25;0.0
2026-08-06;-7.25;-37.75;0.0
2026-08-06;-7.25;-37.25;0.0
2026-08-06;-6.75;-41.25;0.0
2026-08-06;-6.75;-40.75;0.0
2026-08-06;-6.75;-40.25;0.0
2026-08-06;-6.75;-39.75;0.0
2026-08-06;-6.75;-39.25;0.0
2026-08-06;-6.75;-38.75;0.0
2026-08-06;-6.75;-38.25;0.0
2026-08-06;-6.75;-37.75;0.0
2026-08-06;-6.75;-37.25;0.0
2026-08-06;-6.25;-41.25;0.0
2026-08-06;-6.25;-40.75;0.0
2026-08-06;-6.25;-40.25;0.0
2026-08-06;-6.25;-39.75;0.0
2026-08-06;-6.25;-39.25;0.0
2026-08-06;-6.25;-38.75;0.0
2026-08-06;-6.25;-38.25;0.0
2026-08-06;-6.25;-37.75;0.0
2026-08-06;-6.25;-37.25;0.0
2026-08-06;-5.75;-41.25;0.0
2026-08-06;-5.75;-40.75;0.0
2026-08-06;-5.75;-40.25;0.0
2026-08-06;-5.75;-39.75;0.0
2026-08-06;-5.75;-39.25;0.0
2026-08-06;-5.75;-38.75;0.0
2026-08-06;-5.75;-38.25;0.0
2026-08-06;-5.75;-37.75;0.0
2026-08-06;-5.75;-37.25;0.0
2026-08-06;-5.25;-41.25;0.0
2026-08-06;-5.25;-40.75;0.0
2026-08-06;-5.25;-40.25;0.0
2026-08-06;-5.25;-39.75;0.0
2026-08-06;-5.25;-39.25;0.0
2026-08-06;-5.25;-38.75;0.0
2026-08-06;-5.25;-38.25;0.0
2026-08-06;-5.25;-37.75;0.0
2026-08-06;-5.25;-37.25;0.0
2026-08-06;-4.75;-41.25;0.0
2026-08-06;-4.75;-40.75;0.0
2026-08-06;-4.75;-40.25;0.0
2026-08-06;-4.75;-39.75;0.0
2026-08-06;-4.75;-39.25;0.0
2026-08-06;-4.75;-38.75;0.0
2026-08-06;-4.75;-38.25;0.0
2026-08-06;-4.75;-37.75;0.0
2026-08-06;-4.75;-37.25;0.0
2026-08-06;-4.25;-41.25;0.0
2026-08-06;-4.25;-40.75;0.0
2026-08-06;-4.25;-40.25;0.0
2026-08-06;-4.25;-39.75;0.0
2026-08-06;-4.25;-39.25;0.0
2026-08-06;-4.25;-38.75;0.0
2026-08-06;-4.25;-38.25;0.0
2026-08-06;-4.25;-37.75;0.0
2026-08-06;-4.25;-37.25;
2026-08-06;-3.75;-41.25;0.0
2026-08-06;-3.75;-40.75;0.0
2026-08-06;-3.75;-40.25;0.0
2026-08-06;-3.75;-39.75;0.0
2026-08-06;-3.75;-39.25;0.0
2026-08-06;-3.75;-38.75;0.0
2026-08-06;-3.75;-38.25;0.0
2026-08-06;-3.75;-37.75;
2026-08-06;-3.75;-37.25;
2026-08-06;-3.25;-41.25;0.0
2026-08-06;-3.25;-40.75;0.0
2026-08-06;-3.25;-40.25;0.0
2026-08-06;-3.25;-39.75;0.0
2026-08-06;-3.25;-39.25;0.0
2026-08-06;-3.25;-38.75;0.0
2026-08-06;-3.25;-38.25;
2026-08-06;-3.25;-37.75;
2026-08-06;-3.25;-37.25;
2026-08-06;-2.75;-41.25;0.0
2026-08-06;-2.75;-40.75;0.0
2026-08-06;-2.75;-40.25;0.0
2026-08-06;-2.75;-39.75;0.0
2026-08-06;-2.75;-39.25;
2026-08-06;-2.75;-38.75;
2026-08-06;-2.75;-38.25;
2026-08-06;-2.75;-37.75;
2026-08-06;-2.75;-37.25;
2026-08-07;-7.75;-41.25;0.0
2026-08-07;-7.75;-40.75;0.0
2026-08-07;-7.75;-40.25;0.0
2026-08-07;-7.75;-39.75;1.03590452671051
2026-08-07;-7.75;-39.25;0.4409946799278259
2026-08-07;-7.75;-38.75;0.0
2026-08-07;-7.75;-38.25;0.0
2026-08-07;-7.75;-37.75;0.0
2026-08-07;-7.75;-37.25;0.0
2026-08-07;-7.25;-41.25;0.0
2026-08-07;-7.25;-40.75;0.0
2026-08-07;-7.25;-40.25;0.0
2026-08-07;-7.25;-39.75;0.0
2026-08-07;-7.25;-39.25;0.0
2026-08-07;-7.25;-38.75;0.0
2026-08-07;-7.25;-38.25;0.0
2026-08-07;-7.25;-37.75;0.0
2026-08-07;-7.25;-37.25;0.0
2026-08-07;-6.75;-41.25;0.0
2026-08-07;-6.75;-40.75;0.0
2026-08-07;-6.75;-40.25;0.0
2026-08-07;-6.75;-39.75;0.0
2026-08-07;-6.75;-39.25;0.0
2026-08-07;-6.75;-38.75;0.0
2026-08-07;-6.75;-38.25;0.0
2026-08-07;-6.75;-37.75;0.0
2026-08-07;-6.75;-37.25;0.0
2026-08-07;-6.25;-41.25;0.0
2026-08-07;-6.25;-40.75;0.0
2026-08-07;-6.25;-40.25;0.0
2026-08-07;-6.25;-39.75;0.0
2026-08-07;-6.25;-39.25;0.0
2026-08-07;-6.25;-38.75;0.0
2026-08-07;-6.25;-38.25;0.0
2026-08-07;-6.25;-37.75;0.0
2026-08-07;-6.25;-37.25;0.0
2026-08-07;-5.75;-41.25;0.0
2026-08-07;-5.75;-40.75;0.0
2026-08-07;-5.75;-40.25;0.0
2026-08-07;-5.75;-39.75;0.0
2026-08-07;-5.75;-39.25;0.0
2026-08-07;-5.75;-38.75;0.0
2026-08-07;-5.75;-38.25;0.0
2026-08-07;-5.75;-37.75;0.0
2026-08-07;-5.75;-37.25;0.0
2026-08-07;-5.25;-41.25;0.0
2026-08-07;-5.25;-40.75;0.0
2026-08-07;-5.25;-40.25;0.0
2026-08-07;-5.25;-39.75;0.0
2026-08-07;-5.25;-39.25;0.0
2026-08-07;-5.25;-38.75;0.0
2026-08-07;-5.25;-38.25;0.0
2026-08-07;-5.25;-37.75;0.0
2026-08-07;-5.25;-37.25;0.0
2026-08-07;-4.75;-41.25;0.0
2026-08-07;-4.75;-40.75;0.0
2026-08-07;-4.75;-40.25;0.0
2026-08-07;-4.75;-39.75;0.0
2026-08-07;-4.75;-39.25;0.0
2026-08-07;-4.75;-38.75;0.0
2026-08-07;-4.75;-38.25;0.0
2026-08-07;-4.75;-37.75;0.0
2026-08-07;-4.75;-37.25;0.0
2026-08-07;-4.25;-41.25;0.0
2026-08-07;-4.25;-40.75;0.0
2026-08-07;-4.25;-40.25;0.0
2026-08-07;-4.25;-39.75;0.0
2026-08-07;-4.25;-39.25;0.0
2026-08-07;-4.25;-38.75;0.0
2026-08-07;-4.25;-38.25;0.0
2026-08-07;-4.25;-37.75;0.0
2026-08-07;-4.25;-37.25;
2026-08-07;-3.75;-41.25;0.0
2026-08-07;-3.75;-40.75;0.0
2026-08-07;-3.75;-40.25;0.0
2026-08-07;-3.75;-39.75;0.0
2026-08-07;-3.75;-39.25;0.0
2026-08-07;-3.75;-38.75;0.0
2026-08-07;-3.75;-38.25;0.0
2026-08-07;-3.75;-37.75;
2026-08-07;-3.75;-37.25;
2026-08-07;-3.25;-41.25;0.0
2026-08-07;-3.25;-40.75;0.0
2026-08-07;-3.25;-40.25;0.0
2026-08-07;-3.25;-39.75;0.0
2026-08-07;-3.25;-39.25;0.0
2026-08-07;-3.25;-38.75;0.0
2026-08-07;-3.25;-38.25;
2026-08-07;-3.25;-37.75;
2026-08-07;-3.25;-37.25;
2026-08-07;-2.75;-41.25;0.0
2026-08-07;-2.75;-40.75;0.0
2026-08-07;-2.75;-40.25;0.0
2026-08-07;-2.75;-39.75;0.0
2026-08-07;-2.75;-39.25;
2026-08-07;-2.75;-38.75;
2026-08-07;-2.75;-38.25;
2026-08-07;-2.75;-37.75;
2026-08-07;-2.75;-37.25;
2026-08-08;-7.75;-41.25;0.0
2026-08-08;-7.75;-40.75;0.0
2026-08-08;-7.75;-40.25;0.0
2026-08-08;-7.75;-39.75;0.7278871536254883
2026-08-08;-7.75;-39.25;0.2703423500061035
2026-08-08;-7.75;-38.75;0.0
2026-08-08;-7.75;-38.25;0.0
2026-08-08;-7.75;-37.75;0.0
2026-08-08;-7.75;-37.25;0.0
2026-08-08;-7.25;-41.25;0.0
2026-08-08;-7.25;-40.75;0.0
2026-08-08;-7.25;-40.25;0.0
2026-08-08;-7.25;-39.75;0.0
2026-08-08;-7.25;-39.25;0.0
2026-08-08;-7.25;-38.75;0.0
2026-08-08;-7.25;-38.25;0.0
2026-08-08;-7.25;-37.75;0.0
2026-08-08;-7.25;-37.25;0.0
2026-08-08;-6.75;-41.25;0.0
2026-08-08;-6.75;-40.75;0.0
2026-08-08;-6.75;-40.25;0.0
2026-08-08;-6.75;-39.75;0.0
2026-08-08;-6.75;-39.25;0.0
2026-08-08;-6.75;-38.75;0.0
2026-08-08;-6.75;-38.25;0.0
2026-08-08;-6.75;-37.75;0.0
2026-08-08;-6.75;-37.25;0.0
2026-08-08;-6.25;-41.25;0.0
2026-08-08;-6.25;-40.75;0.0
2026-08-08;-6.25;-40.25;0.0
2026-08-08;-6.25;-39.75;0.0
2026-08-08;-6.25;-39.25;0.0
2026-08-08;-6.25;-38.75;0.0
2026-08-08;-6.25;-38.25;0.0
2026-08-08;-6.25;-37.75;0.0
2026-08-08;-6.25;-37.25;0.0
2026-08-08;-5.75;-41.25;0.0
2026-08-08;-5.75;-40.75;0.0
2026-08-08;-5.75;-40.25;0.0
2026-08-08;-5.75;-39.75;0.0
2026-08-08;-5.75;-39.25;0.0
2026-08-08;-5.75;-38.75;0.0
2026-08-08;-5.75;-38.25;0.0
2026-08-08;-5.75;-37.75;0.0
2026-08-08;-5.75;-37.25;0.0
2026-08-08;-5.25;-41.25;0.0
2026-08-08;-5.25;-40.75;0.0
2026-08-08;-5.25;-40.25;0.0
2026-08-08;-5.25;-39.75;0.0
2026-08-08;-5.25;-39.25;0.0
2026-08-08;-5.25;-38.75;0.0
2026-08-08;-5.25;-38.25;0.0
2026-08-08;-5.25;-37.75;0.0
2026-08-08;-5.25;-37.25;0.0
2026-08-08;-4.75;-41.25;0.0
2026-08-08;-4.75;-40.75;0.0
2026-08-08;-4.75;-40.25;0.0
2026-08-08;-4.75;-39.75;0.0
2026-08-08;-4.75;-39.25;0.0
2026-08-08;-4.75;-38.75;0.0
2026-08-08;-4.75;-38.25;0.0
2026-08-08;-4.75;-37.75;0.0
2026-08-08;-4.75;-37.25;0.0
2026-08-08;-4.25;-41.25;0.0
2026-08-08;-4.25;-40.75;0.0
2026-08-08;-4.25;-40.25;0.0
2026-08-08;-4.25;-39.75;0.0
2026-08-08;-4.25;-39.25;0.0
2026-08-08;-4.25;-38.75;0.0
2026-08-08;-4.25;-38.25;0.0
2026-08-08;-4.25;-37.75;0.0
2026-08-08;-4.25;-37.25;
2026-08-08;-3.75;-41.25;0.0
2026-08-08;-3.75;-40.75;0.0
2026-08-08;-3.75;-40.25;0.0
2026-08-08;-3.75;-39.75;0.0
2026-08-08;-3.75;-39.25;0.0
2026-08-08;-3.75;-38.75;0.0
2026-08-08;-3.75;-38.25;0.0
2026-08-08;-3.75;-37.75;
2026-08-08;-3.75;-37.25;
2026-08-08;-3.25;-41.25;0.0
2026-08-08;-3.25;-40.75;0.0
2026-08-08;-3.25;-40.25;0.0
2026-08-08;-3.25;-39.75;0.0
2026-08-08;-3.25;-39.25;0.0
2026-08-08;-3.25;-38.75;0.0
2026-08-08;-3.25;-38.25;
2026-08-08;-3.25;-37.75;
2026-08-08;-3.25;-37.25;
2026-08-08;-2.75;-41.25;0.0
2026-08-08;-2.75;-40.75;0.0
2026-08-08;-2.75;-40.25;0.0
2026-08-08;-2.75;-39.75;0.0
2026-08-08;-2.75;-39.25;
2026-08-08;-2.75;-38.75;
2026-08-08;-2.75;-38.25;
2026-08-08;-2.75;-37.75;
2026-08-08;-2.75;-37.25;
2026-08-09;-7.75;-41.25;0.0
2026-08-09;-7.75;-40.75;0.0
2026-08-09;-7.75;-40.25;0.0
2026-08-09;-7.75;-39.75;1.582133650779724
2026-08-09;-7.75;-39.25;0.6140440106391907
2026-08-09;-7.75;-38.75;0.0
2026-08-09;-7.75;-38.25;0.0
2026-08-09;-7.75;-37.75;0.0
2026-08-09;-7.75;-37.25;0.0
2026-08-09;-7.25;-41.25;0.0
2026-08-09;-7.25;-40.75;0.0
2026-08-09;-7.25;-40.25;0.0
2026-08-09;-7.25;-39.75;0.0
2026-08-09;-7.25;-39.25;0.0
2026-08-09;-7.25;-38.75;0.0
2026-08-09;-7.25;-38.25;0.0
2026-08-09;-7.25;-37.75;0.0
2026-08-09;-7.25;-37.25;0.0
2026-08-09;-6.75;-41.25;0.0
2026-08-09;-6.75;-40.75;0.0
2026-08-09;-6.75;-40.25;0.0
2026-08-09;-6.75;-39.75;0.0
2026-08-09;-6.75;-39.25;0.0
2026-08-09;-6.75;-38.75;0.0
2026-08-09;-6.75;-38.25;0.0
2026-08-09;-6.75;-37.75;0.0
2026-08-09;-6.75;-37.25;0.0
2026-08-09;-6.25;-41.25;0.0
2026-08-09;-6.25;-40.75;0.0
2026-08-09;-6.25;-40.25;0.0
2026-08-09;-6.25;-39.75;0.0
2026-08-09;-6.25;-39.25;0.0
2026-08-09;-6.25;-38.75;0.0
2026-08-09;-6.25;-38.25;0.0
2026-08-09;-6.25;-37.75;0.0
2026-08-09;-6.25;-37.25;0.0
2026-08-09;-5.75;-41.25;0.0
2026-08-09;-5.75;-40.75;0.0
2026-08-09;-5.75;-40.25;0.0
2026-08-09;-5.75;-39.75;0.0
2026-08-09;-5.75;-39.25;0.0
2026-08-09;-5.75;-38.75;0.0
2026-08-09;-5.75;-38.25;0.0
2026-08-09;-5.75;-37.75;0.0
2026-08-09;-5.75;-37.25;0.0
2026-08-09;-5.25;-41.25;0.0
2026-08-09;-5.25;-40.75;0.0
2026-08-09;-5.25;-40.25;0.0
2026-08-09;-5.25;-39.75;0.0
2026-08-09;-5.25;-39.25;0.0
2026-08-09;-5.25;-38.75;0.0
2026-08-09;-5.25;-38.25;0.0
2026-08-09;-5.25;-37.75;0.0
2026-08-09;-5.25;-37.25;0.0
2026-08-09;-4.75;-41.25;0.0
2026-08-09;-4.75;-40.75;0.0
2026-08-09;-4.75;-40.25;0.0
2026-08-09;-4.75;-39.75;0.0
2026-08-09;-4.75;-39.25;0.0
2026-08-09;-4.75;-38.75;0.0
2026-08-09;-4.75;-38.25;0.0
2026-08-09;-4.75;-37.75;0.0
2026-08-09;-4.75;-37.25;0.0
2026-08-09;-4.25;-41.25;0.0
2026-08-09;-4.25;-40.75;0.0
2026-08-09;-4.25;-40.25;0.0
2026-08-09;-4.25;-39.75;0.0
2026-08-09;-4.25;-39.25;0.0
2026-08-09;-4.25;-38.75;0.2669091522693634
2026-08-09;-4.25;-38.25;1.053388595581055
2026-08-09;-4.25;-37.75;0.0
2026-08-09;-4.25;-37.25;
2026-08-09;-3.75;-41.25;0.0
2026-08-09;-3.75;-40.75;0.0
2026-08-09;-3.75;-40.25;0.0
2026-08-09;-3.75;-39.75;0.0
2026-08-09;-3.75;-39.25;0.0
2026-08-09;-3.75;-38.75;2.116980791091919
2026-08-09;-3.75;-38.25;3.158746004104614
2026-08-09;-3.75;-37.75;
2026-08-09;-3.75;-37.25;
2026-08-09;-3.25;-41.25;0.0
2026-08-09;-3.25;-40.75;0.0
2026-08-09;-3.25;-40.25;0.0
2026-08-09;-3.25;-39.75;0.0
2026-08-09;-3.25;-39.25;0.0
2026-08-09;-3.25;-38.75;1.473758578300476
2026-08-09;-3.25;-38.25;
2026-08-09;-3.25;-37.75;
2026-08-09;-3.25;-37.25;
2026-08-09;-2.75;-41.25;0.0
2026-08-09;-2.75;-40.75;0.0
2026-08-09;-2.75;-40.25;0.0
2026-08-09;-2.75;-39.75;0.0
2026-08-09;-2.75;-39.25;
2026-08-09;-2.75;-38.75;
2026-08-09;-2.75;-38.25;
2026-08-09;-2.75;-37.75;
2026-08-09;-2.75;-37.25;
2026-08-10;-7.75;-41.25;0.0
2026-08-10;-7.75;-40.75;0.0
2026-08-10;-7.75;-40.25;1.369244694709778
2026-08-10;-7.75;-39.75;1.205966114997864
2026-08-10;-7.75;-39.25;0.219758540391922
2026-08-10;-7.75;-38.75;0.0
2026-08-10;-7.75;-38.25;0.0
2026-08-10;-7.75;-37.75;0.0
2026-08-10;-7.75;-37.25;0.0
2026-08-10;-7.25;-41.25;0.0
2026-08-10;-7.25;-40.75;0.0
2026-08-10;-7.25;-40.25;0.0
2026-08-10;-7.25;-39.75;0.0
2026-08-10;-7.25;-39.25;0.0
2026-08-10;-7.25;-38.75;0.0
2026-08-10;-7.25;-38.25;0.0
2026-08-10;-7.25;-37.75;0.0
2026-08-10;-7.25;-37.25;0.0
2026-08-10;-6.75;-41.25;0.0
2026-08-10;-6.75;-40.75;0.0
2026-08-10;-6.75;-40.25;0.0
2026-08-10;-6.75;-39.75;0.0
2026-08-10;-6.75;-39.25;0.0
2026-08-10;-6.75;-38.75;0.0
2026-08-10;-6.75;-38.25;0.0
2026-08-10;-6.75;-37.75;0.0
2026-08-10;-6.75;-37.25;0.0
2026-08-10;-6.25;-41.25;0.0
2026-08-10;-6.25;-40.75;0.0
2026-08-10;-6.25;-40.25;0.0
2026-08-10;-6.25;-39.75;0.0
2026-08-10;-6.25;-39.25;0.0
2026-08-10;-6.25;-38.75;0.0
2026-08-10;-6.25;-38.25;0.0
2026-08-10;-6.25;-37.75;0.0
2026-08-10;-6.25;-37.25;0.0
2026-08-10;-5.75;-41.25;0.0
2026-08-10;-5.75;-40.75;0.0
2026-08-10;-5.75;-40.25;0.0
2026-08-10;-5.75;-39.75;0.0
2026-08-10;-5.75;-39.25;0.0
2026-08-10;-5.75;-38.75;0.0
2026-08-10;-5.75;-38.25;0.0
2026-08-10;-5.75;-37.75;0.0
2026-08-10;-5.75;-37.25;0.0
2026-08-10;-5.25;-41.25;0.0
2026-08-10;-5.25;-40.75;0.0
2026-08-10;-5.25;-40.25;0.0
2026-08-10;-5.25;-39.75;0.0
2026-08-10;-5.25;-39.25;0.0
2026-08-10;-5.25;-38.75;0.0
2026-08-10;-5.25;-38.25;0.0
2026-08-10;-5.25;-37.75;0.0
2026-08-10;-5.25;-37.25;0.0
2026-08-10;-4.75;-41.25;0.0
2026-08-10;-4.75;-40.75;0.0
2026-08-10;-4.75;-40.25;0.0
2026-08-10;-4.75;-39.75;0.0
2026-08-10;-4.75;-39.25;0.0
2026-08-10;-4.75;-38.75;0.0
2026-08-10;-4.75;-38.25;0.0
2026-08-10;-4.75;-37.75;0.0
2026-08-10;-4.75;-37.25;0.0
2026-08-10;-4.25;-41.25;0.0
2026-08-10;-4.25;-40.75;0.0
2026-08-10;-4.25;-40.25;0.0
2026-08-10;-4.25;-39.75;0.0
2026-08-10;-4.25;-39.25;0.4099660813808441
2026-08-10;-4.25;-38.75;6.078739166259766
2026-08-10;-4.25;-38.25;11.08814716339111
2026-08-10;-4.25;-37.75;4.168138027191162
2026-08-10;-4.25;-37.25;
2026-08-10;-3.75;-41.25;0.0
2026-08-10;-3.75;-40.75;0.0
2026-08-10;-3.75;-40.25;0.0
2026-08-10;-3.75;-39.75;0.0
2026-08-10;-3.75;-39.25;1.57410204410553
2026-08-10;-3.75;-38.75;18.08286476135254
2026-08-10;-3.75;-38.25;23.69059562683105
2026-08-10;-3.75;-37.75;
2026-08-10;-3.75;-37.25;
2026-08-10;-3.25;-41.25;0.0
2026-08-10;-3.25;-40.75;0.0
2026-08-10;-3.25;-40.25;0.0
2026-08-10;-3.25;-39.75;0.0
2026-08-10;-3.25;-39.25;3.617604970932007
2026-08-10;-3.25;-38.75;15.22452831268311
2026-08-10;-3.25;-38.25;
2026-08-10;-3.25;-37.75;
2026-08-10;-3.25;-37.25;
2026-08-10;-2.75;-41.25;0.0
2026-08-10;-2.75;-40.75;0.0
2026-08-10;-2.75;-40.25;0.0
2026-08-10;-2.75;-39.75;0.0
2026-08-10;-2.75;-39.25;
2026-08-10;-2.75;-38.75;
2026-08-10;-2.75;-38.25;
2026-08-10;-2.75;-37.75;
2026-08-10;-2.75;-37.25;
2026-08-11;-7.75;-41.25;0.0
2026-08-11;-7.75;-40.75;0.0
2026-08-11;-7.75;-40.25;0.0
2026-08-11;-7.75;-39.75;0.0
2026-08-11;-7.75;-39.25;0.0
2026-08-11;-7.75;-38.75;0.0
2026-08-11;-7.75;-38.25;0.0
2026-08-11;-7.75;-37.75;0.0
2026-08-11;-7.75;-37.25;0.0
2026-08-11;-7.25;-41.25;0.0
2026-08-11;-7.25;-40.75;0.0
2026-08-11;-7.25;-40.25;0.0
2026-08-11;-7.25;-39.75;0.0
2026-08-11;-7.25;-39.25;0.0
2026-08-11;-7.25;-38.75;0.0
2026-08-11;-7.25;-38.25;0.0
2026-08-11;-7.25;-37.75;0.0
2026-08-11;-7.25;-37.25;0.0
2026-08-11;-6.75;-41.25;0.0
2026-08-11;-6.75;-40.75;0.0
2026-08-11;-6.75;-40.25;0.0
2026-08-11;-6.75;-39.75;0.0
2026-08-11;-6.75;-39.25;0.0
2026-08-11;-6.75;-38.75;0.0
2026-08-11;-6.75;-38.25;0.0
2026-08-11;-6.75;-37.75;0.0
2026-08-11;-6.75;-37.25;0.0
2026-08-11;-6.25;-41.25;0.0
2026-08-11;-6.25;-40.75;0.0
2026-08-11;-6.25;-40.25;0.0
2026-08-11;-6.25;-39.75;0.0
2026-08-11;-6.25;-39.25;0.0
2026-08-11;-6.25;-38.75;0.0
2026-08-11;-6.25;-38.25;0.0
2026-08-11;-6.25;-37.75;0.0
2026-08-11;-6.25;-37.25;0.0
2026-08-11;-5.75;-41.25;0.0
2026-08-11;-5.75;-40.75;0.0
2026-08-11;-5.75;-40.25;0.0
2026-08-11;-5.75;-39.75;0.0
2026-08-11;-5.75;-39.25;0.0
2026-08-11;-5.75;-38.75;0.0
2026-08-11;-5.75;-38.25;0.0
2026-08-11;-5.75;-37.75;0.0
2026-08-11;-5.75;-37.25;0.0
2026-08-11;-5.25;-41.25;0.0
2026-08-11;-5.25;-40.75;0.0
2026-08-11;-5.25;-40.25;0.0
2026-08-11;-5.25;-39.75;0.0
2026-08-11;-5.25;-39.25;0.0
2026-08-11;-5.25;-38.75;0.0
2026-08-11;-5.25;-38.25;0.0
2026-08-11;-5.25;-37.75;0.0
2026-08-11;-5.25;-37.25;0.0
2026-08-11;-4.75;-41.25;0.0
2026-08-11;-4.75;-40.75;0.0
2026-08-11;-4.75;-40.25;0.0
2026-08-11;-4.75;-39.75;0.0
2026-08-11;-4.75;-39.25;0.0
2026-08-11;-4.75;-38.75;0.0
2026-08-11;-4.75;-38.25;0.0
2026-08-11;-4.75;-37.75;0.0
2026-08-11;-4.75;-37.25;0.0
2026-08-11;-4.25;-41.25;0.0
2026-08-11;-4.25;-40.75;0.0
2026-08-11;-4.25;-40.25;0.0
2026-08-11;-4.25;-39.75;0.0
2026-08-11;-4.25;-39.25;0.0
2026-08-11;-4.25;-38.75;0.0
2026-08-11;-4.25;-38.25;0.0
2026-08-11;-4.25;-37.75;0.0
2026-08-11;-4.25;-37.25;
2026-08-11;-3.75;-41.25;0.4622803330421448
2026-08-11;-3.75;-40.75;0.0
2026-08-11;-3.75;-40.25;0.0
2026-08-11;-3.75;-39.75;0.0
2026-08-11;-3.75;-39.25;0.0
2026-08-11;-3.75;-38.75;0.0
2026-08-11;-3.75;-38.25;0.0
2026-08-11;-3.75;-37.75;
2026-08-11;-3.75;-37.25;
2026-08-11;-3.25;-41.25;0.4520435631275177
2026-08-11;-3.25;-40.75;0.0
2026-08-11;-3.25;-40.25;0.0
2026-08-11;-3.25;-39.75;0.0
2026-08-11;-3.25;-39.25;0.0
2026-08-11;-3.25;-38.75;0.0
2026-08-11;-3.25;-38.25;
2026-08-11;-3.25;-37.75;
2026-08-11;-3.25;-37.25;
2026-08-11;-2.75;-41.25;0.0
2026-08-11;-2.75;-40.75;0.0
2026-08-11;-2.75;-40.25;0.0
2026-08-11;-2.75;-39.75;0.0
2026-08-11;-2.75;-39.25;
2026-08-11;-2.75;-38.75;
2026-08-11;-2.75;-38.25;
2026-08-11;-2.75;-37.75;
2026-08-11;-2.75;-37.25;
2026-08-12;-7.75;-41.25;0.0
2026-08-12;-7.75;-40.75;0.0
2026-08-12;-7.75;-40.25;0.0
2026-08-12;-7.75;-39.75;0.0
2026-08-12;-7.75;-39.25;0.0
2026-08-12;-7.75;-38.75;0.0
2026-08-12;-7.75;-38.25;0.0
2026-08-12;-7.75;-37.75;0.0
2026-08-12;-7.75;-37.25;0.0
2026-08-12;-7.25;-41.25;0.0
2026-08-12;-7.25;-40.75;0.0
2026-08-12;-7.25;-40.25;0.0
2026-08-12;-7.25;-39.75;0.0
2026-08-12;-7.25;-39.25;0.0
2026-08-12;-7.25;-38.75;0.0
2026-08-12;-7.25;-38.25;0.0
2026-08-12;-7.25;-37.75;0.2615607976913452
2026-08-12;-7.25;-37.25;0.4996747076511383
2026-08-12;-6.75;-41.25;0.0
2026-08-12;-6.75;-40.75;0.0
2026-08-12;-6.75;-40.25;0.0
2026-08-12;-6.75;-39.75;0.0
2026-08-12;-6.75;-39.25;0.0
2026-08-12;-6.75;-38.75;0.0
2026-08-12;-6.75;-38.25;0.643306314945221
2026-08-12;-6.75;-37.75;2.955796957015991
2026-08-12;-6.75;-37.25;18.09150695800781
2026-08-12;-6.25;-41.25;0.0
2026-08-12;-6.25;-40.75;0.0
2026-08-12;-6.25;-40.25;0.0
2026-08-12;-6.25;-39.75;0.0
2026-08-12;-6.25;-39.25;0.0
2026-08-12;-6.25;-38.75;0.0
2026-08-12;-6.25;-38.25;0.8301622867584229
2026-08-12;-6.25;-37.75;2.140506505966187
2026-08-12;-6.25;-37.25;16.90261077880859
2026-08-12;-5.75;-41.25;0.0
2026-08-12;-5.75;-40.75;0.0
2026-08-12;-5.75;-40.25;0.4449983835220337
2026-08-12;-5.75;-39.75;0.9409561157226562
2026-08-12;-5.75;-39.25;0.4471312165260315
2026-08-12;-5.75;-38.75;0.0
2026-08-12;-5.75;-38.25;0.0
2026-08-12;-5.75;-37.75;0.8668984770774841
2026-08-12;-5.75;-37.25;5.847297191619873
2026-08-12;-5.25;-41.25;0.0
2026-08-12;-5.25;-40.75;0.0
2026-08-12;-5.25;-40.25;1.76091456413269
2026-08-12;-5.25;-39.75;3.780822038650513
2026-08-12;-5.25;-39.25;3.728804349899292
2026-08-12;-5.25;-38.75;0.6173363924026489
2026-08-12;-5.25;-38.25;0.0
2026-08-12;-5.25;-37.75;1.36535906791687
2026-08-12;-5.25;-37.25;5.566394805908203
2026-08-12;-4.75;-41.25;0.0
2026-08-12;-4.75;-40.75;0.0
2026-08-12;-4.75;-40.25;1.239758253097534
2026-08-12;-4.75;-39.75;3.11754035949707
2026-08-12;-4.75;-39.25;2.514947175979614
2026-08-12;-4.75;-38.75;0.2788116037845612
2026-08-12;-4.75;-38.25;0.0
2026-08-12;-4.75;-37.75;0.0
2026-08-12;-4.75;-37.25;1.809213757514954
2026-08-12;-4.25;-41.25;0.0
2026-08-12;-4.25;-40.75;0.0
2026-08-12;-4.25;-40.25;0.9590257406234741
2026-08-12;-4.25;-39.75;0.0
2026-08-12;-4.25;-39.25;0.0
2026-08-12;-4.25;-38.75;0.0
2026-08-12;-4.25;-38.25;0.0
2026-08-12;-4.25;-37.75;0.0
2026-08-12;-4.25;-37.25;
2026-08-12;-3.75;-41.25;0.0
2026-08-12;-3.75;-40.75;0.0
2026-08-12;-3.75;-40.25;0.0
2026-08-12;-3.75;-39.75;0.0
2026-08-12;-3.75;-39.25;0.0
2026-08-12;-3.75;-38.75;0.0
2026-08-12;-3.75;-38.25;0.0
2026-08-12;-3.75;-37.75;
2026-08-12;-3.75;-37.25;
2026-08-12;-3.25;-41.25;0.0
2026-08-12;-3.25;-40.75;0.0
2026-08-12;-3.25;-40.25;0.0
2026-08-12;-3.25;-39.75;0.0
2026-08-12;-3.25;-39.25;0.0
2026-08-12;-3.25;-38.75;0.0
2026-08-12;-3.25;-38.25;
2026-08-12;-3.25;-37.75;
2026-08-12;-3.25;-37.25;
2026-08-12;-2.75;-41.25;0.0
2026-08-12;-2.75;-40.75;0.0
2026-08-12;-2.75;-40.25;0.0
2026-08-12;-2.75;-39.75;0.0
2026-08-12;-2.75;-39.25;
2026-08-12;-2.75;-38.75;
2026-08-12;-2.75;-38.25;
2026-08-12;-2.75;-37.75;
2026-08-12;-2.75;-37.25;
2026-08-13;-7.75;-41.25;0.0
2026-08-13;-7.75;-40.75;0.0
2026-08-13;-7.75;-40.25;0.0
2026-08-13;-7.75;-39.75;0.0
2026-08-13;-7.75;-39.25;0.0
2026-08-13;-7.75;-38.75;0.0
2026-08-13;-7.75;-38.25;0.0
2026-08-13;-7.75;-37.75;0.0
2026-08-13;-7.75;-37.25;0.0
2026-08-13;-7.25;-41.25;0.0
2026-08-13;-7.25;-40.75;0.0
2026-08-13;-7.25;-40.25;0.0
2026-08-13;-7.25;-39.75;0.0
2026-08-13;-7.25;-39.25;0.0
2026-08-13;-7.25;-38.75;0.0
2026-08-13;-7.25;-38.25;0.0
2026-08-13;-7.25;-37.75;0.0
2026-08-13;-7.25;-37.25;0.0
2026-08-13;-6.75;-41.25;0.0
2026-08-13;-6.75;-40.75;0.0
2026-08-13;-6.75;-40.25;0.0
2026-08-13;-6.75;-39.75;0.0
2026-08-13;-6.75;-39.25;0.0
2026-08-13;-6.75;-38.75;0.0
2026-08-13;-6.75;-38.25;0.0
2026-08-13;-6.75;-37.75;0.0
2026-08-13;-6.75;-37.25;0.0
2026-08-13;-6.25;-41.25;0.0
2026-08-13;-6.25;-40.75;0.0
2026-08-13;-6.25;-40.25;0.0
2026-08-13;-6.25;-39.75;0.0
2026-08-13;-6.25;-39.25;0.0
2026-08-13;-6.25;-38.75;0.0
2026-08-13;-6.25;-38.25;0.0
2026-08-13;-6.25;-37.75;0.0
2026-08-13;-6.25;-37.25;0.0
2026-08-13;-5.75;-41.25;0.0
2026-08-13;-5.75;-40.75;0.0
2026-08-13;-5.75;-40.25;0.0
2026-08-13;-5.75;-39.75;0.0
2026-08-13;-5.75;-39.25;0.0
2026-08-13;-5.75;-38.75;0.0
2026-08-13;-5.75;-38.25;0.0
2026-08-13;-5.75;-37.75;0.0
2026-08-13;-5.75;-37.25;0.0
2026-08-13;-5.25;-41.25;0.0
2026-08-13;-5.25;-40.75;0.0
2026-08-13;-5.25;-40.25;0.0
2026-08-13;-5.25;-39.75;0.0
2026-08-13;-5.25;-39.25;0.0
2026-08-13;-5.25;-38.75;0.0
2026-08-13;-5.25;-38.25;0.0
2026-08-13;-5.25;-37.75;0.0
2026-08-13;-5.25;-37.25;0.0
2026-08-13;-4.75;-41.25;0.0
2026-08-13;-4.75;-40.75;0.0
2026-08-13;-4.75;-40.25;0.0
2026-08-13;-4.75;-39.75;0.0
2026-08-13;-4.75;-39.25;0.0
2026-08-13;-4.75;-38.75;0.0
2026-08-13;-4.75;-38.25;0.0
2026-08-13;-4.75;-37.75;0.0
2026-08-13;-4.75;-37.25;0.0
2026-08-13;-4.25;-41.25;0.0
2026-08-13;-4.25;-40.75;0.0
2026-08-13;-4.25;-40.25;0.0
2026-08-13;-4.25;-39.75;0.0
2026-08-13;-4.25;-39.25;0.0
2026-08-13;-4.25;-38.75;0.0
2026-08-13;-4.25;-38.25;0.0
2026-08-13;-4.25;-37.75;0.0
2026-08-13;-4.25;-37.25;
2026-08-13;-3.75;-41.25;0.0
2026-08-13;-3.75;-40.75;0.0
2026-08-13;-3.75;-40.25;0.0
2026-08-13;-3.75;-39.75;0.0
2026-08-13;-3.75;-39.25;0.0
2026-08-13;-3.75;-38.75;0.0
2026-08-13;-3.75;-38.25;0.0
2026-08-13;-3.75;-37.75;
2026-08-13;-3.75;-37.25;
2026-08-13;-3.25;-41.25;0.0
2026-08-13;-3.25;-40.75;0.0
2026-08-13;-3.25;-40.25;0.0
2026-08-13;-3.25;-39.75;0.0
2026-08-13;-3.25;-39.25;0.0
2026-08-13;-3.25;-38.75;0.0
2026-08-13;-3.25;-38.25;
2026-08-13;-3.25;-37.75;
2026-08-13;-3.25;-37.25;
2026-08-13;-2.75;-41.25;0.0
2026-08-13;-2.75;-40.75;0.0
2026-08-13;-2.75;-40.25;0.0
2026-08-13;-2.75;-39.75;0.0
2026-08-13;-2.75;-39.25;
2026-08-13;-2.75;-38.75;
2026-08-13;-2.75;-38.25;
2026-08-13;-2.75;-37.75;
2026-08-13;-2.75;-37.25;
2026-08-14;-7.75;-41.25;0.0
2026-08-14;-7.75;-40.75;0.0
2026-08-14;-7.75;-40.25;0.0
2026-08-14;-7.75;-39.75;1.005917906761169
2026-08-14;-7.75;-39.25;0.4185177385807037
2026-08-14;-7.75;-38.75;0.0
2026-08-14;-7.75;-38.25;0.0
2026-08-14;-7.75;-37.75;0.0
2026-08-14;-7.75;-37.25;0.0
2026-08-14;-7.25;-41.25;0.0
2026-08-14;-7.25;-40.75;0.0
2026-08-14;-7.25;-40.25;0.0
2026-08-14;-7.25;-39.75;0.0
2026-08-14;-7.25;-39.25;0.0
2026-08-14;-7.25;-38.75;0.0
2026-08-14;-7.25;-38.25;0.0
2026-08-14;-7.25;-37.75;0.0
2026-08-14;-7.25;-37.25;0.0
2026-08-14;-6.75;-41.25;0.0
2026-08-14;-6.75;-40.75;0.0
2026-08-14;-6.75;-40.25;0.0
2026-08-14;-6.75;-39.75;0.0
2026-08-14;-6.75;-39.25;0.0
2026-08-14;-6.75;-38.75;0.0
2026-08-14;-6.75;-38.25;0.0
2026-08-14;-6.75;-37.75;4.226603984832764
2026-08-14;-6.75;-37.25;19.95652389526367
2026-08-14;-6.25;-41.25;0.0
2026-08-14;-6.25;-40.75;0.0
2026-08-14;-6.25;-40.25;0.0
2026-08-14;-6.25;-39.75;0.0
2026-08-14;-6.25;-39.25;0.0
2026-08-14;-6.25;-38.75;0.0
2026-08-14;-6.25;-38.25;0.8879856467247009
2026-08-14;-6.25;-37.75;34.27859497070312
2026-08-14;-6.25;-37.25;41.43198776245117
2026-08-14;-5.75;-41.25;0.0
2026-08-14;-5.75;-40.75;0.0
2026-08-14;-5.75;-40.25;0.0
2026-08-14;-5.75;-39.75;0.0
2026-08-14;-5.75;-39.25;0.0
2026-08-14;-5.75;-38.75;0.0
2026-08-14;-5.75;-38.25;0.0
2026-08-14;-5.75;-37.75;16.16561317443848
2026-08-14;-5.75;-37.25;4.566133975982666
2026-08-14;-5.25;-41.25;0.0
2026-08-14;-5.25;-40.75;0.0
2026-08-14;-5.25;-40.25;0.0
2026-08-14;-5.25;-39.75;0.0
2026-08-14;-5.25;-39.25;0.0
2026-08-14;-5.25;-38.75;0.5968683958053589
2026-08-14;-5.25;-38.25;1.351548552513123
2026-08-14;-5.25;-37.75;0.0
2026-08-14;-5.25;-37.25;0.0
2026-08-14;-4.75;-41.25;0.0
2026-08-14;-4.75;-40.75;0.0
2026-08-14;-4.75;-40.25;0.0
2026-08-14;-4.75;-39.75;0.0
2026-08-14;-4.75;-39.25;0.0
2026-08-14;-4.75;-38.75;0.9539357423782349
2026-08-14;-4.75;-38.25;1.754809856414795
2026-08-14;-4.75;-37.75;0.0
2026-08-14;-4.75;-37.25;0.0
2026-08-14;-4.25;-41.25;0.0
2026-08-14;-4.25;-40.75;0.0
2026-08-14;-4.25;-40.25;0.0
2026-08-14;-4.25;-39.75;0.0
2026-08-14;-4.25;-39.25;0.0
2026-08-14;-4.25;-38.75;0.0
2026-08-14;-4.25;-38.25;0.3520509302616119
2026-08-14;-4.25;-37.75;0.0
2026-08-14;-4.25;-37.25;
2026-08-14;-3.75;-41.25;0.0
2026-08-14;-3.75;-40.75;0.0
2026-08-14;-3.75;-40.25;0.0
2026-08-14;-3.75;-39.75;0.0
2026-08-14;-3.75;-39.25;0.0
2026-08-14;-3.75;-38.75;0.0
2026-08-14;-3.75;-38.25;0.0
2026-08-14;-3.75;-37.75;
2026-08-14;-3.75;-37.25;
2026-08-14;-3.25;-41.25;0.0
2026-08-14;-3.25;-40.75;0.0
2026-08-14;-3.25;-40.25;0.0
2026-08-14;-3.25;-39.75;0.0
2026-08-14;-3.25;-39.25;0.0
2026-08-14;-3.25;-38.75;0.0
2026-08-14;-3.25;-38.25;
2026-08-14;-3.25;-37.75;
2026-08-14;-3.25;-37.25;
2026-08-14;-2.75;-41.25;0.0
2026-08-14;-2.75;-40.75;0.0
2026-08-14;-2.75;-40.25;0.0
2026-08-14;-2.75;-39.75;0.0
2026-08-14;-2.75;-39.25;
2026-08-14;-2.75;-38.75;
2026-08-14;-2.75;-38.25;
2026-08-14;-2.75;-37.75;
2026-08-14;-2.75;-37.25;
2026-08-15;-7.75;-41.25;0.0
2026-08-15;-7.75;-40.75;0.0
2026-08-15;-7.75;-40.25;0.0
2026-08-15;-7.75;-39.75;0.970232367515564
2026-08-15;-7.75;-39.25;0.3606567978858948
2026-08-15;-7.75;-38.75;0.0
2026-08-15;-7.75;-38.25;0.0
2026-08-15;-7.75;-37.75;0.0
2026-08-15;-7.75;-37.25;0.0
2026-08-15;-7.25;-41.25;0.0
2026-08-15;-7.25;-40.75;0.0
2026-08-15;-7.25;-40.25;0.0
2026-08-15;-7.25;-39.75;0.0
2026-08-15;-7.25;-39.25;0.0
2026-08-15;-7.25;-38.75;0.0
2026-08-15;-7.25;-38.25;0.0
2026-08-15;-7.25;-37.75;0.0
2026-08-15;-7.25;-37.25;0.0
2026-08-15;-6.75;-41.25;0.0
2026-08-15;-6.75;-40.75;0.0
2026-08-15;-6.75;-40.25;0.0
2026-08-15;-6.75;-39.75;0.0
2026-08-15;-6.75;-39.25;0.0
2026-08-15;-6.75;-38.75;0.0
2026-08-15;-6.75;-38.25;0.0
2026-08-15;-6.75;-37.75;0.0
2026-08-15;-6.75;-37.25;0.0
2026-08-15;-6.25;-41.25;0.0
2026-08-15;-6.25;-40.75;0.0
2026-08-15;-6.25;-40.25;0.0
2026-08-15;-6.25;-39.75;0.0
2026-08-15;-6.25;-39.25;0.0
2026-08-15;-6.25;-38.75;0.0
2026-08-15;-6.25;-38.25;0.0
2026-08-15;-6.25;-37.75;0.0
2026-08-15;-6.25;-37.25;0.0
2026-08-15;-5.75;-41.25;0.0
2026-08-15;-5.75;-40.75;0.0
2026-08-15;-5.75;-40.25;0.0
2026-08-15;-5.75;-39.75;0.0
2026-08-15;-5.75;-39.25;0.0
2026-08-15;-5.75;-38.75;0.0
2026-08-15;-5.75;-38.25;0.8779585957527161
2026-08-15;-5.75;-37.75;1.281474709510803
2026-08-15;-5.75;-37.25;0.0
2026-08-15;-5.25;-41.25;0.0
2026-08-15;-5.25;-40.75;0.0
2026-08-15;-5.25;-40.25;0.0
2026-08-15;-5.25;-39.75;0.0
2026-08-15;-5.25;-39.25;0.0
2026-08-15;-5.25;-38.75;0.0
2026-08-15;-5.25;-38.25;2.101783990859985
2026-08-15;-5.25;-37.75;1.341930508613586
2026-08-15;-5.25;-37.25;0.0
2026-08-15;-4.75;-41.25;0.0
2026-08-15;-4.75;-40.75;0.0
2026-08-15;-4.75;-40.25;0.0
2026-08-15;-4.75;-39.75;0.0
2026-08-15;-4.75;-39.25;0.0
2026-08-15;-4.75;-38.75;0.0
2026-08-15;-4.75;-38.25;0.4652467966079712
2026-08-15;-4.75;-37.75;0.2712747752666473
2026-08-15;-4.75;-37.25;0.0
2026-08-15;-4.25;-41.25;0.0
2026-08-15;-4.25;-40.75;0.0
2026-08-15;-4.25;-40.25;0.0
2026-08-15;-4.25;-39.75;0.0
2026-08-15;-4.25;-39.25;0.0
2026-08-15;-4.25;-38.75;0.0
2026-08-15;-4.25;-38.25;0.0
2026-08-15;-4.25;-37.75;0.0
2026-08-15;-4.25;-37.25;
2026-08-15;-3.75;-41.25;0.0
2026-08-15;-3.75;-40.75;0.0
2026-08-15;-3.75;-40.25;0.0
2026-08-15;-3.75;-39.75;0.0
2026-08-15;-3.75;-39.25;0.0
2026-08-15;-3.75;-38.75;0.0
2026-08-15;-3.75;-38.25;0.0
2026-08-15;-3.75;-37.75;
2026-08-15;-3.75;-37.25;
2026-08-15;-3.25;-41.25;0.0
2026-08-15;-3.25;-40.75;0.0
2026-08-15;-3.25;-40.25;0.0
2026-08-15;-3.25;-39.75;0.0
2026-08-15;-3.25;-39.25;0.0
2026-08-15;-3.25;-38.75;0.0
2026-08-15;-3.25;-38.25;
2026-08-15;-3.25;-37.75;
2026-08-15;-3.25;-37.25;
2026-08-15;-2.75;-41.25;0.0
2026-08-15;-2.75;-40.75;0.0
2026-08-15;-2.75;-40.25;0.0
2026-08-15;-2.75;-39.75;0.0
2026-08-15;-2.75;-39.25;
2026-08-15;-2.75;-38.75;
2026-08-15;-2.75;-38.25;
2026-08-15;-2.75;-37.75;
2026-08-15;-2.75;-37.25;
2026-08-16;-7.75;-41.25;0.0
2026-08-16;-7.75;-40.75;0.0
2026-08-16;-7.75;-40.25;0.0
2026-08-16;-7.75;-39.75;2.061787605285645
2026-08-16;-7.75;-39.25;0.7664863467216492
2026-08-16;-7.75;-38.75;0.0
2026-08-16;-7.75;-38.25;0.0
2026-08-16;-7.75;-37.75;0.0
2026-08-16;-7.75;-37.25;0.0
2026-08-16;-7.25;-41.25;0.0
2026-08-16;-7.25;-40.75;0.0
2026-08-16;-7.25;-40.25;0.0
2026-08-16;-7.25;-39.75;0.0
2026-08-16;-7.25;-39.25;0.0
2026-08-16;-7.25;-38.75;0.0
2026-08-16;-7.25;-38.25;0.0
2026-08-16;-7.25;-37.75;0.0
2026-08-16;-7.25;-37.25;0.0
2026-08-16;-6.75;-41.25;0.0
2026-08-16;-6.75;-40.75;0.0
2026-08-16;-6.75;-40.25;0.0
2026-08-16;-6.75;-39.75;0.0
2026-08-16;-6.75;-39.25;0.0
2026-08-16;-6.75;-38.75;0.0
2026-08-16;-6.75;-38.25;0.0
2026-08-16;-6.75;-37.75;0.0
2026-08-16;-6.75;-37.25;0.0
2026-08-16;-6.25;-41.25;0.0
2026-08-16;-6.25;-40.75;0.0
2026-08-16;-6.25;-40.25;0.0
2026-08-16;-6.25;-39.75;0.0
2026-08-16;-6.25;-39.25;0.0
2026-08-16;-6.25;-38.75;0.0
2026-08-16;-6.25;-38.25;0.0
2026-08-16;-6.25;-37.75;0.0
2026-08-16;-6.25;-37.25;0.0
2026-08-16;-5.75;-41.25;0.0
2026-08-16;-5.75;-40.75;0.0
2026-08-16;-5.75;-40.25;0.0
2026-08-16;-5.75;-39.75;0.0
2026-08-16;-5.75;-39.25;0.0
2026-08-16;-5.75;-38.75;0.0
2026-08-16;-5.75;-38.25;0.0
2026-08-16;-5.75;-37.75;0.0
2026-08-16;-5.75;-37.25;0.0
2026-08-16;-5.25;-41.25;0.0
2026-08-16;-5.25;-40.75;0.0
2026-08-16;-5.25;-40.25;0.0
2026-08-16;-5.25;-39.75;0.0
2026-08-16;-5.25;-39.25;0.0
2026-08-16;-5.25;-38.75;0.0
2026-08-16;-5.25;-38.25;0.0
2026-08-16;-5.25;-37.75;0.0
2026-08-16;-5.25;-37.25;0.0
2026-08-16;-4.75;-41.25;0.0
2026-08-16;-4.75;-40.75;0.0
2026-08-16;-4.75;-40.25;0.0
2026-08-16;-4.75;-39.75;0.0
2026-08-16;-4.75;-39.25;0.0
2026-08-16;-4.75;-38.75;0.0
2026-08-16;-4.75;-38.25;0.0
2026-08-16;-4.75;-37.75;0.0
2026-08-16;-4.75;-37.25;0.0
2026-08-16;-4.25;-41.25;0.0
2026-08-16;-4.25;-40.75;0.0
2026-08-16;-4.25;-40.25;0.0
2026-08-16;-4.25;-39.75;0.0
2026-08-16;-4.25;-39.25;0.0
2026-08-16;-4.25;-38.75;0.0
2026-08-16;-4.25;-38.25;0.0
2026-08-16;-4.25;-37.75;0.0
2026-08-16;-4.25;-37.25;
2026-08-16;-3.75;-41.25;0.0
2026-08-16;-3.75;-40.75;0.0
2026-08-16;-3.75;-40.25;0.0
2026-08-16;-3.75;-39.75;0.0
2026-08-16;-3.75;-39.25;0.0
2026-08-16;-3.75;-38.75;0.0
2026-08-16;-3.75;-38.25;0.0
2026-08-16;-3.75;-37.75;
2026-08-16;-3.75;-37.25;
2026-08-16;-3.25;-41.25;0.0
2026-08-16;-3.25;-40.75;0.0
2026-08-16;-3.25;-40.25;0.0
2026-08-16;-3.25;-39.75;0.0
2026-08-16;-3.25;-39.25;0.0
2026-08-16;-3.25;-38.75;0.0
2026-08-16;-3.25;-38.25;
2026-08-16;-3.25;-37.75;
2026-08-16;-3.25;-37.25;
2026-08-16;-2.75;-41.25;0.0
2026-08-16;-2.75;-40.75;0.0
2026-08-16;-2.75;-40.25;0.0
2026-08-16;-2.75;-39.75;0.0
2026-08-16;-2.75;-39.25;
2026-08-16;-2.75;-38.75;
2026-08-16;-2.75;-38.25;
2026-08-16;-2.75;-37.75;
2026-08-16;-2.75;-37.25;
2026-08-17;-7.75;-41.25;0.0
2026-08-17;-7.75;-40.75;0.0
2026-08-17;-7.75;-40.25;0.0
2026-08-17;-7.75;-39.75;1.697776436805725
2026-08-17;-7.75;-39.25;0.6312057971954346
2026-08-17;-7.75;-38.75;0.0
2026-08-17;-7.75;-38.25;0.0
2026-08-17;-7.75;-37.75;0.0
2026-08-17;-7.75;-37.25;0.0
2026-08-17;-7.25;-41.25;0.0
2026-08-17;-7.25;-40.75;0.0
2026-08-17;-7.25;-40.25;0.0
2026-08-17;-7.25;-39.75;0.0
2026-08-17;-7.25;-39.25;0.0
2026-08-17;-7.25;-38.75;0.0
2026-08-17;-7.25;-38.25;0.0
2026-08-17;-7.25;-37.75;0.0
2026-08-17;-7.25;-37.25;0.0
2026-08-17;-6.75;-41.25;0.0
2026-08-17;-6.75;-40.75;0.0
2026-08-17;-6.75;-40.25;0.0
2026-08-17;-6.75;-39.75;0.0
2026-08-17;-6.75;-39.25;0.0
2026-08-17;-6.75;-38.75;0.0
2026-08-17;-6.75;-38.25;0.0
2026-08-17;-6.75;-37.75;0.0
2026-08-17;-6.75;-37.25;0.0
2026-08-17;-6.25;-41.25;0.0
2026-08-17;-6.25;-40.75;0.0
2026-08-17;-6.25;-40.25;0.0
2026-08-17;-6.25;-39.75;0.0
2026-08-17;-6.25;-39.25;0.0
2026-08-17;-6.25;-38.75;0.0
2026-08-17;-6.25;-38.25;0.0
2026-08-17;-6.25;-37.75;0.0
2026-08-17;-6.25;-37.25;0.0
2026-08-17;-5.75;-41.25;0.0
2026-08-17;-5.75;-40.75;0.0
2026-08-17;-5.75;-40.25;0.0
2026-08-17;-5.75;-39.75;0.0
2026-08-17;-5.75;-39.25;0.0
2026-08-17;-5.75;-38.75;0.0
2026-08-17;-5.75;-38.25;0.0
2026-08-17;-5.75;-37.75;0.0
2026-08-17;-5.75;-37.25;0.0
2026-08-17;-5.25;-41.25;0.0
2026-08-17;-5.25;-40.75;0.0
2026-08-17;-5.25;-40.25;0.0
2026-08-17;-5.25;-39.75;0.0
2026-08-17;-5.25;-39.25;0.0
2026-08-17;-5.25;-38.75;0.0
2026-08-17;-5.25;-38.25;0.0
2026-08-17;-5.25;-37.75;0.0
2026-08-17;-5.25;-37.25;0.0
2026-08-17;-4.75;-41.25;0.0
2026-08-17;-4.75;-40.75;0.0
2026-08-17;-4.75;-40.25;0.0
2026-08-17;-4.75;-39.75;0.0
2026-08-17;-4.75;-39.25;0.0
2026-08-17;-4.75;-38.75;0.0
2026-08-17;-4.75;-38.25;0.0
2026-08-17;-4.75;-37.75;0.0
2026-08-17;-4.75;-37.25;0.0
2026-08-17;-4.25;-41.25;0.0
2026-08-17;-4.25;-40.75;0.0
2026-08-17;-4.25;-40.25;0.0
2026-08-17;-4.25;-39.75;0.0
2026-08-17;-4.25;-39.25;0.0
2026-08-17;-4.25;-38.75;0.0
2026-08-17;-4.25;-38.25;0.0
2026-08-17;-4.25;-37.75;0.0
2026-08-17;-4.25;-37.25;
2026-08-17;-3.75;-41.25;0.0
2026-08-17;-3.75;-40.75;0.0
2026-08-17;-3.75;-40.25;0.0
2026-08-17;-3.75;-39.75;0.0
2026-08-17;-3.75;-39.25;0.0
2026-08-17;-3.75;-38.75;0.0
2026-08-17;-3.75;-38.25;0.0
2026-08-17;-3.75;-37.75;
2026-08-17;-3.75;-37.25;
2026-08-17;-3.25;-41.25;0.0
2026-08-17;-3.25;-40.75;0.0
2026-08-17;-3.25;-40.25;0.0
2026-08-17;-3.25;-39.75;0.0
2026-08-17;-3.25;-39.25;0.0
2026-08-17;-3.25;-38.75;0.0
2026-08-17;-3.25;-38.25;
2026-08-17;-3.25;-37.75;
2026-08-17;-3.25;-37.25;
2026-08-17;-2.75;-41.25;0.0
2026-08-17;-2.75;-40.75;0.0
2026-08-17;-2.75;-40.25;0.0
2026-08-17;-2.75;-39.75;0.0
2026-08-17;-2.75;-39.25;
2026-08-17;-2.75;-38.75;
2026-08-17;-2.75;-38.25;
2026-08-17;-2.75;-37.75;
2026-08-17;-2.75;-37.25;
2026-08-18;-7.75;-41.25;0.0
2026-08-18;-7.75;-40.75;0.0
2026-08-18;-7.75;-40.25;0.0
2026-08-18;-7.75;-39.75;1.151843786239624
2026-08-18;-7.75;-39.25;0.4281776249408722
2026-08-18;-7.75;-38.75;0.0
2026-08-18;-7.75;-38.25;0.0
2026-08-18;-7.75;-37.75;0.6530889868736267
2026-08-18;-7.75;-37.25;1.790507912635803
2026-08-18;-7.25;-41.25;0.0
2026-08-18;-7.25;-40.75;0.0
2026-08-18;-7.25;-40.25;0.0
2026-08-18;-7.25;-39.75;0.0
2026-08-18;-7.25;-39.25;0.0
2026-08-18;-7.25;-38.75;0.0
2026-08-18;-7.25;-38.25;0.0
2026-08-18;-7.25;-37.75;0.0
2026-08-18;-7.25;-37.25;0.0
2026-08-18;-6.75;-41.25;0.0
2026-08-18;-6.75;-40.75;0.0
2026-08-18;-6.75;-40.25;0.0
2026-08-18;-6.75;-39.75;0.0
2026-08-18;-6.75;-39.25;0.0
2026-08-18;-6.75;-38.75;0.0
2026-08-18;-6.75;-38.25;0.0
2026-08-18;-6.75;-37.75;0.0
2026-08-18;-6.75;-37.25;0.0
2026-08-18;-6.25;-41.25;0.0
2026-08-18;-6.25;-40.75;0.0
2026-08-18;-6.25;-40.25;0.0
2026-08-18;-6.25;-39.75;0.0
2026-08-18;-6.25;-39.25;0.0
2026-08-18;-6.25;-38.75;0.0
2026-08-18;-6.25;-38.25;0.0
2026-08-18;-6.25;-37.75;0.0
2026-08-18;-6.25;-37.25;0.0
2026-08-18;-5.75;-41.25;0.0
2026-08-18;-5.75;-40.75;0.0
2026-08-18;-5.75;-40.25;0.0
2026-08-18;-5.75;-39.75;0.0
2026-08-18;-5.75;-39.25;0.0
2026-08-18;-5.75;-38.75;0.0
2026-08-18;-5.75;-38.25;0.0
2026-08-18;-5.75;-37.75;0.0
2026-08-18;-5.75;-37.25;0.0
2026-08-18;-5.25;-41.25;0.0
2026-08-18;-5.25;-40.75;0.0
2026-08-18;-5.25;-40.25;0.0
2026-08-18;-5.25;-39.75;0.0
2026-08-18;-5.25;-39.25;0.0
2026-08-18;-5.25;-38.75;0.0
2026-08-18;-5.25;-38.25;0.0
2026-08-18;-5.25;-37.75;0.0
2026-08-18;-5.25;-37.25;0.0
2026-08-18;-4.75;-41.25;0.0
2026-08-18;-4.75;-40.75;0.0
2026-08-18;-4.75;-40.25;0.0
2026-08-18;-4.75;-39.75;0.0
2026-08-18;-4.75;-39.25;0.0
2026-08-18;-4.75;-38.75;0.0
2026-08-18;-4.75;-38.25;0.0
2026-08-18;-4.75;-37.75;0.0
2026-08-18;-4.75;-37.25;0.0
2026-08-18;-4.25;-41.25;0.0
2026-08-18;-4.25;-40.75;0.0
2026-08-18;-4.25;-40.25;0.0
2026-08-18;-4.25;-39.75;0.0
2026-08-18;-4.25;-39.25;0.0
2026-08-18;-4.25;-38.75;0.0
2026-08-18;-4.25;-38.25;0.0
2026-08-18;-4.25;-37.75;0.0
2026-08-18;-4.25;-37.25;
2026-08-18;-3.75;-41.25;0.0
2026-08-18;-3.75;-40.75;0.0
2026-08-18;-3.75;-40.25;0.0
2026-08-18;-3.75;-39.75;0.0
2026-08-18;-3.75;-39.25;0.0
2026-08-18;-3.75;-38.75;0.0
2026-08-18;-3.75;-38.25;0.0
2026-08-18;-3.75;-37.75;
2026-08-18;-3.75;-37.25;
2026-08-18;-3.25;-41.25;0.0
2026-08-18;-3.25;-40.75;0.0
2026-08-18;-3.25;-40.25;0.0
2026-08-18;-3.25;-39.75;0.0
2026-08-18;-3.25;-39.25;0.0
2026-08-18;-3.25;-38.75;0.0
2026-08-18;-3.25;-38.25;
2026-08-18;-3.25;-37.75;
2026-08-18;-3.25;-37.25;
2026-08-18;-2.75;-41.25;0.0
2026-08-18;-2.75;-40.75;0.0
2026-08-18;-2.75;-40.25;0.0
2026-08-18;-2.75;-39.75;0.0
2026-08-18;-2.75;-39.25;
2026-08-18;-2.75;-38.75;
2026-08-18;-2.75;-38.25;
2026-08-18;-2.75;-37.75;
2026-08-18;-2.75;-37.25;
2026-08-19;-7.75;-41.25;0.0
2026-08-19;-7.75;-40.75;0.0
2026-08-19;-7.75;-40.25;0.0
2026-08-19;-7.75;-39.75;1.69694972038269
2026-08-19;-7.75;-39.25;0.630886971950531
2026-08-19;-7.75;-38.75;0.0
2026-08-19;-7.75;-38.25;0.0
2026-08-19;-7.75;-37.75;0.6937804818153381
2026-08-19;-7.75;-37.25;7.401359081268311
2026-08-19;-7.25;-41.25;0.0
2026-08-19;-7.25;-40.75;0.0
2026-08-19;-7.25;-40.25;0.0
2026-08-19;-7.25;-39.75;0.0
2026-08-19;-7.25;-39.25;0.0
2026-08-19;-7.25;-38.75;0.0
2026-08-19;-7.25;-38.25;0.0
2026-08-19;-7.25;-37.75;0.0
2026-08-19;-7.25;-37.25;2.21622896194458
2026-08-19;-6.75;-41.25;0.0
2026-08-19;-6.75;-40.75;0.0
2026-08-19;-6.75;-40.25;0.0
2026-08-19;-6.75;-39.75;0.0
2026-08-19;-6.75;-39.25;0.0
2026-08-19;-6.75;-38.75;0.0
2026-08-19;-6.75;-38.25;0.0
2026-08-19;-6.75;-37.75;0.0
2026-08-19;-6.75;-37.25;0.0
2026-08-19;-6.25;-41.25;0.0
2026-08-19;-6.25;-40.75;0.0
2026-08-19;-6.25;-40.25;0.0
2026-08-19;-6.25;-39.75;0.0
2026-08-19;-6.25;-39.25;0.0
2026-08-19;-6.25;-38.75;0.0
2026-08-19;-6.25;-38.25;0.0
2026-08-19;-6.25;-37.75;0.0
2026-08-19;-6.25;-37.25;0.0
2026-08-19;-5.75;-41.25;0.0
2026-08-19;-5.75;-40.75;0.0
2026-08-19;-5.75;-40.25;0.0
2026-08-19;-5.75;-39.75;0.0
2026-08-19;-5.75;-39.25;0.0
2026-08-19;-5.75;-38.75;0.0
2026-08-19;-5.75;-38.25;0.0
2026-08-19;-5.75;-37.75;0.0
2026-08-19;-5.75;-37.25;0.0
2026-08-19;-5.25;-41.25;0.0
2026-08-19;-5.25;-40.75;0.0
2026-08-19;-5.25;-40.25;0.0
2026-08-19;-5.25;-39.75;0.0
2026-08-19;-5.25;-39.25;0.4513602554798126
2026-08-19;-5.25;-38.75;0.0
2026-08-19;-5.25;-38.25;0.0
2026-08-19;-5.25;-37.75;0.0
2026-08-19;-5.25;-37.25;0.0
2026-08-19;-4.75;-41.25;0.0
2026-08-19;-4.75;-40.75;0.0
2026-08-19;-4.75;-40.25;0.0
2026-08-19;-4.75;-39.75;0.0
2026-08-19;-4.75;-39.25;0.0
2026-08-19;-4.75;-38.75;0.0
2026-08-19;-4.75;-38.25;0.0
2026-08-19;-4.75;-37.75;0.0
2026-08-19;-4.75;-37.25;0.0
2026-08-19;-4.25;-41.25;0.0
2026-08-19;-4.25;-40.75;0.0
2026-08-19;-4.25;-40.25;0.0
2026-08-19;-4.25;-39.75;0.0
2026-08-19;-4.25;-39.25;0.0
2026-08-19;-4.25;-38.75;0.0
2026-08-19;-4.25;-38.25;0.0
2026-08-19;-4.25;-37.75;0.0
2026-08-19;-4.25;-37.25;
2026-08-19;-3.75;-41.25;0.0
2026-08-19;-3.75;-40.75;0.0
2026-08-19;-3.75;-40.25;0.0
2026-08-19;-3.75;-39.75;0.0
2026-08-19;-3.75;-39.25;0.0
2026-08-19;-3.75;-38.75;0.0
2026-08-19;-3.75;-38.25;0.0
2026-08-19;-3.75;-37.75;
2026-08-19;-3.75;-37.25;
2026-08-19;-3.25;-41.25;0.0
2026-08-19;-3.25;-40.75;0.0
2026-08-19;-3.25;-40.25;0.0
2026-08-19;-3.25;-39.75;0.0
2026-08-19;-3.25;-39.25;0.0
2026-08-19;-3.25;-38.75;0.0
2026-08-19;-3.25;-38.25;
2026-08-19;-3.25;-37.75;
2026-08-19;-3.25;-37.25;
2026-08-19;-2.75;-41.25;0.0
2026-08-19;-2.75;-40.75;0.0
2026-08-19;-2.75;-40.25;0.0
2026-08-19;-2.75;-39.75;0.0
2026-08-19;-2.75;-39.25;
2026-08-19;-2.75;-38.75;
2026-08-19;-2.75;-38.25;
2026-08-19;-2.75;-37.75;
2026-08-19;-2.75;-37.25;
2026-08-20;-7.75;-41.25;0.0
2026-08-20;-7.75;-40.75;0.0
2026-08-20;-7.75;-40.25;0.0
2026-08-20;-7.75;-39.75;0.0
2026-08-20;-7.75;-39.25;0.0
2026-08-20;-7.75;-38.75;0.0
2026-08-20;-7.75;-38.25;0.0
2026-08-20;-7.75;-37.75;0.0
2026-08-20;-7.75;-37.25;0.0
2026-08-20;-7.25;-41.25;0.0
2026-08-20;-7.25;-40.75;0.0
2026-08-20;-7.25;-40.25;0.0
2026-08-20;-7.25;-39.75;0.0
2026-08-20;-7.25;-39.25;0.0
2026-08-20;-7.25;-38.75;0.0
2026-08-20;-7.25;-38.25;0.0
2026-08-20;-7.25;-37.75;0.0
2026-08-20;-7.25;-37.25;0.0
2026-08-20;-6.75;-41.25;0.0
2026-08-20;-6.75;-40.75;0.0
2026-08-20;-6.75;-40.25;0.0
2026-08-20;-6.75;-39.75;0.0
2026-08-20;-6.75;-39.25;0.0
2026-08-20;-6.75;-38.75;0.0
2026-08-20;-6.75;-38.25;0.0
2026-08-20;-6.75;-37.75;0.7548862099647522
2026-08-20;-6.75;-37.25;3.566350936889648
2026-08-20;-6.25;-41.25;0.0
2026-08-20;-6.25;-40.75;0.0
2026-08-20;-6.25;-40.25;0.0
2026-08-20;-6.25;-39.75;0.0
2026-08-20;-6.25;-39.25;0.0
2026-08-20;-6.25;-38.75;0.0
2026-08-20;-6.25;-38.25;0.0
2026-08-20;-6.25;-37.75;6.143677711486816
2026-08-20;-6.25;-37.25;7.038551330566406
2026-08-20;-5.75;-41.25;0.0
2026-08-20;-5.75;-40.75;0.0
2026-08-20;-5.75;-40.25;0.0
2026-08-20;-5.75;-39.75;0.0
2026-08-20;-5.75;-39.25;0.0
2026-08-20;-5.75;-38.75;0.0
2026-08-20;-5.75;-38.25;0.0
2026-08-20;-5.75;-37.75;2.614145517349243
2026-08-20;-5.75;-37.25;0.4658248722553253
2026-08-20;-5.25;-41.25;0.0
2026-08-20;-5.25;-40.75;0.0
2026-08-20;-5.25;-40.25;0.0
2026-08-20;-5.25;-39.75;0.0
2026-08-20;-5.25;-39.25;0.0
2026-08-20;-5.25;-38.75;0.0
2026-08-20;-5.25;-38.25;0.0
2026-08-20;-5.25;-37.75;0.0
2026-08-20;-5.25;-37.25;0.0
2026-08-20;-4.75;-41.25;0.0
2026-08-20;-4.75;-40.75;0.0
2026-08-20;-4.75;-40.25;0.0
2026-08-20;-4.75;-39.75;0.0
2026-08-20;-4.75;-39.25;0.0
2026-08-20;-4.75;-38.75;0.0
2026-08-20;-4.75;-38.25;0.0
2026-08-20;-4.75;-37.75;0.0
2026-08-20;-4.75;-37.25;0.0
2026-08-20;-4.25;-41.25;0.0
2026-08-20;-4.25;-40.75;0.0
2026-08-20;-4.25;-40.25;0.0
2026-08-20;-4.25;-39.75;0.0
2026-08-20;-4.25;-39.25;0.0
2026-08-20;-4.25;-38.75;0.0
2026-08-20;-4.25;-38.25;0.0
2026-08-20;-4.25;-37.75;0.0
2026-08-20;-4.25;-37.25;
2026-08-20;-3.75;-41.25;0.0
2026-08-20;-3.75;-40.75;0.0
2026-08-20;-3.75;-40.25;0.0
2026-08-20;-3.75;-39.75;0.0
2026-08-20;-3.75;-39.25;0.0
2026-08-20;-3.75;-38.75;0.0
2026-08-20;-3.75;-38.25;0.0
2026-08-20;-3.75;-37.75;
2026-08-20;-3.75;-37.25;
2026-08-20;-3.25;-41.25;0.0
2026-08-20;-3.25;-40.75;0.0
2026-08-20;-3.25;-40.25;0.0
2026-08-20;-3.25;-39.75;0.0
2026-08-20;-3.25;-39.25;0.0
2026-08-20;-3.25;-38.75;0.0
2026-08-20;-3.25;-38.25;
2026-08-20;-3.25;-37.75;
2026-08-20;-3.25;-37.25;
2026-08-20;-2.75;-41.25;0.0
2026-08-20;-2.75;-40.75;0.0
2026-08-20;-2.75;-40.25;0.0
2026-08-20;-2.75;-39.75;0.0
2026-08-20;-2.75;-39.25;
2026-08-20;-2.75;-38.75;
2026-08-20;-2.75;-38.25;
2026-08-20;-2.75;-37.75;
2026-08-20;-2.75;-37.25;
2026-08-21;-7.75;-41.25;0.0
2026-08-21;-7.75;-40.75;0.0
2026-08-21;-7.75;-40.25;0.0
2026-08-21;-7.75;-39.75;0.242200180888176
2026-08-21;-7.75;-39.25;0.0
2026-08-21;-7.75;-38.75;0.0
2026-08-21;-7.75;-38.25;0.0
2026-08-21;-7.75;-37.75;0.0
2026-08-21;-7.75;-37.25;0.0
2026-08-21;-7.25;-41.25;0.0
2026-08-21;-7.25;-40.75;0.0
2026-08-21;-7.25;-40.25;0.0
2026-08-21;-7.25;-39.75;0.0
2026-08-21;-7.25;-39.25;0.0
2026-08-21;-7.25;-38.75;0.0
2026-08-21;-7.25;-38.25;0.0
2026-08-21;-7.25;-37.75;0.0
2026-08-21;-7.25;-37.25;0.0
2026-08-21;-6.75;-41.25;0.0
2026-08-21;-6.75;-40.75;0.0
2026-08-21;-6.75;-40.25;0.0
2026-08-21;-6.75;-39.75;0.0
2026-08-21;-6.75;-39.25;0.0
2026-08-21;-6.75;-38.75;0.0
2026-08-21;-6.75;-38.25;0.0
2026-08-21;-6.75;-37.75;0.6795143485069275
2026-08-21;-6.75;-37.25;3.20940899848938
2026-08-21;-6.25;-41.25;0.0
2026-08-21;-6.25;-40.75;0.0
2026-08-21;-6.25;-40.25;0.0
2026-08-21;-6.25;-39.75;0.0
2026-08-21;-6.25;-39.25;0.0
2026-08-21;-6.25;-38.75;0.0
2026-08-21;-6.25;-38.25;0.0
2026-08-21;-6.25;-37.75;5.530673980712891
2026-08-21;-6.25;-37.25;6.334079265594482
2026-08-21;-5.75;-41.25;0.0
2026-08-21;-5.75;-40.75;0.0
2026-08-21;-5.75;-40.25;0.0
2026-08-21;-5.75;-39.75;0.0
2026-08-21;-5.75;-39.25;0.0
2026-08-21;-5.75;-38.75;0.0
2026-08-21;-5.75;-38.25;0.0
2026-08-21;-5.75;-37.75;2.353659629821777
2026-08-21;-5.75;-37.25;0.4192473888397217
2026-08-21;-5.25;-41.25;0.0
2026-08-21;-5.25;-40.75;0.0
2026-08-21;-5.25;-40.25;0.0
2026-08-21;-5.25;-39.75;0.0
2026-08-21;-5.25;-39.25;0.0
2026-08-21;-5.25;-38.75;0.0
2026-08-21;-5.25;-38.25;0.0
2026-08-21;-5.25;-37.75;0.0
2026-08-21;-5.25;-37.25;0.0
2026-08-21;-4.75;-41.25;0.0
2026-08-21;-4.75;-40.75;0.0
2026-08-21;-4.75;-40.25;0.0
2026-08-21;-4.75;-39.75;0.0
2026-08-21;-4.75;-39.25;0.0
2026-08-21;-4.75;-38.75;0.0
2026-08-21;-4.75;-38.25;0.0
2026-08-21;-4.75;-37.75;0.0
2026-08-21;-4.75;-37.25;0.0
2026-08-21;-4.25;-41.25;0.0
2026-08-21;-4.25;-40.75;0.0
2026-08-21;-4.25;-40.25;0.0
2026-08-21;-4.25;-39.75;0.0
2026-08-21;-4.25;-39.25;0.0
2026-08-21;-4.25;-38.75;0.0
2026-08-21;-4.25;-38.25;0.0
2026-08-21;-4.25;-37.75;0.0
2026-08-21;-4.25;-37.25;
2026-08-21;-3.75;-41.25;0.0
2026-08-21;-3.75;-40.75;0.0
2026-08-21;-3.75;-40.25;0.0
2026-08-21;-3.75;-39.75;0.0
2026-08-21;-3.75;-39.25;0.0
2026-08-21;-3.75;-38.75;0.0
2026-08-21;-3.75;-38.25;0.0
2026-08-21;-3.75;-37.75;
2026-08-21;-3.75;-37.25;
2026-08-21;-3.25;-41.25;0.0
2026-08-21;-3.25;-40.75;0.0
2026-08-21;-3.25;-40.25;0.0
2026-08-21;-3.25;-39.75;0.0
2026-08-21;-3.25;-39.25;0.0
2026-08-21;-3.25;-38.75;0.0
2026-08-21;-3.25;-38.25;
2026-08-21;-3.25;-37.75;
2026-08-21;-3.25;-37.25;
2026-08-21;-2.75;-41.25;0.0
2026-08-21;-2.75;-40.75;0.0
2026-08-21;-2.75;-40.25;0.0
2026-08-21;-2.75;-39.75;0.0
2026-08-21;-2.75;-39.25;
2026-08-21;-2.75;-38.75;
2026-08-21;-2.75;-38.25;
2026-08-21;-2.75;-37.75;
2026-08-21;-2.75;-37.25;
2026-08-22;-7.75;-41.25;0.0
2026-08-22;-7.75;-40.75;0.0
2026-08-22;-7.75;-40.25;0.0
2026-08-22;-7.75;-39.75;0.3025647103786469
2026-08-22;-7.75;-39.25;0.0
2026-08-22;-7.75;-38.75;0.0
2026-08-22;-7.75;-38.25;0.0
2026-08-22;-7.75;-37.75;0.0
2026-08-22;-7.75;-37.25;0.0
2026-08-22;-7.25;-41.25;0.0
2026-08-22;-7.25;-40.75;0.0
2026-08-22;-7.25;-40.25;0.0
2026-08-22;-7.25;-39.75;0.0
2026-08-22;-7.25;-39.25;0.0
2026-08-22;-7.25;-38.75;0.0
2026-08-22;-7.25;-38.25;0.0
2026-08-22;-7.25;-37.75;0.0
2026-08-22;-7.25;-37.25;0.0
2026-08-22;-6.75;-41.25;0.0
2026-08-22;-6.75;-40.75;0.0
2026-08-22;-6.75;-40.25;0.0
2026-08-22;-6.75;-39.75;0.0
2026-08-22;-6.75;-39.25;0.0
2026-08-22;-6.75;-38.75;0.0
2026-08-22;-6.75;-38.25;0.0
2026-08-22;-6.75;-37.75;0.0
2026-08-22;-6.75;-37.25;0.0
2026-08-22;-6.25;-41.25;0.0
2026-08-22;-6.25;-40.75;0.0
2026-08-22;-6.25;-40.25;0.0
2026-08-22;-6.25;-39.75;0.0
2026-08-22;-6.25;-39.25;0.0
2026-08-22;-6.25;-38.75;0.0
2026-08-22;-6.25;-38.25;0.0
2026-08-22;-6.25;-37.75;0.0
2026-08-22;-6.25;-37.25;0.0
2026-08-22;-5.75;-41.25;0.0
2026-08-22;-5.75;-40.75;0.0
2026-08-22;-5.75;-40.25;0.0
2026-08-22;-5.75;-39.75;0.0
2026-08-22;-5.75;-39.25;0.0
2026-08-22;-5.75;-38.75;0.0
2026-08-22;-5.75;-38.25;0.0
2026-08-22;-5.75;-37.75;0.0
2026-08-22;-5.75;-37.25;0.0
2026-08-22;-5.25;-41.25;0.0
2026-08-22;-5.25;-40.75;0.0
2026-08-22;-5.25;-40.25;0.0
2026-08-22;-5.25;-39.75;0.0
2026-08-22;-5.25;-39.25;0.0
2026-08-22;-5.25;-38.75;0.0
2026-08-22;-5.25;-38.25;0.0
2026-08-22;-5.25;-37.75;0.0
2026-08-22;-5.25;-37.25;0.0
2026-08-22;-4.75;-41.25;0.0
2026-08-22;-4.75;-40.75;0.0
2026-08-22;-4.75;-40.25;0.0
2026-08-22;-4.75;-39.75;0.0
2026-08-22;-4.75;-39.25;0.0
2026-08-22;-4.75;-38.75;0.0
2026-08-22;-4.75;-38.25;0.0
2026-08-22;-4.75;-37.75;0.0
2026-08-22;-4.75;-37.25;0.0
2026-08-22;-4.25;-41.25;0.0
2026-08-22;-4.25;-40.75;0.0
2026-08-22;-4.25;-40.25;0.0
2026-08-22;-4.25;-39.75;0.0
2026-08-22;-4.25;-39.25;0.0
2026-08-22;-4.25;-38.75;0.0
2026-08-22;-4.25;-38.25;0.0
2026-08-22;-4.25;-37.75;0.0
2026-08-22;-4.25;-37.25;
2026-08-22;-3.75;-41.25;0.0
2026-08-22;-3.75;-40.75;0.0
2026-08-22;-3.75;-40.25;0.0
2026-08-22;-3.75;-39.75;0.0
2026-08-22;-3.75;-39.25;0.0
2026-08-22;-3.75;-38.75;0.0
2026-08-22;-3.75;-38.25;0.0
2026-08-22;-3.75;-37.75;
2026-08-22;-3.75;-37.25;
2026-08-22;-3.25;-41.25;0.0
2026-08-22;-3.25;-40.75;0.0
2026-08-22;-3.25;-40.25;0.0
2026-08-22;-3.25;-39.75;0.0
2026-08-22;-3.25;-39.25;0.0
2026-08-22;-3.25;-38.75;0.0
2026-08-22;-3.25;-38.25;
2026-08-22;-3.25;-37.75;
2026-08-22;-3.25;-37.25;
2026-08-22;-2.75;-41.25;0.0
2026-08-22;-2.75;-40.75;0.0
2026-08-22;-2.75;-40.25;0.0
2026-08-22;-2.75;-39.75;0.0
2026-08-22;-2.75;-39.25;
2026-08-22;-2.75;-38.75;
2026-08-22;-2.75;-38.25;
2026-08-22;-2.75;-37.75;
2026-08-22;-2.75;-37.25;
2026-08-23;-7.75;-41.25;0.0
2026-08-23;-7.75;-40.75;0.0
2026-08-23;-7.75;-40.25;0.0
2026-08-23;-7.75;-39.75;2.067618846893311
2026-08-23;-7.75;-39.25;0.8607281446456909
2026-08-23;-7.75;-38.75;0.0
2026-08-23;-7.75;-38.25;0.0
2026-08-23;-7.75;-37.75;0.0
2026-08-23;-7.75;-37.25;0.0
2026-08-23;-7.25;-41.25;0.0
2026-08-23;-7.25;-40.75;0.0
2026-08-23;-7.25;-40.25;0.0
2026-08-23;-7.25;-39.75;0.0
2026-08-23;-7.25;-39.25;0.0
2026-08-23;-7.25;-38.75;0.0
2026-08-23;-7.25;-38.25;0.0
2026-08-23;-7.25;-37.75;0.0
2026-08-23;-7.25;-37.25;0.0
2026-08-23;-6.75;-41.25;0.0
2026-08-23;-6.75;-40.75;0.0
2026-08-23;-6.75;-40.25;0.0
2026-08-23;-6.75;-39.75;0.0
2026-08-23;-6.75;-39.25;0.0
2026-08-23;-6.75;-38.75;0.0
2026-08-23;-6.75;-38.25;0.0
2026-08-23;-6.75;-37.75;0.0
2026-08-23;-6.75;-37.25;0.0
2026-08-23;-6.25;-41.25;0.0
2026-08-23;-6.25;-40.75;0.0
2026-08-23;-6.25;-40.25;0.0
2026-08-23;-6.25;-39.75;0.0
2026-08-23;-6.25;-39.25;0.0
2026-08-23;-6.25;-38.75;0.0
2026-08-23;-6.25;-38.25;0.0
2026-08-23;-6.25;-37.75;0.0
2026-08-23;-6.25;-37.25;0.0
2026-08-23;-5.75;-41.25;0.0
2026-08-23;-5.75;-40.75;0.0
2026-08-23;-5.75;-40.25;0.0
2026-08-23;-5.75;-39.75;0.0
2026-08-23;-5.75;-39.25;0.0
2026-08-23;-5.75;-38.75;0.0
2026-08-23;-5.75;-38.25;0.0
2026-08-23;-5.75;-37.75;0.0
2026-08-23;-5.75;-37.25;0.0
2026-08-23;-5.25;-41.25;0.0
2026-08-23;-5.25;-40.75;0.0
2026-08-23;-5.25;-40.25;0.0
2026-08-23;-5.25;-39.75;0.0
2026-08-23;-5.25;-39.25;0.0
2026-08-23;-5.25;-38.75;0.0
2026-08-23;-5.25;-38.25;0.0
2026-08-23;-5.25;-37.75;0.0
2026-08-23;-5.25;-37.25;0.0
2026-08-23;-4.75;-41.25;0.0
2026-08-23;-4.75;-40.75;0.0
2026-08-23;-4.75;-40.25;0.0
2026-08-23;-4.75;-39.75;0.0
2026-08-23;-4.75;-39.25;0.0
2026-08-23;-4.75;-38.75;0.0
2026-08-23;-4.75;-38.25;0.305137038230896
2026-08-23;-4.75;-37.75;0.0
2026-08-23;-4.75;-37.25;0.0
2026-08-23;-4.25;-41.25;0.0
2026-08-23;-4.25;-40.75;0.0
2026-08-23;-4.25;-40.25;0.0
2026-08-23;-4.25;-39.75;0.0
2026-08-23;-4.25;-39.25;0.0
2026-08-23;-4.25;-38.75;0.0
2026-08-23;-4.25;-38.25;0.0
2026-08-23;-4.25;-37.75;0.0
2026-08-23;-4.25;-37.25;
2026-08-23;-3.75;-41.25;0.0
2026-08-23;-3.75;-40.75;0.0
2026-08-23;-3.75;-40.25;0.0
2026-08-23;-3.75;-39.75;0.0
2026-08-23;-3.75;-39.25;0.0
2026-08-23;-3.75;-38.75;0.0
2026-08-23;-3.75;-38.25;0.0
2026-08-23;-3.75;-37.75;
2026-08-23;-3.75;-37.25;
2026-08-23;-3.25;-41.25;0.0
2026-08-23;-3.25;-40.75;0.0
2026-08-23;-3.25;-40.25;0.0
2026-08-23;-3.25;-39.75;0.0
2026-08-23;-3.25;-39.25;0.0
2026-08-23;-3.25;-38.75;0.0
2026-08-23;-3.25;-38.25;
2026-08-23;-3.25;-37.75;
2026-08-23;-3.25;-37.25;
2026-08-23;-2.75;-41.25;0.0
2026-08-23;-2.75;-40.75;0.0
2026-08-23;-2.75;-40.25;0.0
2026-08-23;-2.75;-39.75;0.0
2026-08-23;-2.75;-39.25;
2026-08-23;-2.75;-38.75;
2026-08-23;-2.75;-38.25;
2026-08-23;-2.75;-37.75;
2026-08-23;-2.75;-37.25;
2026-08-24;-7.75;-41.25;0.0
2026-08-24;-7.75;-40.75;0.0
2026-08-24;-7.75;-40.25;0.0
2026-08-24;-7.75;-39.75;1.565095663070679
2026-08-24;-7.75;-39.25;0.6514613628387451
2026-08-24;-7.75;-38.75;0.0
2026-08-24;-7.75;-38.25;0.0
2026-08-24;-7.75;-37.75;0.0
2026-08-24;-7.75;-37.25;0.0
2026-08-24;-7.25;-41.25;0.0
2026-08-24;-7.25;-40.75;0.0
2026-08-24;-7.25;-40.25;0.0
2026-08-24;-7.25;-39.75;0.0
2026-08-24;-7.25;-39.25;0.0
2026-08-24;-7.25;-38.75;0.0
2026-08-24;-7.25;-38.25;0.0
2026-08-24;-7.25;-37.75;0.0
2026-08-24;-7.25;-37.25;0.0
2026-08-24;-6.75;-41.25;0.0
2026-08-24;-6.75;-40.75;0.0
2026-08-24;-6.75;-40.25;0.0
2026-08-24;-6.75;-39.75;0.0
2026-08-24;-6.75;-39.25;0.0
2026-08-24;-6.75;-38.75;0.0
2026-08-24;-6.75;-38.25;0.0
2026-08-24;-6.75;-37.75;0.0
2026-08-24;-6.75;-37.25;0.0
2026-08-24;-6.25;-41.25;0.0
2026-08-24;-6.25;-40.75;0.0
2026-08-24;-6.25;-40.25;0.0
2026-08-24;-6.25;-39.75;0.0
2026-08-24;-6.25;-39.25;0.0
2026-08-24;-6.25;-38.75;0.0
2026-08-24;-6.25;-38.25;0.0
2026-08-24;-6.25;-37.75;0.0
2026-08-24;-6.25;-37.25;0.0
2026-08-24;-5.75;-41.25;0.0
2026-08-24;-5.75;-40.75;0.0
2026-08-24;-5.75;-40.25;0.0
2026-08-24;-5.75;-39.75;0.0
2026-08-24;-5.75;-39.25;0.0
2026-08-24;-5.75;-38.75;0.0
2026-08-24;-5.75;-38.25;0.0
2026-08-24;-5.75;-37.75;0.0
2026-08-24;-5.75;-37.25;0.0
2026-08-24;-5.25;-41.25;0.0
2026-08-24;-5.25;-40.75;0.0
2026-08-24;-5.25;-40.25;0.0
2026-08-24;-5.25;-39.75;0.0
2026-08-24;-5.25;-39.25;0.0
2026-08-24;-5.25;-38.75;0.0
2026-08-24;-5.25;-38.25;0.0
2026-08-24;-5.25;-37.75;0.0
2026-08-24;-5.25;-37.25;0.0
2026-08-24;-4.75;-41.25;0.0
2026-08-24;-4.75;-40.75;0.0
2026-08-24;-4.75;-40.25;0.0
2026-08-24;-4.75;-39.75;0.0
2026-08-24;-4.75;-39.25;0.0
2026-08-24;-4.75;-38.75;0.0
2026-08-24;-4.75;-38.25;0.0
2026-08-24;-4.75;-37.75;0.0
2026-08-24;-4.75;-37.25;0.0
2026-08-24;-4.25;-41.25;0.0
2026-08-24;-4.25;-40.75;0.0
2026-08-24;-4.25;-40.25;0.0
2026-08-24;-4.25;-39.75;0.0
2026-08-24;-4.25;-39.25;0.0
2026-08-24;-4.25;-38.75;0.0
2026-08-24;-4.25;-38.25;0.0
2026-08-24;-4.25;-37.75;0.0
2026-08-24;-4.25;-37.25;
2026-08-24;-3.75;-41.25;0.0
2026-08-24;-3.75;-40.75;0.0
2026-08-24;-3.75;-40.25;0.0
2026-08-24;-3.75;-39.75;0.0
2026-08-24;-3.75;-39.25;0.0
2026-08-24;-3.75;-38.75;0.0
2026-08-24;-3.75;-38.25;0.0
2026-08-24;-3.75;-37.75;
2026-08-24;-3.75;-37.25;
2026-08-24;-3.25;-41.25;0.0
2026-08-24;-3.25;-40.75;0.0
2026-08-24;-3.25;-40.25;0.0
2026-08-24;-3.25;-39.75;0.0
2026-08-24;-3.25;-39.25;0.0
2026-08-24;-3.25;-38.75;0.0
2026-08-24;-3.25;-38.25;
2026-08-24;-3.25;-37.75;
2026-08-24;-3.25;-37.25;
2026-08-24;-2.75;-41.25;0.0
2026-08-24;-2.75;-40.75;0.0
2026-08-24;-2.75;-40.25;0.0
2026-08-24;-2.75;-39.75;0.0
2026-08-24;-2.75;-39.25;
2026-08-24;-2.75;-38.75;
2026-08-24;-2.75;-38.25;
2026-08-24;-2.75;-37.75;
2026-08-24;-2.75;-37.25;
2026-08-25;-7.75;-41.25;0.0
2026-08-25;-7.75;-40.75;0.0
2026-08-25;-7.75;-40.25;0.0
2026-08-25;-7.75;-39.75;1.000737190246582
2026-08-25;-7.75;-39.25;0.4164964854717255
2026-08-25;-7.75;-38.75;0.0
2026-08-25;-7.75;-38.25;0.0
2026-08-25;-7.75;-37.75;0.0
2026-08-25;-7.75;-37.25;0.0
2026-08-25;-7.25;-41.25;0.0
2026-08-25;-7.25;-40.75;0.0
2026-08-25;-7.25;-40.25;0.0
2026-08-25;-7.25;-39.75;0.0
2026-08-25;-7.25;-39.25;0.0
2026-08-25;-7.25;-38.75;0.0
2026-08-25;-7.25;-38.25;0.0
2026-08-25;-7.25;-37.75;0.0
2026-08-25;-7.25;-37.25;0.0
2026-08-25;-6.75;-41.25;0.0
2026-08-25;-6.75;-40.75;0.0
2026-08-25;-6.75;-40.25;0.0
2026-08-25;-6.75;-39.75;0.0
2026-08-25;-6.75;-39.25;0.0
2026-08-25;-6.75;-38.75;0.0
2026-08-25;-6.75;-38.25;0.0
2026-08-25;-6.75;-37.75;0.0
2026-08-25;-6.75;-37.25;0.0
2026-08-25;-6.25;-41.25;0.0
2026-08-25;-6.25;-40.75;0.0
2026-08-25;-6.25;-40.25;0.0
2026-08-25;-6.25;-39.75;0.0
2026-08-25;-6.25;-39.25;0.0
2026-08-25;-6.25;-38.75;0.0
2026-08-25;-6.25;-38.25;0.0
2026-08-25;-6.25;-37.75;0.0
2026-08-25;-6.25;-37.25;0.0
2026-08-25;-5.75;-41.25;0.0
2026-08-25;-5.75;-40.75;0.0
2026-08-25;-5.75;-40.25;0.0
2026-08-25;-5.75;-39.75;0.0
2026-08-25;-5.75;-39.25;0.0
2026-08-25;-5.75;-38.75;0.0
2026-08-25;-5.75;-38.25;0.0
2026-08-25;-5.75;-37.75;0.0
2026-08-25;-5.75;-37.25;0.0
2026-08-25;-5.25;-41.25;0.0
2026-08-25;-5.25;-40.75;0.0
2026-08-25;-5.25;-40.25;0.0
2026-08-25;-5.25;-39.75;0.0
2026-08-25;-5.25;-39.25;0.0
2026-08-25;-5.25;-38.75;0.0
2026-08-25;-5.25;-38.25;0.0
2026-08-25;-5.25;-37.75;0.0
2026-08-25;-5.25;-37.25;0.0
2026-08-25;-4.75;-41.25;0.0
2026-08-25;-4.75;-40.75;0.0
2026-08-25;-4.75;-40.25;0.0
2026-08-25;-4.75;-39.75;0.0
2026-08-25;-4.75;-39.25;0.0
2026-08-25;-4.75;-38.75;0.0
2026-08-25;-4.75;-38.25;0.0
2026-08-25;-4.75;-37.75;0.0
2026-08-25;-4.75;-37.25;0.0
2026-08-25;-4.25;-41.25;0.0
2026-08-25;-4.25;-40.75;0.0
2026-08-25;-4.25;-40.25;0.0
2026-08-25;-4.25;-39.75;0.0
2026-08-25;-4.25;-39.25;0.0
2026-08-25;-4.25;-38.75;0.0
2026-08-25;-4.25;-38.25;0.0
2026-08-25;-4.25;-37.75;0.0
2026-08-25;-4.25;-37.25;
2026-08-25;-3.75;-41.25;0.0
2026-08-25;-3.75;-40.75;0.0
2026-08-25;-3.75;-40.25;0.0
2026-08-25;-3.75;-39.75;0.0
2026-08-25;-3.75;-39.25;0.0
2026-08-25;-3.75;-38.75;0.0
2026-08-25;-3.75;-38.25;0.0
2026-08-25;-3.75;-37.75;
2026-08-25;-3.75;-37.25;
2026-08-25;-3.25;-41.25;0.0
2026-08-25;-3.25;-40.75;0.0
2026-08-25;-3.25;-40.25;0.0
2026-08-25;-3.25;-39.75;0.0
2026-08-25;-3.25;-39.25;0.0
2026-08-25;-3.25;-38.75;0.0
2026-08-25;-3.25;-38.25;
2026-08-25;-3.25;-37.75;
2026-08-25;-3.25;-37.25;
2026-08-25;-2.75;-41.25;0.0
2026-08-25;-2.75;-40.75;0.0
2026-08-25;-2.75;-40.25;0.0
2026-08-25;-2.75;-39.75;0.0
2026-08-25;-2.75;-39.25;
2026-08-25;-2.75;-38.75;
2026-08-25;-2.75;-38.25;
2026-08-25;-2.75;-37.75;
2026-08-25;-2.75;-37.25;
2026-08-26;-7.75;-41.25;0.0
2026-08-26;-7.75;-40.75;0.0
2026-08-26;-7.75;-40.25;0.0
2026-08-26;-7.75;-39.75;0.0
2026-08-26;-7.75;-39.25;0.0
2026-08-26;-7.75;-38.75;0.0
2026-08-26;-7.75;-38.25;0.0
2026-08-26;-7.75;-37.75;0.0
2026-08-26;-7.75;-37.25;0.0
2026-08-26;-7.25;-41.25;0.0
2026-08-26;-7.25;-40.75;0.0
2026-08-26;-7.25;-40.25;0.0
2026-08-26;-7.25;-39.75;0.0
2026-08-26;-7.25;-39.25;0.0
2026-08-26;-7.25;-38.75;0.0
2026-08-26;-7.25;-38.25;0.0
2026-08-26;-7.25;-37.75;0.0
2026-08-26;-7.25;-37.25;0.0
2026-08-26;-6.75;-41.25;0.0
2026-08-26;-6.75;-40.75;0.0
2026-08-26;-6.75;-40.25;0.0
2026-08-26;-6.75;-39.75;0.0
2026-08-26;-6.75;-39.25;0.0
2026-08-26;-6.75;-38.75;0.0
2026-08-26;-6.75;-38.25;0.0
2026-08-26;-6.75;-37.75;0.9074714183807373
2026-08-26;-6.75;-37.25;4.277973651885986
2026-08-26;-6.25;-41.25;0.0
2026-08-26;-6.25;-40.75;0.0
2026-08-26;-6.25;-40.25;0.0
2026-08-26;-6.25;-39.75;0.0
2026-08-26;-6.25;-39.25;0.0
2026-08-26;-6.25;-38.75;0.0
2026-08-26;-6.25;-38.25;0.0
2026-08-26;-6.25;-37.75;7.386340141296387
2026-08-26;-6.25;-37.25;8.44235897064209
2026-08-26;-5.75;-41.25;0.0
2026-08-26;-5.75;-40.75;0.0
2026-08-26;-5.75;-40.25;0.0
2026-08-26;-5.75;-39.75;0.0
2026-08-26;-5.75;-39.25;0.0
2026-08-26;-5.75;-38.75;0.0
2026-08-26;-5.75;-38.25;0.0
2026-08-26;-5.75;-37.75;3.145383834838867
2026-08-26;-5.75;-37.25;0.5592218041419983
2026-08-26;-5.25;-41.25;0.0
2026-08-26;-5.25;-40.75;0.0
2026-08-26;-5.25;-40.25;0.0
2026-08-26;-5.25;-39.75;0.0
2026-08-26;-5.25;-39.25;0.0
2026-08-26;-5.25;-38.75;0.0
2026-08-26;-5.25;-38.25;0.0
2026-08-26;-5.25;-37.75;0.0
2026-08-26;-5.25;-37.25;0.0
2026-08-26;-4.75;-41.25;0.0
2026-08-26;-4.75;-40.75;0.0
2026-08-26;-4.75;-40.25;0.0
2026-08-26;-4.75;-39.75;0.0
2026-08-26;-4.75;-39.25;0.0
2026-08-26;-4.75;-38.75;0.0
2026-08-26;-4.75;-38.25;0.0
2026-08-26;-4.75;-37.75;0.0
2026-08-26;-4.75;-37.25;0.0
2026-08-26;-4.25;-41.25;0.0
2026-08-26;-4.25;-40.75;0.0
2026-08-26;-4.25;-40.25;0.0
2026-08-26;-4.25;-39.75;0.0
2026-08-26;-4.25;-39.25;0.0
2026-08-26;-4.25;-38.75;0.0
2026-08-26;-4.25;-38.25;0.0
2026-08-26;-4.25;-37.75;0.0
2026-08-26;-4.25;-37.25;
2026-08-26;-3.75;-41.25;0.0
2026-08-26;-3.75;-40.75;0.0
2026-08-26;-3.75;-40.25;0.0
2026-08-26;-3.75;-39.75;0.0
2026-08-26;-3.75;-39.25;0.0
2026-08-26;-3.75;-38.75;0.0
2026-08-26;-3.75;-38.25;0.0
2026-08-26;-3.75;-37.75;
2026-08-26;-3.75;-37.25;
2026-08-26;-3.25;-41.25;0.0
2026-08-26;-3.25;-40.75;0.0
2026-08-26;-3.25;-40.25;0.0
2026-08-26;-3.25;-39.75;0.0
2026-08-26;-3.25;-39.25;0.0
2026-08-26;-3.25;-38.75;0.0
2026-08-26;-3.25;-38.25;
2026-08-26;-3.25;-37.75;
2026-08-26;-3.25;-37.25;
2026-08-26;-2.75;-41.25;0.0
2026-08-26;-2.75;-40.75;0.0
2026-08-26;-2.75;-40.25;0.0
2026-08-26;-2.75;-39.75;0.0
2026-08-26;-2.75;-39.25;
2026-08-26;-2.75;-38.75;
2026-08-26;-2.75;-38.25;
2026-08-26;-2.75;-37.75;
2026-08-26;-2.75;-37.25;
2026-08-27;-7.75;-41.25;0.0
2026-08-27;-7.75;-40.75;0.0
2026-08-27;-7.75;-40.25;0.9603486657142639
2026-08-27;-7.75;-39.75;1.99078357219696
2026-08-27;-7.75;-39.25;2.672435522079468
2026-08-27;-7.75;-38.75;1.621673703193665
2026-08-27;-7.75;-38.25;1.073691368103027
2026-08-27;-7.75;-37.75;2.279066801071167
2026-08-27;-7.75;-37.25;0.0
2026-08-27;-7.25;-41.25;0.0
2026-08-27;-7.25;-40.75;0.0
2026-08-27;-7.25;-40.25;0.0
2026-08-27;-7.25;-39.75;0.0
2026-08-27;-7.25;-39.25;0.0
2026-08-27;-7.25;-38.75;0.0
2026-08-27;-7.25;-38.25;4.37440824508667
2026-08-27;-7.25;-37.75;9.971810340881348
2026-08-27;-7.25;-37.25;1.43868362903595
2026-08-27;-6.75;-41.25;0.0
2026-08-27;-6.75;-40.75;0.0
2026-08-27;-6.75;-40.25;0.0
2026-08-27;-6.75;-39.75;0.0
2026-08-27;-6.75;-39.25;0.0
2026-08-27;-6.75;-38.75;0.0
2026-08-27;-6.75;-38.25;8.568833351135254
2026-08-27;-6.75;-37.75;7.287316799163818
2026-08-27;-6.75;-37.25;0.3009104430675507
2026-08-27;-6.25;-41.25;0.0
2026-08-27;-6.25;-40.75;0.0
2026-08-27;-6.25;-40.25;0.0
2026-08-27;-6.25;-39.75;0.0
2026-08-27;-6.25;-39.25;0.0
2026-08-27;-6.25;-38.75;0.0
2026-08-27;-6.25;-38.25;1.524470686912537
2026-08-27;-6.25;-37.75;0.980695903301239
2026-08-27;-6.25;-37.25;0.0
2026-08-27;-5.75;-41.25;0.0
2026-08-27;-5.75;-40.75;0.0
2026-08-27;-5.75;-40.25;0.0
2026-08-27;-5.75;-39.75;0.0
2026-08-27;-5.75;-39.25;0.0
2026-08-27;-5.75;-38.75;0.0
2026-08-27;-5.75;-38.25;0.0
2026-08-27;-5.75;-37.75;0.595801591873169
2026-08-27;-5.75;-37.25;4.751211643218994
2026-08-27;-5.25;-41.25;0.0
2026-08-27;-5.25;-40.75;0.0
2026-08-27;-5.25;-40.25;0.0
2026-08-27;-5.25;-39.75;0.0
2026-08-27;-5.25;-39.25;0.0
2026-08-27;-5.25;-38.75;0.0
2026-08-27;-5.25;-38.25;0.0
2026-08-27;-5.25;-37.75;0.912335216999054
2026-08-27;-5.25;-37.25;13.48260688781738
2026-08-27;-4.75;-41.25;0.0
2026-08-27;-4.75;-40.75;0.0
2026-08-27;-4.75;-40.25;0.0
2026-08-27;-4.75;-39.75;0.0
2026-08-27;-4.75;-39.25;0.0
2026-08-27;-4.75;-38.75;0.0
2026-08-27;-4.75;-38.25;0.0
2026-08-27;-4.75;-37.75;0.0
2026-08-27;-4.75;-37.25;3.585304737091064
2026-08-27;-4.25;-41.25;0.0
2026-08-27;-4.25;-40.75;0.0
2026-08-27;-4.25;-40.25;0.0
2026-08-27;-4.25;-39.75;0.0
2026-08-27;-4.25;-39.25;0.0
2026-08-27;-4.25;-38.75;0.0
2026-08-27;-4.25;-38.25;0.0
2026-08-27;-4.25;-37.75;0.0
2026-08-27;-4.25;-37.25;
2026-08-27;-3.75;-41.25;0.0
2026-08-27;-3.75;-40.75;0.0
2026-08-27;-3.75;-40.25;0.0
2026-08-27;-3.75;-39.75;0.0
2026-08-27;-3.75;-39.25;0.0
2026-08-27;-3.75;-38.75;0.0
2026-08-27;-3.75;-38.25;0.0
2026-08-27;-3.75;-37.75;
2026-08-27;-3.75;-37.25;
2026-08-27;-3.25;-41.25;0.0
2026-08-27;-3.25;-40.75;0.0
2026-08-27;-3.25;-40.25;0.0
2026-08-27;-3.25;-39.75;0.0
2026-08-27;-3.25;-39.25;0.0
2026-08-27;-3.25;-38.75;0.0
2026-08-27;-3.25;-38.25;
2026-08-27;-3.25;-37.75;
2026-08-27;-3.25;-37.25;
2026-08-27;-2.75;-41.25;0.0
2026-08-27;-2.75;-40.75;0.0
2026-08-27;-2.75;-40.25;0.0
2026-08-27;-2.75;-39.75;0.0
2026-08-27;-2.75;-39.25;
2026-08-27;-2.75;-38.75;
2026-08-27;-2.75;-38.25;
2026-08-27;-2.75;-37.75;
2026-08-27;-2.75;-37.25;
2026-08-28;-7.75;-41.25;0.0
2026-08-28;-7.75;-40.75;2.27868127822876
2026-08-28;-7.75;-40.25;5.445393085479736
2026-08-28;-7.75;-39.75;5.551576614379883
2026-08-28;-7.75;-39.25;6.434323310852051
2026-08-28;-7.75;-38.75;4.294118404388428
2026-08-28;-7.75;-38.25;0.0
2026-08-28;-7.75;-37.75;0.0
2026-08-28;-7.75;-37.25;0.647006630897522
2026-08-28;-7.25;-41.25;0.6105458736419678
2026-08-28;-7.25;-40.75;10.44941902160645
2026-08-28;-7.25;-40.25;15.32449436187744
2026-08-28;-7.25;-39.75;11.98383522033691
2026-08-28;-7.25;-39.25;6.60517406463623
2026-08-28;-7.25;-38.75;8.585648536682129
2026-08-28;-7.25;-38.25;0.5562112927436829
2026-08-28;-7.25;-37.75;0.0
2026-08-28;-7.25;-37.25;0.2698910236358643
2026-08-28;-6.75;-41.25;1.054636478424072
2026-08-28;-6.75;-40.75;14.45930862426758
2026-08-28;-6.75;-40.25;18.2817325592041
2026-08-28;-6.75;-39.75;18.94344711303711
2026-08-28;-6.75;-39.25;27.86475563049316
2026-08-28;-6.75;-38.75;41.08108901977539
2026-08-28;-6.75;-38.25;4.547839164733887
2026-08-28;-6.75;-37.75;0.0
2026-08-28;-6.75;-37.25;0.0
2026-08-28;-6.25;-41.25;0.2772694528102875
2026-08-28;-6.25;-40.75;12.04402446746826
2026-08-28;-6.25;-40.25;17.43500328063965
2026-08-28;-6.25;-39.75;16.46980857849121
2026-08-28;-6.25;-39.25;7.832979679107666
2026-08-28;-6.25;-38.75;5.849555492401123
2026-08-28;-6.25;-38.25;1.489418268203735
2026-08-28;-6.25;-37.75;0.0
2026-08-28;-6.25;-37.25;0.0
2026-08-28;-5.75;-41.25;0.0
2026-08-28;-5.75;-40.75;2.004674434661865
2026-08-28;-5.75;-40.25;7.333669185638428
2026-08-28;-5.75;-39.75;5.114031314849854
2026-08-28;-5.75;-39.25;0.7937195301055908
2026-08-28;-5.75;-38.75;0.0
2026-08-28;-5.75;-38.25;0.0
2026-08-28;-5.75;-37.75;0.0
2026-08-28;-5.75;-37.25;0.0
2026-08-28;-5.25;-41.25;0.0
2026-08-28;-5.25;-40.75;0.0
2026-08-28;-5.25;-40.25;0.2681025862693787
2026-08-28;-5.25;-39.75;1.092517018318176
2026-08-28;-5.25;-39.25;1.322078943252563
2026-08-28;-5.25;-38.75;0.2069837301969528
2026-08-28;-5.25;-38.25;0.0
2026-08-28;-5.25;-37.75;0.0
2026-08-28;-5.25;-37.25;0.0
2026-08-28;-4.75;-41.25;0.0
2026-08-28;-4.75;-40.75;0.0
2026-08-28;-4.75;-40.25;0.0
2026-08-28;-4.75;-39.75;0.7974933385848999
2026-08-28;-4.75;-39.25;1.507660746574402
2026-08-28;-4.75;-38.75;0.0
2026-08-28;-4.75;-38.25;0.0
2026-08-28;-4.75;-37.75;0.0
2026-08-28;-4.75;-37.25;0.0
2026-08-28;-4.25;-41.25;0.0
2026-08-28;-4.25;-40.75;0.0
2026-08-28;-4.25;-40.25;0.0
2026-08-28;-4.25;-39.75;0.0
2026-08-28;-4.25;-39.25;0.0
2026-08-28;-4.25;-38.75;0.0
2026-08-28;-4.25;-38.25;0.0
2026-08-28;-4.25;-37.75;0.0
2026-08-28;-4.25;-37.25;
2026-08-28;-3.75;-41.25;0.0
2026-08-28;-3.75;-40.75;0.0
2026-08-28;-3.75;-40.25;0.0
2026-08-28;-3.75;-39.75;0.0
2026-08-28;-3.75;-39.25;0.0
2026-08-28;-3.75;-38.75;0.0
2026-08-28;-3.75;-38.25;0.0
2026-08-28;-3.75;-37.75;
2026-08-28;-3.75;-37.25;
2026-08-28;-3.25;-41.25;0.0
2026-08-28;-3.25;-40.75;0.0
2026-08-28;-3.25;-40.25;0.0
2026-08-28;-3.25;-39.75;0.0
2026-08-28;-3.25;-39.25;0.0
2026-08-28;-3.25;-38.75;0.0
2026-08-28;-3.25;-38.25;
2026-08-28;-3.25;-37.75;
2026-08-28;-3.25;-37.25;
2026-08-28;-2.75;-41.25;0.0
2026-08-28;-2.75;-40.75;0.0
2026-08-28;-2.75;-40.25;0.0
2026-08-28;-2.75;-39.75;0.0
2026-08-28;-2.75;-39.25;
2026-08-28;-2.75;-38.75;
2026-08-28;-2.75;-38.25;
2026-08-28;-2.75;-37.75;
2026-08-28;-2.75;-37.25;
2026-08-29;-7.75;-41.25;0.0
2026-08-29;-7.75;-40.75;0.5239291191101074
2026-08-29;-7.75;-40.25;2.245156764984131
2026-08-29;-7.75;-39.75;3.26356315612793
2026-08-29;-7.75;-39.25;4.115889549255371
2026-08-29;-7.75;-38.75;2.530645847320557
2026-08-29;-7.75;-38.25;0.0
2026-08-29;-7.75;-37.75;0.0
2026-08-29;-7.75;-37.25;0.0
2026-08-29;-7.25;-41.25;0.0
2026-08-29;-7.25;-40.75;1.876538515090942
2026-08-29;-7.25;-40.25;2.325721740722656
2026-08-29;-7.25;-39.75;1.019152641296387
2026-08-29;-7.25;-39.25;0.0
2026-08-29;-7.25;-38.75;0.0
2026-08-29;-7.25;-38.25;0.0
2026-08-29;-7.25;-37.75;0.0
2026-08-29;-7.25;-37.25;0.0
2026-08-29;-6.75;-41.25;0.2786243855953217
2026-08-29;-6.75;-40.75;2.85341215133667
2026-08-29;-6.75;-40.25;3.026486158370972
2026-08-29;-6.75;-39.75;2.951168060302734
2026-08-29;-6.75;-39.25;0.2956832051277161
2026-08-29;-6.75;-38.75;0.0
2026-08-29;-6.75;-38.25;0.0
2026-08-29;-6.75;-37.75;0.0
2026-08-29;-6.75;-37.25;0.0
2026-08-29;-6.25;-41.25;0.0
2026-08-29;-6.25;-40.75;2.43819785118103
2026-08-29;-6.25;-40.25;3.253521919250488
2026-08-29;-6.25;-39.75;2.978399515151978
2026-08-29;-6.25;-39.25;0.3630348742008209
2026-08-29;-6.25;-38.75;0.4004218578338623
2026-08-29;-6.25;-38.25;0.6043481230735779
2026-08-29;-6.25;-37.75;0.0
2026-08-29;-6.25;-37.25;0.0
2026-08-29;-5.75;-41.25;0.0
2026-08-29;-5.75;-40.75;0.4257767498493195
2026-08-29;-5.75;-40.25;1.36534321308136
2026-08-29;-5.75;-39.75;0.8015052676200867
2026-08-29;-5.75;-39.25;0.0
2026-08-29;-5.75;-38.75;1.020137786865234
2026-08-29;-5.75;-38.25;0.4466978013515472
2026-08-29;-5.75;-37.75;1.118230938911438
2026-08-29;-5.75;-37.25;6.675331592559814
2026-08-29;-5.25;-41.25;0.0
2026-08-29;-5.25;-40.75;0.0
2026-08-29;-5.25;-40.25;0.0
2026-08-29;-5.25;-39.75;0.0
2026-08-29;-5.25;-39.25;0.0
2026-08-29;-5.25;-38.75;0.0
2026-08-29;-5.25;-38.25;0.0
2026-08-29;-5.25;-37.75;0.5524560809135437
2026-08-29;-5.25;-37.25;7.464462280273438
2026-08-29;-4.75;-41.25;0.0
2026-08-29;-4.75;-40.75;0.0
2026-08-29;-4.75;-40.25;0.0
2026-08-29;-4.75;-39.75;0.0
2026-08-29;-4.75;-39.25;0.0
2026-08-29;-4.75;-38.75;0.4862755835056305
2026-08-29;-4.75;-38.25;0.0
2026-08-29;-4.75;-37.75;0.0
2026-08-29;-4.75;-37.25;1.564031720161438
2026-08-29;-4.25;-41.25;0.0
2026-08-29;-4.25;-40.75;0.0
2026-08-29;-4.25;-40.25;0.0
2026-08-29;-4.25;-39.75;0.0
2026-08-29;-4.25;-39.25;1.49931013584137
2026-08-29;-4.25;-38.75;4.989990711212158
2026-08-29;-4.25;-38.25;4.162241458892822
2026-08-29;-4.25;-37.75;1.651408195495605
2026-08-29;-4.25;-37.25;
2026-08-29;-3.75;-41.25;0.0
2026-08-29;-3.75;-40.75;0.0
2026-08-29;-3.75;-40.25;0.0
2026-08-29;-3.75;-39.75;0.0
2026-08-29;-3.75;-39.25;0.9348612427711487
2026-08-29;-3.75;-38.75;6.958128929138184
2026-08-29;-3.75;-38.25;8.09555435180664
2026-08-29;-3.75;-37.75;
2026-08-29;-3.75;-37.25;
2026-08-29;-3.25;-41.25;0.0
2026-08-29;-3.25;-40.75;0.0
2026-08-29;-3.25;-40.25;0.0
2026-08-29;-3.25;-39.75;0.0
2026-08-29;-3.25;-39.25;1.444059729576111
2026-08-29;-3.25;-38.75;5.523999691009521
2026-08-29;-3.25;-38.25;
2026-08-29;-3.25;-37.75;
2026-08-29;-3.25;-37.25;
2026-08-29;-2.75;-41.25;0.0
2026-08-29;-2.75;-40.75;0.0
2026-08-29;-2.75;-40.25;0.0
2026-08-29;-2.75;-39.75;0.0
2026-08-29;-2.75;-39.25;
2026-08-29;-2.75;-38.75;
2026-08-29;-2.75;-38.25;
2026-08-29;-2.75;-37.75;
2026-08-29;-2.75;-37.25;
2026-08-30;-7.75;-41.25;0.0
2026-08-30;-7.75;-40.75;0.0
2026-08-30;-7.75;-40.25;0.0
2026-08-30;-7.75;-39.75;0.0
2026-08-30;-7.75;-39.25;0.0
2026-08-30;-7.75;-38.75;0.0
2026-08-30;-7.75;-38.25;0.0
2026-08-30;-7.75;-37.75;0.0
2026-08-30;-7.75;-37.25;0.0
2026-08-30;-7.25;-41.25;0.0
2026-08-30;-7.25;-40.75;0.0
2026-08-30;-7.25;-40.25;0.0
2026-08-30;-7.25;-39.75;0.0
2026-08-30;-7.25;-39.25;0.0
2026-08-30;-7.25;-38.75;0.0
2026-08-30;-7.25;-38.25;0.0
2026-08-30;-7.25;-37.75;0.0
2026-08-30;-7.25;-37.25;5.259801387786865
2026-08-30;-6.75;-41.25;0.0
2026-08-30;-6.75;-40.75;0.0
2026-08-30;-6.75;-40.25;0.0
2026-08-30;-6.75;-39.75;0.0
2026-08-30;-6.75;-39.25;0.0
2026-08-30;-6.75;-38.75;0.0
2026-08-30;-6.75;-38.25;0.0
2026-08-30;-6.75;-37.75;4.00521183013916
2026-08-30;-6.75;-37.25;39.13796615600586
2026-08-30;-6.25;-41.25;0.0
2026-08-30;-6.25;-40.75;0.0
2026-08-30;-6.25;-40.25;0.0
2026-08-30;-6.25;-39.75;0.0
2026-08-30;-6.25;-39.25;0.0
2026-08-30;-6.25;-38.75;0.0
2026-08-30;-6.25;-38.25;0.9382535219192505
2026-08-30;-6.25;-37.75;25.85821723937988
2026-08-30;-6.25;-37.25;38.92826843261719
2026-08-30;-5.75;-41.25;0.0
2026-08-30;-5.75;-40.75;0.0
2026-08-30;-5.75;-40.25;0.0
2026-08-30;-5.75;-39.75;0.0
2026-08-30;-5.75;-39.25;0.0
2026-08-30;-5.75;-38.75;0.0
2026-08-30;-5.75;-38.25;0.0
2026-08-30;-5.75;-37.75;10.52851676940918
2026-08-30;-5.75;-37.25;2.080168724060059
2026-08-30;-5.25;-41.25;0.0
2026-08-30;-5.25;-40.75;0.0
2026-08-30;-5.25;-40.25;0.0
2026-08-30;-5.25;-39.75;0.0
2026-08-30;-5.25;-39.25;0.0
2026-08-30;-5.25;-38.75;0.0
2026-08-30;-5.25;-38.25;0.0
2026-08-30;-5.25;-37.75;0.0
2026-08-30;-5.25;-37.25;0.0
2026-08-30;-4.75;-41.25;0.0
2026-08-30;-4.75;-40.75;0.0
2026-08-30;-4.75;-40.25;0.0
2026-08-30;-4.75;-39.75;0.0
2026-08-30;-4.75;-39.25;0.0
2026-08-30;-4.75;-38.75;0.0
2026-08-30;-4.75;-38.25;0.0
2026-08-30;-4.75;-37.75;0.0
2026-08-30;-4.75;-37.25;0.0
2026-08-30;-4.25;-41.25;0.0
2026-08-30;-4.25;-40.75;0.0
2026-08-30;-4.25;-40.25;0.0
2026-08-30;-4.25;-39.75;0.0
2026-08-30;-4.25;-39.25;0.0
2026-08-30;-4.25;-38.75;0.0
2026-08-30;-4.25;-38.25;0.0
2026-08-30;-4.25;-37.75;0.0
2026-08-30;-4.25;-37.25;
2026-08-30;-3.75;-41.25;0.0
2026-08-30;-3.75;-40.75;0.0
2026-08-30;-3.75;-40.25;0.0
2026-08-30;-3.75;-39.75;0.0
2026-08-30;-3.75;-39.25;0.0
2026-08-30;-3.75;-38.75;0.0
2026-08-30;-3.75;-38.25;0.0
2026-08-30;-3.75;-37.75;
2026-08-30;-3.75;-37.25;
2026-08-30;-3.25;-41.25;0.0
2026-08-30;-3.25;-40.75;0.0
2026-08-30;-3.25;-40.25;0.0
2026-08-30;-3.25;-39.75;0.0
2026-08-30;-3.25;-39.25;0.0
2026-08-30;-3.25;-38.75;0.0
2026-08-30;-3.25;-38.25;
2026-08-30;-3.25;-37.75;
2026-08-30;-3.25;-37.25;
2026-08-30;-2.75;-41.25;0.0
2026-08-30;-2.75;-40.75;0.0
2026-08-30;-2.75;-40.25;0.0
2026-08-30;-2.75;-39.75;0.0
2026-08-30;-2.75;-39.25;
2026-08-30;-2.75;-38.75;
2026-08-30;-2.75;-38.25;
2026-08-30;-2.75;-37.75;
2026-08-30;-2.75;-37.25;
2026-08-31;-7.75;-41.25;0.0
2026-08-31;-7.75;-40.75;0.0
2026-08-31;-7.75;-40.25;0.0
2026-08-31;-7.75;-39.75;0.0
2026-08-31;-7.75;-39.25;0.0
2026-08-31;-7.75;-38.75;0.0
2026-08-31;-7.75;-38.25;0.0
2026-08-31;-7.75;-37.75;0.0
2026-08-31;-7.75;-37.25;0.9183244109153748
2026-08-31;-7.25;-41.25;0.0
2026-08-31;-7.25;-40.75;0.0
2026-08-31;-7.25;-40.25;0.0
2026-08-31;-7.25;-39.75;0.0
2026-08-31;-7.25;-39.25;0.0
2026-08-31;-7.25;-38.75;0.0
2026-08-31;-7.25;-38.25;0.0
2026-08-31;-7.25;-37.75;0.0
2026-08-31;-7.25;-37.25;0.0
2026-08-31;-6.75;-41.25;0.0
2026-08-31;-6.75;-40.75;0.0
2026-08-31;-6.75;-40.25;0.0
2026-08-31;-6.75;-39.75;0.0
2026-08-31;-6.75;-39.25;0.0
2026-08-31;-6.75;-38.75;0.0
2026-08-31;-6.75;-38.25;0.0
2026-08-31;-6.75;-37.75;0.0
2026-08-31;-6.75;-37.25;0.0
2026-08-31;-6.25;-41.25;0.0
2026-08-31;-6.25;-40.75;0.0
2026-08-31;-6.25;-40.25;0.0
2026-08-31;-6.25;-39.75;0.0
2026-08-31;-6.25;-39.25;0.0
2026-08-31;-6.25;-38.75;0.0
2026-08-31;-6.25;-38.25;0.0
2026-08-31;-6.25;-37.75;0.0
2026-08-31;-6.25;-37.25;0.0
2026-08-31;-5.75;-41.25;0.0
2026-08-31;-5.75;-40.75;0.0
2026-08-31;-5.75;-40.25;0.0
2026-08-31;-5.75;-39.75;0.0
2026-08-31;-5.75;-39.25;0.0
2026-08-31;-5.75;-38.75;0.0
2026-08-31;-5.75;-38.25;0.0
2026-08-31;-5.75;-37.75;0.0
2026-08-31;-5.75;-37.25;0.0
2026-08-31;-5.25;-41.25;0.0
2026-08-31;-5.25;-40.75;0.0
2026-08-31;-5.25;-40.25;0.0
2026-08-31;-5.25;-39.75;0.0
2026-08-31;-5.25;-39.25;0.0
2026-08-31;-5.25;-38.75;0.0
2026-08-31;-5.25;-38.25;0.0
2026-08-31;-5.25;-37.75;0.0
2026-08-31;-5.25;-37.25;0.0
2026-08-31;-4.75;-41.25;0.0
2026-08-31;-4.75;-40.75;0.0
2026-08-31;-4.75;-40.25;0.0
2026-08-31;-4.75;-39.75;0.0
2026-08-31;-4.75;-39.25;0.0
2026-08-31;-4.75;-38.75;0.3882716000080109
2026-08-31;-4.75;-38.25;0.0
2026-08-31;-4.75;-37.75;0.0
2026-08-31;-4.75;-37.25;0.2150788605213165
2026-08-31;-4.25;-41.25;0.0
2026-08-31;-4.25;-40.75;0.0
2026-08-31;-4.25;-40.25;0.0
2026-08-31;-4.25;-39.75;0.0
2026-08-31;-4.25;-39.25;1.199448108673096
2026-08-31;-4.25;-38.75;3.991698265075684
2026-08-31;-4.25;-38.25;3.329405307769775
2026-08-31;-4.25;-37.75;1.31903076171875
2026-08-31;-4.25;-37.25;
2026-08-31;-3.75;-41.25;0.0
2026-08-31;-3.75;-40.75;0.0
2026-08-31;-3.75;-40.25;0.0
2026-08-31;-3.75;-39.75;0.0
2026-08-31;-3.75;-39.25;0.74788898229599
2026-08-31;-3.75;-38.75;5.566503047943115
2026-08-31;-3.75;-38.25;6.476449012756348
2026-08-31;-3.75;-37.75;
2026-08-31;-3.75;-37.25;
2026-08-31;-3.25;-41.25;0.0
2026-08-31;-3.25;-40.75;0.0
2026-08-31;-3.25;-40.25;0.0
2026-08-31;-3.25;-39.75;0.0
2026-08-31;-3.25;-39.25;1.155247688293457
2026-08-31;-3.25;-38.75;4.41919994354248
2026-08-31;-3.25;-38.25;
2026-08-31;-3.25;-37.75;
2026-08-31;-3.25;-37.25;
2026-08-31;-2.75;-41.25;0.0
2026-08-31;-2.75;-40.75;0.0
2026-08-31;-2.75;-40.25;0.0
2026-08-31;-2.75;-39.75;0.0
2026-08-31;-2.75;-39.25;
2026-08-31;-2.75;-38.75;
2026-08-31;-2.75;-38.25;
2026-08-31;-2.75;-37.75;
2026-08-31;-2.75;-37.25;
2026-09-01;-7.75;-41.25;0.0
2026-09-01;-7.75;-40.75;0.0
2026-09-01;-7.75;-40.25;0.0
2026-09-01;-7.75;-39.75;1.487583041191101
2026-09-01;-7.75;-39.25;0.6187744736671448
2026-09-01;-7.75;-38.75;0.0
2026-09-01;-7.75;-38.25;0.0
2026-09-01;-7.75;-37.75;0.0
2026-09-01;-7.75;-37.25;0.0
2026-09-01;-7.25;-41.25;0.0
2026-09-01;-7.25;-40.75;0.0
2026-09-01;-7.25;-40.25;0.0
2026-09-01;-7.25;-39.75;0.0
2026-09-01;-7.25;-39.25;0.0
2026-09-01;-7.25;-38.75;0.0
2026-09-01;-7.25;-38.25;0.0
2026-09-01;-7.25;-37.75;0.0
2026-09-01;-7.25;-37.25;0.0
2026-09-01;-6.75;-41.25;0.0
2026-09-01;-6.75;-40.75;0.0
2026-09-01;-6.75;-40.25;0.0
2026-09-01;-6.75;-39.75;0.0
2026-09-01;-6.75;-39.25;0.0
2026-09-01;-6.75;-38.75;0.0
2026-09-01;-6.75;-38.25;0.0
2026-09-01;-6.75;-37.75;0.0
2026-09-01;-6.75;-37.25;0.0
2026-09-01;-6.25;-41.25;0.0
2026-09-01;-6.25;-40.75;0.0
2026-09-01;-6.25;-40.25;0.0
2026-09-01;-6.25;-39.75;0.0
2026-09-01;-6.25;-39.25;0.0
2026-09-01;-6.25;-38.75;0.0
2026-09-01;-6.25;-38.25;0.0
2026-09-01;-6.25;-37.75;0.0
2026-09-01;-6.25;-37.25;0.0
2026-09-01;-5.75;-41.25;0.0
2026-09-01;-5.75;-40.75;0.0
2026-09-01;-5.75;-40.25;0.0
2026-09-01;-5.75;-39.75;0.0
2026-09-01;-5.75;-39.25;0.0
2026-09-01;-5.75;-38.75;0.0
2026-09-01;-5.75;-38.25;0.0
2026-09-01;-5.75;-37.75;0.0
2026-09-01;-5.75;-37.25;0.0
2026-09-01;-5.25;-41.25;0.0
2026-09-01;-5.25;-40.75;0.0
2026-09-01;-5.25;-40.25;0.0
2026-09-01;-5.25;-39.75;0.0
2026-09-01;-5.25;-39.25;0.0
2026-09-01;-5.25;-38.75;0.0
2026-09-01;-5.25;-38.25;0.0
2026-09-01;-5.25;-37.75;0.0
2026-09-01;-5.25;-37.25;0.0
2026-09-01;-4.75;-41.25;0.0
2026-09-01;-4.75;-40.75;0.0
2026-09-01;-4.75;-40.25;0.0
2026-09-01;-4.75;-39.75;0.0
2026-09-01;-4.75;-39.25;0.0
2026-09-01;-4.75;-38.75;0.0
2026-09-01;-4.75;-38.25;0.306441605091095
2026-09-01;-4.75;-37.75;0.0
2026-09-01;-4.75;-37.25;0.0
2026-09-01;-4.25;-41.25;0.0
2026-09-01;-4.25;-40.75;0.0
2026-09-01;-4.25;-40.25;0.0
2026-09-01;-4.25;-39.75;0.0
2026-09-01;-4.25;-39.25;0.0
2026-09-01;-4.25;-38.75;0.0
2026-09-01;-4.25;-38.25;0.554362952709198
2026-09-01;-4.25;-37.75;0.0
2026-09-01;-4.25;-37.25;
2026-09-01;-3.75;-41.25;0.0
2026-09-01;-3.75;-40.75;0.0
2026-09-01;-3.75;-40.25;0.0
2026-09-01;-3.75;-39.75;0.0
2026-09-01;-3.75;-39.25;0.0
2026-09-01;-3.75;-38.75;1.058854460716248
2026-09-01;-3.75;-38.25;1.592126965522766
2026-09-01;-3.75;-37.75;
2026-09-01;-3.75;-37.25;
2026-09-01;-3.25;-41.25;0.0
2026-09-01;-3.25;-40.75;0.0
2026-09-01;-3.25;-40.25;0.0
2026-09-01;-3.25;-39.75;0.0
2026-09-01;-3.25;-39.25;0.0
2026-09-01;-3.25;-38.75;0.7368853688240051
2026-09-01;-3.25;-38.25;
2026-09-01;-3.25;-37.75;
2026-09-01;-3.25;-37.25;
2026-09-01;-2.75;-41.25;0.0
2026-09-01;-2.75;-40.75;0.0
2026-09-01;-2.75;-40.25;0.0
2026-09-01;-2.75;-39.75;0.0
2026-09-01;-2.75;-39.25;
2026-09-01;-2.75;-38.75;
2026-09-01;-2.75;-38.25;
2026-09-01;-2.75;-37.75;
2026-09-01;-2.75;-37.25;
2026-09-02;-7.75;-41.25;0.0
2026-09-02;-7.75;-40.75;0.0
2026-09-02;-7.75;-40.25;0.2283332645893097
2026-09-02;-7.75;-39.75;2.570863962173462
2026-09-02;-7.75;-39.25;0.9729388952255249
2026-09-02;-7.75;-38.75;0.0
2026-09-02;-7.75;-38.25;0.0
2026-09-02;-7.75;-37.75;0.0
2026-09-02;-7.75;-37.25;0.0
2026-09-02;-7.25;-41.25;0.0
2026-09-02;-7.25;-40.75;0.0
2026-09-02;-7.25;-40.25;0.0
2026-09-02;-7.25;-39.75;0.0
2026-09-02;-7.25;-39.25;0.0
2026-09-02;-7.25;-38.75;0.0
2026-09-02;-7.25;-38.25;0.0
2026-09-02;-7.25;-37.75;0.0
2026-09-02;-7.25;-37.25;0.0
2026-09-02;-6.75;-41.25;0.0
2026-09-02;-6.75;-40.75;0.0
2026-09-02;-6.75;-40.25;0.0
2026-09-02;-6.75;-39.75;0.0
2026-09-02;-6.75;-39.25;0.0
2026-09-02;-6.75;-38.75;0.0
2026-09-02;-6.75;-38.25;0.0
2026-09-02;-6.75;-37.75;0.0
2026-09-02;-6.75;-37.25;0.0
2026-09-02;-6.25;-41.25;0.0
2026-09-02;-6.25;-40.75;0.0
2026-09-02;-6.25;-40.25;0.0
2026-09-02;-6.25;-39.75;0.0
2026-09-02;-6.25;-39.25;0.0
2026-09-02;-6.25;-38.75;0.0
2026-09-02;-6.25;-38.25;0.0
2026-09-02;-6.25;-37.75;0.0
2026-09-02;-6.25;-37.25;0.0
2026-09-02;-5.75;-41.25;0.0
2026-09-02;-5.75;-40.75;0.0
2026-09-02;-5.75;-40.25;0.0
2026-09-02;-5.75;-39.75;0.0
2026-09-02;-5.75;-39.25;0.0
2026-09-02;-5.75;-38.75;0.0
2026-09-02;-5.75;-38.25;0.0
2026-09-02;-5.75;-37.75;0.0
2026-09-02;-5.75;-37.25;0.0
2026-09-02;-5.25;-41.25;0.0
2026-09-02;-5.25;-40.75;0.0
2026-09-02;-5.25;-40.25;0.0
2026-09-02;-5.25;-39.75;0.0
2026-09-02;-5.25;-39.25;0.0
2026-09-02;-5.25;-38.75;0.0
2026-09-02;-5.25;-38.25;0.0
2026-09-02;-5.25;-37.75;0.0
2026-09-02;-5.25;-37.25;0.0
2026-09-02;-4.75;-41.25;0.0
2026-09-02;-4.75;-40.75;0.0
2026-09-02;-4.75;-40.25;0.0
2026-09-02;-4.75;-39.75;0.0
2026-09-02;-4.75;-39.25;0.0
2026-09-02;-4.75;-38.75;0.0
2026-09-02;-4.75;-38.25;0.0
2026-09-02;-4.75;-37.75;0.0
2026-09-02;-4.75;-37.25;0.0
2026-09-02;-4.25;-41.25;0.0
2026-09-02;-4.25;-40.75;0.0
2026-09-02;-4.25;-40.25;0.0
2026-09-02;-4.25;-39.75;0.0
2026-09-02;-4.25;-39.25;0.0
2026-09-02;-4.25;-38.75;0.0
2026-09-02;-4.25;-38.25;0.0
2026-09-02;-4.25;-37.75;0.0
2026-09-02;-4.25;-37.25;
2026-09-02;-3.75;-41.25;0.0
2026-09-02;-3.75;-40.75;0.0
2026-09-02;-3.75;-40.25;0.0
2026-09-02;-3.75;-39.75;0.0
2026-09-02;-3.75;-39.25;0.0
2026-09-02;-3.75;-38.75;0.0
2026-09-02;-3.75;-38.25;0.0
2026-09-02;-3.75;-37.75;
2026-09-02;-3.75;-37.25;
2026-09-02;-3.25;-41.25;0.0
2026-09-02;-3.25;-40.75;0.0
2026-09-02;-3.25;-40.25;0.0
2026-09-02;-3.25;-39.75;0.0
2026-09-02;-3.25;-39.25;0.0
2026-09-02;-3.25;-38.75;0.0
2026-09-02;-3.25;-38.25;
2026-09-02;-3.25;-37.75;
2026-09-02;-3.25;-37.25;
2026-09-02;-2.75;-41.25;0.0
2026-09-02;-2.75;-40.75;0.0
2026-09-02;-2.75;-40.25;0.0
2026-09-02;-2.75;-39.75;0.0
2026-09-02;-2.75;-39.25;
2026-09-02;-2.75;-38.75;
2026-09-02;-2.75;-38.25;
2026-09-02;-2.75;-37.75;
2026-09-02;-2.75;-37.25;
2026-09-03;-7.75;-41.25;0.0
2026-09-03;-7.75;-40.75;0.2214927226305008
2026-09-03;-7.75;-40.25;2.73093581199646
2026-09-03;-7.75;-39.75;6.390711784362793
2026-09-03;-7.75;-39.25;8.25284194946289
2026-09-03;-7.75;-38.75;4.247716903686523
2026-09-03;-7.75;-38.25;0.0
2026-09-03;-7.75;-37.75;0.0
2026-09-03;-7.75;-37.25;0.0
2026-09-03;-7.25;-41.25;0.0
2026-09-03;-7.25;-40.75;0.0
2026-09-03;-7.25;-40.25;0.0
2026-09-03;-7.25;-39.75;0.0
2026-09-03;-7.25;-39.25;0.0
2026-09-03;-7.25;-38.75;0.0
2026-09-03;-7.25;-38.25;0.0
2026-09-03;-7.25;-37.75;0.0
2026-09-03;-7.25;-37.25;0.0
2026-09-03;-6.75;-41.25;0.0
2026-09-03;-6.75;-40.75;0.0
2026-09-03;-6.75;-40.25;0.0
2026-09-03;-6.75;-39.75;0.0
2026-09-03;-6.75;-39.25;0.0
2026-09-03;-6.75;-38.75;0.0
2026-09-03;-6.75;-38.25;0.0
2026-09-03;-6.75;-37.75;0.0
2026-09-03;-6.75;-37.25;0.0
2026-09-03;-6.25;-41.25;0.0
2026-09-03;-6.25;-40.75;0.0
2026-09-03;-6.25;-40.25;0.0
2026-09-03;-6.25;-39.75;0.0
2026-09-03;-6.25;-39.25;0.0
2026-09-03;-6.25;-38.75;0.0
2026-09-03;-6.25;-38.25;0.0
2026-09-03;-6.25;-37.75;0.0
2026-09-03;-6.25;-37.25;0.0
2026-09-03;-5.75;-41.25;0.0
2026-09-03;-5.75;-40.75;0.0
2026-09-03;-5.75;-40.25;0.0
2026-09-03;-5.75;-39.75;0.0
2026-09-03;-5.75;-39.25;0.0
2026-09-03;-5.75;-38.75;0.0
2026-09-03;-5.75;-38.25;0.0
2026-09-03;-5.75;-37.75;0.0
2026-09-03;-5.75;-37.25;0.0
2026-09-03;-5.25;-41.25;0.0
2026-09-03;-5.25;-40.75;0.0
2026-09-03;-5.25;-40.25;0.5066989064216614
2026-09-03;-5.25;-39.75;0.0
2026-09-03;-5.25;-39.25;0.0
2026-09-03;-5.25;-38.75;0.0
2026-09-03;-5.25;-38.25;0.0
2026-09-03;-5.25;-37.75;0.0
2026-09-03;-5.25;-37.25;0.0
2026-09-03;-4.75;-41.25;0.0
2026-09-03;-4.75;-40.75;0.5346159338951111
2026-09-03;-4.75;-40.25;2.223113775253296
2026-09-03;-4.75;-39.75;1.489969730377197
2026-09-03;-4.75;-39.25;0.0
2026-09-03;-4.75;-38.75;0.0
2026-09-03;-4.75;-38.25;0.0
2026-09-03;-4.75;-37.75;0.0
2026-09-03;-4.75;-37.25;0.0
2026-09-03;-4.25;-41.25;0.0
2026-09-03;-4.25;-40.75;0.3907475173473358
2026-09-03;-4.25;-40.25;2.885776996612549
2026-09-03;-4.25;-39.75;2.181635856628418
2026-09-03;-4.25;-39.25;0.3466435074806213
2026-09-03;-4.25;-38.75;0.0
2026-09-03;-4.25;-38.25;0.0
2026-09-03;-4.25;-37.75;0.0
2026-09-03;-4.25;-37.25;
2026-09-03;-3.75;-41.25;0.0
2026-09-03;-3.75;-40.75;0.0
2026-09-03;-3.75;-40.25;0.3785844147205353
2026-09-03;-3.75;-39.75;0.3636007308959961
2026-09-03;-3.75;-39.25;0.0
2026-09-03;-3.75;-38.75;0.0
2026-09-03;-3.75;-38.25;0.0
2026-09-03;-3.75;-37.75;
2026-09-03;-3.75;-37.25;
2026-09-03;-3.25;-41.25;0.0
2026-09-03;-3.25;-40.75;0.0
2026-09-03;-3.25;-40.25;0.0
2026-09-03;-3.25;-39.75;0.0
2026-09-03;-3.25;-39.25;0.0
2026-09-03;-3.25;-38.75;0.0
2026-09-03;-3.25;-38.25;
2026-09-03;-3.25;-37.75;
2026-09-03;-3.25;-37.25;
2026-09-03;-2.75;-41.25;0.0
2026-09-03;-2.75;-40.75;0.0
2026-09-03;-2.75;-40.25;0.0
2026-09-03;-2.75;-39.75;0.0
2026-09-03;-2.75;-39.25;
2026-09-03;-2.75;-38.75;
2026-09-03;-2.75;-38.25;
2026-09-03;-2.75;-37.75;
2026-09-03;-2.75;-37.25;
2026-09-04;-7.75;-41.25;0.0
2026-09-04;-7.75;-40.75;0.0
2026-09-04;-7.75;-40.25;0.0
2026-09-04;-7.75;-39.75;1.72641384601593
2026-09-04;-7.75;-39.25;0.7061411738395691
2026-09-04;-7.75;-38.75;6.375199317932129
2026-09-04;-7.75;-38.25;14.57101249694824
2026-09-04;-7.75;-37.75;6.594052791595459
2026-09-04;-7.75;-37.25;0.0
2026-09-04;-7.25;-41.25;0.0
2026-09-04;-7.25;-40.75;0.0
2026-09-04;-7.25;-40.25;0.0
2026-09-04;-7.25;-39.75;0.0
2026-09-04;-7.25;-39.25;0.0
2026-09-04;-7.25;-38.75;0.0
2026-09-04;-7.25;-38.25;0.2521849870681763
2026-09-04;-7.25;-37.75;0.0
2026-09-04;-7.25;-37.25;0.0
2026-09-04;-6.75;-41.25;0.0
2026-09-04;-6.75;-40.75;0.0
2026-09-04;-6.75;-40.25;0.0
2026-09-04;-6.75;-39.75;0.0
2026-09-04;-6.75;-39.25;0.0
2026-09-04;-6.75;-38.75;0.0
2026-09-04;-6.75;-38.25;0.0
2026-09-04;-6.75;-37.75;1.293330907821655
2026-09-04;-6.75;-37.25;6.062891960144043
2026-09-04;-6.25;-41.25;0.0
2026-09-04;-6.25;-40.75;0.0
2026-09-04;-6.25;-40.25;0.0
2026-09-04;-6.25;-39.75;0.0
2026-09-04;-6.25;-39.25;0.0
2026-09-04;-6.25;-38.75;0.0
2026-09-04;-6.25;-38.25;0.2670747637748718
2026-09-04;-6.25;-37.75;10.50743007659912
2026-09-04;-6.25;-37.25;11.95935726165771
2026-09-04;-5.75;-41.25;0.0
2026-09-04;-5.75;-40.75;0.0
2026-09-04;-5.75;-40.25;0.0
2026-09-04;-5.75;-39.75;1.588934659957886
2026-09-04;-5.75;-39.25;2.384382486343384
2026-09-04;-5.75;-38.75;0.0
2026-09-04;-5.75;-38.25;0.0
2026-09-04;-5.75;-37.75;4.47462797164917
2026-09-04;-5.75;-37.25;0.7936050891876221
2026-09-04;-5.25;-41.25;0.0
2026-09-04;-5.25;-40.75;0.0
2026-09-04;-5.25;-40.25;0.0
2026-09-04;-5.25;-39.75;0.6357421875
2026-09-04;-5.25;-39.25;0.3618704080581665
2026-09-04;-5.25;-38.75;0.0
2026-09-04;-5.25;-38.25;0.0
2026-09-04;-5.25;-37.75;0.0
2026-09-04;-5.25;-37.25;0.0
2026-09-04;-4.75;-41.25;0.0
2026-09-04;-4.75;-40.75;0.0
2026-09-04;-4.75;-40.25;0.0
2026-09-04;-4.75;-39.75;0.0
2026-09-04;-4.75;-39.25;0.0
2026-09-04;-4.75;-38.75;0.0
2026-09-04;-4.75;-38.25;0.0
2026-09-04;-4.75;-37.75;0.0
2026-09-04;-4.75;-37.25;0.0
2026-09-04;-4.25;-41.25;0.0
2026-09-04;-4.25;-40.75;0.0
2026-09-04;-4.25;-40.25;0.0
2026-09-04;-4.25;-39.75;0.0
2026-09-04;-4.25;-39.25;0.0
2026-09-04;-4.25;-38.75;0.0
2026-09-04;-4.25;-38.25;0.0
2026-09-04;-4.25;-37.75;0.0
2026-09-04;-4.25;-37.25;
2026-09-04;-3.75;-41.25;0.0
2026-09-04;-3.75;-40.75;0.0
2026-09-04;-3.75;-40.25;0.0
2026-09-04;-3.75;-39.75;0.0
2026-09-04;-3.75;-39.25;0.0
2026-09-04;-3.75;-38.75;0.0
2026-09-04;-3.75;-38.25;0.0
2026-09-04;-3.75;-37.75;
2026-09-04;-3.75;-37.25;
2026-09-04;-3.25;-41.25;0.0
2026-09-04;-3.25;-40.75;0.0
2026-09-04;-3.25;-40.25;0.0
2026-09-04;-3.25;-39.75;0.0
2026-09-04;-3.25;-39.25;0.0
2026-09-04;-3.25;-38.75;0.0
2026-09-04;-3.25;-38.25;
2026-09-04;-3.25;-37.75;
2026-09-04;-3.25;-37.25;
2026-09-04;-2.75;-41.25;0.0
2026-09-04;-2.75;-40.75;0.0
2026-09-04;-2.75;-40.25;0.0
2026-09-04;-2.75;-39.75;0.0
2026-09-04;-2.75;-39.25;
2026-09-04;-2.75;-38.75;
2026-09-04;-2.75;-38.25;
2026-09-04;-2.75;-37.75;
2026-09-04;-2.75;-37.25;
2026-09-05;-7.75;-41.25;0.0
2026-09-05;-7.75;-40.75;0.0
2026-09-05;-7.75;-40.25;0.2106911242008209
2026-09-05;-7.75;-39.75;2.329158067703247
2026-09-05;-7.75;-39.25;0.8641398549079895
2026-09-05;-7.75;-38.75;0.0
2026-09-05;-7.75;-38.25;0.0
2026-09-05;-7.75;-37.75;0.0
2026-09-05;-7.75;-37.25;0.0
2026-09-05;-7.25;-41.25;0.0
2026-09-05;-7.25;-40.75;0.0
2026-09-05;-7.25;-40.25;0.0
2026-09-05;-7.25;-39.75;0.0
2026-09-05;-7.25;-39.25;0.0
2026-09-05;-7.25;-38.75;0.0
2026-09-05;-7.25;-38.25;0.0
2026-09-05;-7.25;-37.75;0.0
2026-09-05;-7.25;-37.25;0.0
2026-09-05;-6.75;-41.25;0.0
2026-09-05;-6.75;-40.75;0.0
2026-09-05;-6.75;-40.25;0.0
2026-09-05;-6.75;-39.75;0.0
2026-09-05;-6.75;-39.25;0.0
2026-09-05;-6.75;-38.75;0.0
2026-09-05;-6.75;-38.25;0.0
2026-09-05;-6.75;-37.75;0.0
2026-09-05;-6.75;-37.25;0.0
2026-09-05;-6.25;-41.25;0.0
2026-09-05;-6.25;-40.75;0.0
2026-09-05;-6.25;-40.25;0.0
2026-09-05;-6.25;-39.75;0.0
2026-09-05;-6.25;-39.25;0.0
2026-09-05;-6.25;-38.75;0.0
2026-09-05;-6.25;-38.25;0.0
2026-09-05;-6.25;-37.75;0.0
2026-09-05;-6.25;-37.25;0.0
2026-09-05;-5.75;-41.25;0.0
2026-09-05;-5.75;-40.75;0.0
2026-09-05;-5.75;-40.25;0.0
2026-09-05;-5.75;-39.75;0.0
2026-09-05;-5.75;-39.25;0.0
2026-09-05;-5.75;-38.75;0.0
2026-09-05;-5.75;-38.25;0.0
2026-09-05;-5.75;-37.75;0.0
2026-09-05;-5.75;-37.25;0.0
2026-09-05;-5.25;-41.25;0.0
2026-09-05;-5.25;-40.75;0.0
2026-09-05;-5.25;-40.25;0.0
2026-09-05;-5.25;-39.75;0.0
2026-09-05;-5.25;-39.25;0.0
2026-09-05;-5.25;-38.75;0.2854324579238892
2026-09-05;-5.25;-38.25;0.0
2026-09-05;-5.25;-37.75;0.0
2026-09-05;-5.25;-37.25;0.0
2026-09-05;-4.75;-41.25;0.0
2026-09-05;-4.75;-40.75;0.0
2026-09-05;-4.75;-40.25;0.0
2026-09-05;-4.75;-39.75;0.0
2026-09-05;-4.75;-39.25;0.7103896737098694
2026-09-05;-4.75;-38.75;0.5630413889884949
2026-09-05;-4.75;-38.25;0.0
2026-09-05;-4.75;-37.75;0.0
2026-09-05;-4.75;-37.25;0.0
2026-09-05;-4.25;-41.25;0.0
2026-09-05;-4.25;-40.75;0.0
2026-09-05;-4.25;-40.25;0.0
2026-09-05;-4.25;-39.75;0.0
2026-09-05;-4.25;-39.25;0.2625162303447723
2026-09-05;-4.25;-38.75;4.253350734710693
2026-09-05;-4.25;-38.25;9.291549682617188
2026-09-05;-4.25;-37.75;7.049622058868408
2026-09-05;-4.25;-37.25;
2026-09-05;-3.75;-41.25;0.0
2026-09-05;-3.75;-40.75;0.0
2026-09-05;-3.75;-40.25;0.0
2026-09-05;-3.75;-39.75;0.0
2026-09-05;-3.75;-39.25;1.001635193824768
2026-09-05;-3.75;-38.75;12.0955867767334
2026-09-05;-3.75;-38.25;16.83698654174805
2026-09-05;-3.75;-37.75;
2026-09-05;-3.75;-37.25;
2026-09-05;-3.25;-41.25;0.0
2026-09-05;-3.25;-40.75;0.0
2026-09-05;-3.25;-40.25;0.0
2026-09-05;-3.25;-39.75;0.0
2026-09-05;-3.25;-39.25;2.062153339385986
2026-09-05;-3.25;-38.75;10.19541549682617
2026-09-05;-3.25;-38.25;
2026-09-05;-3.25;-37.75;
2026-09-05;-3.25;-37.25;
2026-09-05;-2.75;-41.25;0.0
2026-09-05;-2.75;-40.75;0.0
2026-09-05;-2.75;-40.25;0.0
2026-09-05;-2.75;-39.75;0.0
2026-09-05;-2.75;-39.25;
2026-09-05;-2.75;-38.75;
2026-09-05;-2.75;-38.25;
2026-09-05;-2.75;-37.75;
2026-09-05;-2.75;-37.25;
2026-09-06;-7.75;-41.25;0.0
2026-09-06;-7.75;-40.75;0.0
2026-09-06;-7.75;-40.25;0.0
2026-09-06;-7.75;-39.75;0.835761547088623
2026-09-06;-7.75;-39.25;0.3100876808166504
2026-09-06;-7.75;-38.75;0.0
2026-09-06;-7.75;-38.25;0.0
2026-09-06;-7.75;-37.75;0.0
2026-09-06;-7.75;-37.25;0.0
2026-09-06;-7.25;-41.25;0.0
2026-09-06;-7.25;-40.75;0.0
2026-09-06;-7.25;-40.25;0.0
2026-09-06;-7.25;-39.75;0.0
2026-09-06;-7.25;-39.25;0.0
2026-09-06;-7.25;-38.75;0.0
2026-09-06;-7.25;-38.25;0.0
2026-09-06;-7.25;-37.75;0.0
2026-09-06;-7.25;-37.25;0.0
2026-09-06;-6.75;-41.25;0.0
2026-09-06;-6.75;-40.75;0.0
2026-09-06;-6.75;-40.25;0.0
2026-09-06;-6.75;-39.75;0.0
2026-09-06;-6.75;-39.25;0.0
2026-09-06;-6.75;-38.75;0.0
2026-09-06;-6.75;-38.25;0.0
2026-09-06;-6.75;-37.75;0.0
2026-09-06;-6.75;-37.25;0.0
2026-09-06;-6.25;-41.25;0.0
2026-09-06;-6.25;-40.75;0.0
2026-09-06;-6.25;-40.25;0.0
2026-09-06;-6.25;-39.75;0.0
2026-09-06;-6.25;-39.25;0.0
2026-09-06;-6.25;-38.75;0.0
2026-09-06;-6.25;-38.25;0.0
2026-09-06;-6.25;-37.75;0.0
2026-09-06;-6.25;-37.25;0.0
2026-09-06;-5.75;-41.25;0.0
2026-09-06;-5.75;-40.75;0.0
2026-09-06;-5.75;-40.25;0.0
2026-09-06;-5.75;-39.75;0.0
2026-09-06;-5.75;-39.25;0.0
2026-09-06;-5.75;-38.75;0.0
2026-09-06;-5.75;-38.25;0.0
2026-09-06;-5.75;-37.75;0.0
2026-09-06;-5.75;-37.25;0.0
2026-09-06;-5.25;-41.25;0.0
2026-09-06;-5.25;-40.75;0.0
2026-09-06;-5.25;-40.25;0.0
2026-09-06;-5.25;-39.75;0.0
2026-09-06;-5.25;-39.25;0.0
2026-09-06;-5.25;-38.75;0.0
2026-09-06;-5.25;-38.25;0.0
2026-09-06;-5.25;-37.75;0.0
2026-09-06;-5.25;-37.25;0.0
2026-09-06;-4.75;-41.25;0.0
2026-09-06;-4.75;-40.75;0.0
2026-09-06;-4.75;-40.25;0.0
2026-09-06;-4.75;-39.75;0.0
2026-09-06;-4.75;-39.25;0.0
2026-09-06;-4.75;-38.75;0.0
2026-09-06;-4.75;-38.25;0.0
2026-09-06;-4.75;-37.75;0.0
2026-09-06;-4.75;-37.25;0.0
2026-09-06;-4.25;-41.25;1.059755325317383
2026-09-06;-4.25;-40.75;0.0
2026-09-06;-4.25;-40.25;0.0
2026-09-06;-4.25;-39.75;0.0
2026-09-06;-4.25;-39.25;0.0
2026-09-06;-4.25;-38.75;0.0
2026-09-06;-4.25;-38.25;0.0
2026-09-06;-4.25;-37.75;0.0
2026-09-06;-4.25;-37.25;
2026-09-06;-3.75;-41.25;2.143343925476074
2026-09-06;-3.75;-40.75;0.0
2026-09-06;-3.75;-40.25;0.0
2026-09-06;-3.75;-39.75;0.0
2026-09-06;-3.75;-39.25;0.0
2026-09-06;-3.75;-38.75;0.0
2026-09-06;-3.75;-38.25;0.0
2026-09-06;-3.75;-37.75;
2026-09-06;-3.75;-37.25;
2026-09-06;-3.25;-41.25;0.3686659336090088
2026-09-06;-3.25;-40.75;0.0
2026-09-06;-3.25;-40.25;0.0
2026-09-06;-3.25;-39.75;0.0
2026-09-06;-3.25;-39.25;0.0
2026-09-06;-3.25;-38.75;0.0
2026-09-06;-3.25;-38.25;
2026-09-06;-3.25;-37.75;
2026-09-06;-3.25;-37.25;
2026-09-06;-2.75;-41.25;0.0
2026-09-06;-2.75;-40.75;0.0
2026-09-06;-2.75;-40.25;0.0
2026-09-06;-2.75;-39.75;0.0
2026-09-06;-2.75;-39.25;
2026-09-06;-2.75;-38.75;
2026-09-06;-2.75;-38.25;
2026-09-06;-2.75;-37.75;
2026-09-06;-2.75;-37.25;
2026-09-07;-7.75;-41.25;0.0
2026-09-07;-7.75;-40.75;0.0
2026-09-07;-7.75;-40.25;0.0
2026-09-07;-7.75;-39.75;0.4771292507648468
2026-09-07;-7.75;-39.25;0.2270722538232803
2026-09-07;-7.75;-38.75;1.448924660682678
2026-09-07;-7.75;-38.25;2.029798030853271
2026-09-07;-7.75;-37.75;0.6145971417427063
2026-09-07;-7.75;-37.25;0.0
2026-09-07;-7.25;-41.25;0.0
2026-09-07;-7.25;-40.75;0.0
2026-09-07;-7.25;-40.25;0.0
2026-09-07;-7.25;-39.75;0.0
2026-09-07;-7.25;-39.25;0.0
2026-09-07;-7.25;-38.75;1.392140626907349
2026-09-07;-7.25;-38.25;2.213737726211548
2026-09-07;-7.25;-37.75;0.2467387616634369
2026-09-07;-7.25;-37.25;0.0
2026-09-07;-6.75;-41.25;0.0
2026-09-07;-6.75;-40.75;0.0
2026-09-07;-6.75;-40.25;0.0
2026-09-07;-6.75;-39.75;0.0
2026-09-07;-6.75;-39.25;0.0
2026-09-07;-6.75;-38.75;0.0
2026-09-07;-6.75;-38.25;0.0
2026-09-07;-6.75;-37.75;0.0
2026-09-07;-6.75;-37.25;0.0
2026-09-07;-6.25;-41.25;0.0
2026-09-07;-6.25;-40.75;0.0
2026-09-07;-6.25;-40.25;0.0
2026-09-07;-6.25;-39.75;0.0
2026-09-07;-6.25;-39.25;0.0
2026-09-07;-6.25;-38.75;0.0
2026-09-07;-6.25;-38.25;0.0
2026-09-07;-6.25;-37.75;0.0
2026-09-07;-6.25;-37.25;0.0
2026-09-07;-5.75;-41.25;0.0
2026-09-07;-5.75;-40.75;0.0
2026-09-07;-5.75;-40.25;0.0
2026-09-07;-5.75;-39.75;0.0
2026-09-07;-5.75;-39.25;0.0
2026-09-07;-5.75;-38.75;0.0
2026-09-07;-5.75;-38.25;0.0
2026-09-07;-5.75;-37.75;0.0
2026-09-07;-5.75;-37.25;0.0
2026-09-07;-5.25;-41.25;0.0
2026-09-07;-5.25;-40.75;0.0
2026-09-07;-5.25;-40.25;0.0
2026-09-07;-5.25;-39.75;0.0
2026-09-07;-5.25;-39.25;0.0
2026-09-07;-5.25;-38.75;0.0
2026-09-07;-5.25;-38.25;0.0
2026-09-07;-5.25;-37.75;0.0
2026-09-07;-5.25;-37.25;0.0
2026-09-07;-4.75;-41.25;0.0
2026-09-07;-4.75;-40.75;0.0
2026-09-07;-4.75;-40.25;0.0
2026-09-07;-4.75;-39.75;0.0
2026-09-07;-4.75;-39.25;0.0
2026-09-07;-4.75;-38.75;0.0
2026-09-07;-4.75;-38.25;0.0
2026-09-07;-4.75;-37.75;0.0
2026-09-07;-4.75;-37.25;0.0
2026-09-07;-4.25;-41.25;0.0
2026-09-07;-4.25;-40.75;0.0
2026-09-07;-4.25;-40.25;0.0
2026-09-07;-4.25;-39.75;0.0
2026-09-07;-4.25;-39.25;0.0
2026-09-07;-4.25;-38.75;0.0
2026-09-07;-4.25;-38.25;0.3908882737159729
2026-09-07;-4.25;-37.75;0.25490802526474
2026-09-07;-4.25;-37.25;
2026-09-07;-3.75;-41.25;0.0
2026-09-07;-3.75;-40.75;0.0
2026-09-07;-3.75;-40.25;0.0
2026-09-07;-3.75;-39.75;0.0
2026-09-07;-3.75;-39.25;0.0
2026-09-07;-3.75;-38.75;0.529792308807373
2026-09-07;-3.75;-38.25;0.8410050272941589
2026-09-07;-3.75;-37.75;
2026-09-07;-3.75;-37.25;
2026-09-07;-3.25;-41.25;0.0
2026-09-07;-3.25;-40.75;0.0
2026-09-07;-3.25;-40.25;0.0
2026-09-07;-3.25;-39.75;0.0
2026-09-07;-3.25;-39.25;0.0
2026-09-07;-3.25;-38.75;0.368363231420517
2026-09-07;-3.25;-38.25;
2026-09-07;-3.25;-37.75;
2026-09-07;-3.25;-37.25;
2026-09-07;-2.75;-41.25;0.0
2026-09-07;-2.75;-40.75;0.0
2026-09-07;-2.75;-40.25;0.0
2026-09-07;-2.75;-39.75;0.0
2026-09-07;-2.75;-39.25;
2026-09-07;-2.75;-38.75;
2026-09-07;-2.75;-38.25;
2026-09-07;-2.75;-37.75;
2026-09-07;-2.75;-37.25;
2026-09-08;-7.75;-41.25;0.0
2026-09-08;-7.75;-40.75;0.0
2026-09-08;-7.75;-40.25;0.0
2026-09-08;-7.75;-39.75;2.1472487449646
2026-09-08;-7.75;-39.25;0.7966905236244202
2026-09-08;-7.75;-38.75;0.0
2026-09-08;-7.75;-38.25;0.0
2026-09-08;-7.75;-37.75;0.0
2026-09-08;-7.75;-37.25;0.0
2026-09-08;-7.25;-41.25;0.0
2026-09-08;-7.25;-40.75;0.0
2026-09-08;-7.25;-40.25;0.0
2026-09-08;-7.25;-39.75;0.0
2026-09-08;-7.25;-39.25;0.0
2026-09-08;-7.25;-38.75;0.0
2026-09-08;-7.25;-38.25;0.0
2026-09-08;-7.25;-37.75;0.0
2026-09-08;-7.25;-37.25;0.0
2026-09-08;-6.75;-41.25;0.0
2026-09-08;-6.75;-40.75;0.0
2026-09-08;-6.75;-40.25;0.0
2026-09-08;-6.75;-39.75;0.0
2026-09-08;-6.75;-39.25;0.0
2026-09-08;-6.75;-38.75;0.0
2026-09-08;-6.75;-38.25;0.0
2026-09-08;-6.75;-37.75;0.0
2026-09-08;-6.75;-37.25;0.0
2026-09-08;-6.25;-41.25;0.0
2026-09-08;-6.25;-40.75;0.0
2026-09-08;-6.25;-40.25;0.0
2026-09-08;-6.25;-39.75;0.0
2026-09-08;-6.25;-39.25;0.0
2026-09-08;-6.25;-38.75;0.0
2026-09-08;-6.25;-38.25;0.0
2026-09-08;-6.25;-37.75;0.0
2026-09-08;-6.25;-37.25;0.0
2026-09-08;-5.75;-41.25;0.0
2026-09-08;-5.75;-40.75;0.0
2026-09-08;-5.75;-40.25;0.0
2026-09-08;-5.75;-39.75;0.0
2026-09-08;-5.75;-39.25;0.0
2026-09-08;-5.75;-38.75;0.0
2026-09-08;-5.75;-38.25;0.0
2026-09-08;-5.75;-37.75;0.0
2026-09-08;-5.75;-37.25;0.0
2026-09-08;-5.25;-41.25;0.0
2026-09-08;-5.25;-40.75;0.0
2026-09-08;-5.25;-40.25;0.0
2026-09-08;-5.25;-39.75;0.0
2026-09-08;-5.25;-39.25;0.0
2026-09-08;-5.25;-38.75;0.0
2026-09-08;-5.25;-38.25;0.0
2026-09-08;-5.25;-37.75;0.0
2026-09-08;-5.25;-37.25;0.0
2026-09-08;-4.75;-41.25;0.0
2026-09-08;-4.75;-40.75;0.0
2026-09-08;-4.75;-40.25;0.0
2026-09-08;-4.75;-39.75;0.0
2026-09-08;-4.75;-39.25;0.0
2026-09-08;-4.75;-38.75;0.0
2026-09-08;-4.75;-38.25;0.0
2026-09-08;-4.75;-37.75;0.0
2026-09-08;-4.75;-37.25;0.0
2026-09-08;-4.25;-41.25;0.0
2026-09-08;-4.25;-40.75;0.0
2026-09-08;-4.25;-40.25;0.0
2026-09-08;-4.25;-39.75;0.0
2026-09-08;-4.25;-39.25;0.0
2026-09-08;-4.25;-38.75;0.0
2026-09-08;-4.25;-38.25;0.0
2026-09-08;-4.25;-37.75;0.0
2026-09-08;-4.25;-37.25;
2026-09-08;-3.75;-41.25;0.0
2026-09-08;-3.75;-40.75;0.0
2026-09-08;-3.75;-40.25;0.0
2026-09-08;-3.75;-39.75;0.0
2026-09-08;-3.75;-39.25;0.0
2026-09-08;-3.75;-38.75;0.0
2026-09-08;-3.75;-38.25;0.0
2026-09-08;-3.75;-37.75;
2026-09-08;-3.75;-37.25;
2026-09-08;-3.25;-41.25;0.0
2026-09-08;-3.25;-40.75;0.0
2026-09-08;-3.25;-40.25;0.0
2026-09-08;-3.25;-39.75;0.0
2026-09-08;-3.25;-39.25;0.0
2026-09-08;-3.25;-38.75;0.0
2026-09-08;-3.25;-38.25;
2026-09-08;-3.25;-37.75;
2026-09-08;-3.25;-37.25;
2026-09-08;-2.75;-41.25;0.0
2026-09-08;-2.75;-40.75;0.0
2026-09-08;-2.75;-40.25;0.0
2026-09-08;-2.75;-39.75;0.0
2026-09-08;-2.75;-39.25;
2026-09-08;-2.75;-38.75;
2026-09-08;-2.75;-38.25;
2026-09-08;-2.75;-37.75;
2026-09-08;-2.75;-37.25;
2026-09-09;-7.75;-41.25;0.0
2026-09-09;-7.75;-40.75;0.0
2026-09-09;-7.75;-40.25;0.0
2026-09-09;-7.75;-39.75;0.953898012638092
2026-09-09;-7.75;-39.25;0.3539126515388489
2026-09-09;-7.75;-38.75;0.0
2026-09-09;-7.75;-38.25;0.0
2026-09-09;-7.75;-37.75;0.0
2026-09-09;-7.75;-37.25;0.0
2026-09-09;-7.25;-41.25;0.0
2026-09-09;-7.25;-40.75;0.0
2026-09-09;-7.25;-40.25;0.0
2026-09-09;-7.25;-39.75;0.0
2026-09-09;-7.25;-39.25;0.0
2026-09-09;-7.25;-38.75;0.0
2026-09-09;-7.25;-38.25;0.0
2026-09-09;-7.25;-37.75;0.0
2026-09-09;-7.25;-37.25;0.0
2026-09-09;-6.75;-41.25;0.0
2026-09-09;-6.75;-40.75;0.0
2026-09-09;-6.75;-40.25;0.0
2026-09-09;-6.75;-39.75;0.0
2026-09-09;-6.75;-39.25;0.0
2026-09-09;-6.75;-38.75;0.0
2026-09-09;-6.75;-38.25;0.0
2026-09-09;-6.75;-37.75;0.0
2026-09-09;-6.75;-37.25;0.0
2026-09-09;-6.25;-41.25;0.0
2026-09-09;-6.25;-40.75;0.0
2026-09-09;-6.25;-40.25;0.0
2026-09-09;-6.25;-39.75;0.0
2026-09-09;-6.25;-39.25;0.0
2026-09-09;-6.25;-38.75;0.0
2026-09-09;-6.25;-38.25;0.0
2026-09-09;-6.25;-37.75;0.0
2026-09-09;-6.25;-37.25;0.0
2026-09-09;-5.75;-41.25;0.0
2026-09-09;-5.75;-40.75;0.0
2026-09-09;-5.75;-40.25;0.0
2026-09-09;-5.75;-39.75;0.0
2026-09-09;-5.75;-39.25;0.0
2026-09-09;-5.75;-38.75;0.0
2026-09-09;-5.75;-38.25;0.0
2026-09-09;-5.75;-37.75;0.0
2026-09-09;-5.75;-37.25;0.0
2026-09-09;-5.25;-41.25;0.0
2026-09-09;-5.25;-40.75;0.0
2026-09-09;-5.25;-40.25;0.0
2026-09-09;-5.25;-39.75;0.0
2026-09-09;-5.25;-39.25;0.0
2026-09-09;-5.25;-38.75;0.0
2026-09-09;-5.25;-38.25;0.0
2026-09-09;-5.25;-37.75;0.0
2026-09-09;-5.25;-37.25;0.0
2026-09-09;-4.75;-41.25;0.0
2026-09-09;-4.75;-40.75;0.0
2026-09-09;-4.75;-40.25;0.0
2026-09-09;-4.75;-39.75;0.0
2026-09-09;-4.75;-39.25;0.0
2026-09-09;-4.75;-38.75;0.0
2026-09-09;-4.75;-38.25;0.0
2026-09-09;-4.75;-37.75;0.0
2026-09-09;-4.75;-37.25;0.0
2026-09-09;-4.25;-41.25;0.0
2026-09-09;-4.25;-40.75;0.0
2026-09-09;-4.25;-40.25;0.0
2026-09-09;-4.25;-39.75;0.0
2026-09-09;-4.25;-39.25;0.0
2026-09-09;-4.25;-38.75;0.0
2026-09-09;-4.25;-38.25;0.0
2026-09-09;-4.25;-37.75;0.0
2026-09-09;-4.25;-37.25;
2026-09-09;-3.75;-41.25;0.0
2026-09-09;-3.75;-40.75;0.0
2026-09-09;-3.75;-40.25;0.0
2026-09-09;-3.75;-39.75;0.0
2026-09-09;-3.75;-39.25;0.0
2026-09-09;-3.75;-38.75;0.0
2026-09-09;-3.75;-38.25;0.0
2026-09-09;-3.75;-37.75;
2026-09-09;-3.75;-37.25;
2026-09-09;-3.25;-41.25;0.0
2026-09-09;-3.25;-40.75;0.0
2026-09-09;-3.25;-40.25;0.0
2026-09-09;-3.25;-39.75;0.0
2026-09-09;-3.25;-39.25;0.0
2026-09-09;-3.25;-38.75;0.0
2026-09-09;-3.25;-38.25;
2026-09-09;-3.25;-37.75;
2026-09-09;-3.25;-37.25;
2026-09-09;-2.75;-41.25;0.0
2026-09-09;-2.75;-40.75;0.0
2026-09-09;-2.75;-40.25;0.0
2026-09-09;-2.75;-39.75;0.0
2026-09-09;-2.75;-39.25;
2026-09-09;-2.75;-38.75;
2026-09-09;-2.75;-38.25;
2026-09-09;-2.75;-37.75;
2026-09-09;-2.75;-37.25;
2026-09-10;-7.75;-41.25;0.0
2026-09-10;-7.75;-40.75;0.0
2026-09-10;-7.75;-40.25;0.0
2026-09-10;-7.75;-39.75;0.2892900109291077
2026-09-10;-7.75;-39.25;0.0
2026-09-10;-7.75;-38.75;0.4021112620830536
2026-09-10;-7.75;-38.25;0.0
2026-09-10;-7.75;-37.75;0.0
2026-09-10;-7.75;-37.25;0.0
2026-09-10;-7.25;-41.25;0.0
2026-09-10;-7.25;-40.75;0.0
2026-09-10;-7.25;-40.25;0.0
2026-09-10;-7.25;-39.75;0.0
2026-09-10;-7.25;-39.25;0.0
2026-09-10;-7.25;-38.75;0.0
2026-09-10;-7.25;-38.25;0.0
2026-09-10;-7.25;-37.75;0.0
2026-09-10;-7.25;-37.25;0.0
2026-09-10;-6.75;-41.25;0.0
2026-09-10;-6.75;-40.75;0.0
2026-09-10;-6.75;-40.25;0.0
2026-09-10;-6.75;-39.75;0.0
2026-09-10;-6.75;-39.25;0.0
2026-09-10;-6.75;-38.75;0.0
2026-09-10;-6.75;-38.25;0.0
2026-09-10;-6.75;-37.75;1.227194666862488
2026-09-10;-6.75;-37.25;5.715907573699951
2026-09-10;-6.25;-41.25;0.0
2026-09-10;-6.25;-40.75;0.0
2026-09-10;-6.25;-40.25;0.0
2026-09-10;-6.25;-39.75;0.0
2026-09-10;-6.25;-39.25;0.0
2026-09-10;-6.25;-38.75;0.0
2026-09-10;-6.25;-38.25;0.0
2026-09-10;-6.25;-37.75;8.087486267089844
2026-09-10;-6.25;-37.25;11.21637153625488
2026-09-10;-5.75;-41.25;0.0
2026-09-10;-5.75;-40.75;0.0
2026-09-10;-5.75;-40.25;0.0
2026-09-10;-5.75;-39.75;0.0
2026-09-10;-5.75;-39.25;0.0
2026-09-10;-5.75;-38.75;0.0
2026-09-10;-5.75;-38.25;0.0
2026-09-10;-5.75;-37.75;0.8390000462532043
2026-09-10;-5.75;-37.25;0.4870532155036926
2026-09-10;-5.25;-41.25;0.0
2026-09-10;-5.25;-40.75;0.0
2026-09-10;-5.25;-40.25;0.0
2026-09-10;-5.25;-39.75;0.0
2026-09-10;-5.25;-39.25;0.0
2026-09-10;-5.25;-38.75;0.4426847398281097
2026-09-10;-5.25;-38.25;0.9689636826515198
2026-09-10;-5.25;-37.75;0.0
2026-09-10;-5.25;-37.25;0.0
2026-09-10;-4.75;-41.25;0.0
2026-09-10;-4.75;-40.75;0.0
2026-09-10;-4.75;-40.25;0.0
2026-09-10;-4.75;-39.75;0.0
2026-09-10;-4.75;-39.25;0.0
2026-09-10;-4.75;-38.75;1.430327534675598
2026-09-10;-4.75;-38.25;4.037436962127686
2026-09-10;-4.75;-37.75;1.197262644767761
2026-09-10;-4.75;-37.25;0.0
2026-09-10;-4.25;-41.25;0.0
2026-09-10;-4.25;-40.75;0.0
2026-09-10;-4.25;-40.25;0.0
2026-09-10;-4.25;-39.75;0.0
2026-09-10;-4.25;-39.25;1.643010020256042
2026-09-10;-4.25;-38.75;25.58034706115723
2026-09-10;-4.25;-38.25;57.69367218017578
2026-09-10;-4.25;-37.75;43.37211608886719
2026-09-10;-4.25;-37.25;
2026-09-10;-3.75;-41.25;0.0
2026-09-10;-3.75;-40.75;0.0
2026-09-10;-3.75;-40.25;0.0
2026-09-10;-3.75;-39.75;0.0
2026-09-10;-3.75;-39.25;6.296653747558594
2026-09-10;-3.75;-38.75;72.40210723876953
2026-09-10;-3.75;-38.25;100.9514617919922
2026-09-10;-3.75;-37.75;
2026-09-10;-3.75;-37.25;
2026-09-10;-3.25;-41.25;0.0
2026-09-10;-3.25;-40.75;0.0
2026-09-10;-3.25;-40.25;0.0
2026-09-10;-3.25;-39.75;0.0
2026-09-10;-3.25;-39.25;14.4705286026001
2026-09-10;-3.25;-38.75;60.87225341796875
2026-09-10;-3.25;-38.25;
2026-09-10;-3.25;-37.75;
2026-09-10;-3.25;-37.25;
2026-09-10;-2.75;-41.25;0.0
2026-09-10;-2.75;-40.75;0.0
2026-09-10;-2.75;-40.25;0.0
2026-09-10;-2.75;-39.75;0.0
2026-09-10;-2.75;-39.25;
2026-09-10;-2.75;-38.75;
2026-09-10;-2.75;-38.25;
2026-09-10;-2.75;-37.75;
2026-09-10;-2.75;-37.25;
2026-09-11;-7.75;-41.25;0.0
2026-09-11;-7.75;-40.75;0.0
2026-09-11;-7.75;-40.25;0.0
2026-09-11;-7.75;-39.75;0.0
2026-09-11;-7.75;-39.25;0.0
2026-09-11;-7.75;-38.75;0.0
2026-09-11;-7.75;-38.25;0.0
2026-09-11;-7.75;-37.75;0.0
2026-09-11;-7.75;-37.25;0.0
2026-09-11;-7.25;-41.25;0.0
2026-09-11;-7.25;-40.75;0.0
2026-09-11;-7.25;-40.25;0.0
2026-09-11;-7.25;-39.75;0.0
2026-09-11;-7.25;-39.25;0.0
2026-09-11;-7.25;-38.75;0.0
2026-09-11;-7.25;-38.25;0.0
2026-09-11;-7.25;-37.75;0.0
2026-09-11;-7.25;-37.25;0.0
2026-09-11;-6.75;-41.25;0.0
2026-09-11;-6.75;-40.75;0.0
2026-09-11;-6.75;-40.25;0.0
2026-09-11;-6.75;-39.75;0.0
2026-09-11;-6.75;-39.25;0.0
2026-09-11;-6.75;-38.75;0.0
2026-09-11;-6.75;-38.25;0.0
2026-09-11;-6.75;-37.75;0.0
2026-09-11;-6.75;-37.25;0.0
2026-09-11;-6.25;-41.25;0.0
2026-09-11;-6.25;-40.75;0.0
2026-09-11;-6.25;-40.25;0.0
2026-09-11;-6.25;-39.75;0.0
2026-09-11;-6.25;-39.25;0.0
2026-09-11;-6.25;-38.75;0.0
2026-09-11;-6.25;-38.25;0.0
2026-09-11;-6.25;-37.75;0.0
2026-09-11;-6.25;-37.25;0.0
2026-09-11;-5.75;-41.25;0.0
2026-09-11;-5.75;-40.75;0.0
2026-09-11;-5.75;-40.25;0.0
2026-09-11;-5.75;-39.75;0.0
2026-09-11;-5.75;-39.25;0.0
2026-09-11;-5.75;-38.75;0.0
2026-09-11;-5.75;-38.25;0.0
2026-09-11;-5.75;-37.75;0.0
2026-09-11;-5.75;-37.25;0.0
2026-09-11;-5.25;-41.25;0.0
2026-09-11;-5.25;-40.75;0.0
2026-09-11;-5.25;-40.25;0.0
2026-09-11;-5.25;-39.75;0.0
2026-09-11;-5.25;-39.25;0.0
2026-09-11;-5.25;-38.75;0.0
2026-09-11;-5.25;-38.25;0.0
2026-09-11;-5.25;-37.75;0.3826050758361816
2026-09-11;-5.25;-37.25;0.8519404530525208
2026-09-11;-4.75;-41.25;0.0
2026-09-11;-4.75;-40.75;0.0
2026-09-11;-4.75;-40.25;0.0
2026-09-11;-4.75;-39.75;0.0
2026-09-11;-4.75;-39.25;0.0
2026-09-11;-4.75;-38.75;0.4490194916725159
2026-09-11;-4.75;-38.25;1.610121130943298
2026-09-11;-4.75;-37.75;2.275378942489624
2026-09-11;-4.75;-37.25;2.155074119567871
2026-09-11;-4.25;-41.25;0.0
2026-09-11;-4.25;-40.75;0.0
2026-09-11;-4.25;-40.25;0.0
2026-09-11;-4.25;-39.75;0.2366026043891907
2026-09-11;-4.25;-39.25;1.527781963348389
2026-09-11;-4.25;-38.75;2.932954072952271
2026-09-11;-4.25;-38.25;3.256388187408447
2026-09-11;-4.25;-37.75;3.008285284042358
2026-09-11;-4.25;-37.25;
2026-09-11;-3.75;-41.25;0.0
2026-09-11;-3.75;-40.75;0.0
2026-09-11;-3.75;-40.25;1.20111083984375
2026-09-11;-3.75;-39.75;2.304212331771851
2026-09-11;-3.75;-39.25;3.044660568237305
2026-09-11;-3.75;-38.75;3.766127109527588
2026-09-11;-3.75;-38.25;3.830169916152954
2026-09-11;-3.75;-37.75;
2026-09-11;-3.75;-37.25;
2026-09-11;-3.25;-41.25;0.0
2026-09-11;-3.25;-40.75;2.012967348098755
2026-09-11;-3.25;-40.25;2.618774890899658
2026-09-11;-3.25;-39.75;2.852745532989502
2026-09-11;-3.25;-39.25;3.27006459236145
2026-09-11;-3.25;-38.75;3.700332164764404
2026-09-11;-3.25;-38.25;
2026-09-11;-3.25;-37.75;
2026-09-11;-3.25;-37.25;
2026-09-11;-2.75;-41.25;1.029340624809265
2026-09-11;-2.75;-40.75;3.346752643585205
2026-09-11;-2.75;-40.25;3.233432054519653
2026-09-11;-2.75;-39.75;3.222859621047974
2026-09-11;-2.75;-39.25;
2026-09-11;-2.75;-38.75;
2026-09-11;-2.75;-38.25;
2026-09-11;-2.75;-37.75;
2026-09-11;-2.75;-37.25;
2026-09-12;-7.75;-41.25;0.0
2026-09-12;-7.75;-40.75;0.0
2026-09-12;-7.75;-40.25;0.0
2026-09-12;-7.75;-39.75;0.0
2026-09-12;-7.75;-39.25;0.0
2026-09-12;-7.75;-38.75;0.0
2026-09-12;-7.75;-38.25;0.0
2026-09-12;-7.75;-37.75;2.072134733200073
2026-09-12;-7.75;-37.25;6.507327079772949
2026-09-12;-7.25;-41.25;0.0
2026-09-12;-7.25;-40.75;0.0
2026-09-12;-7.25;-40.25;0.0
2026-09-12;-7.25;-39.75;0.0
2026-09-12;-7.25;-39.25;0.0
2026-09-12;-7.25;-38.75;0.0
2026-09-12;-7.25;-38.25;0.2345921397209167
2026-09-12;-7.25;-37.75;3.215373992919922
2026-09-12;-7.25;-37.25;6.227914333343506
2026-09-12;-6.75;-41.25;0.0
2026-09-12;-6.75;-40.75;0.0
2026-09-12;-6.75;-40.25;0.0
2026-09-12;-6.75;-39.75;0.0
2026-09-12;-6.75;-39.25;0.0
2026-09-12;-6.75;-38.75;0.0
2026-09-12;-6.75;-38.25;0.364224374294281
2026-09-12;-6.75;-37.75;1.166637659072876
2026-09-12;-6.75;-37.25;2.55391263961792
2026-09-12;-6.25;-41.25;0.0
2026-09-12;-6.25;-40.75;0.0
2026-09-12;-6.25;-40.25;0.0
2026-09-12;-6.25;-39.75;0.0
2026-09-12;-6.25;-39.25;0.0
2026-09-12;-6.25;-38.75;0.0
2026-09-12;-6.25;-38.25;0.204807922244072
2026-09-12;-6.25;-37.75;0.6886672973632812
2026-09-12;-6.25;-37.25;1.287952303886414
2026-09-12;-5.75;-41.25;0.0
2026-09-12;-5.75;-40.75;0.0
2026-09-12;-5.75;-40.25;0.0
2026-09-12;-5.75;-39.75;0.0
2026-09-12;-5.75;-39.25;0.0
2026-09-12;-5.75;-38.75;0.0
2026-09-12;-5.75;-38.25;0.0
2026-09-12;-5.75;-37.75;0.4316957890987396
2026-09-12;-5.75;-37.25;0.8512816429138184
2026-09-12;-5.25;-41.25;0.0
2026-09-12;-5.25;-40.75;0.0
2026-09-12;-5.25;-40.25;0.0
2026-09-12;-5.25;-39.75;0.0
2026-09-12;-5.25;-39.25;0.0
2026-09-12;-5.25;-38.75;0.0
2026-09-12;-5.25;-38.25;0.0
2026-09-12;-5.25;-37.75;0.2956714034080505
2026-09-12;-5.25;-37.25;0.5723358988761902
2026-09-12;-4.75;-41.25;0.0
2026-09-12;-4.75;-40.75;0.0
2026-09-12;-4.75;-40.25;0.0
2026-09-12;-4.75;-39.75;0.0
2026-09-12;-4.75;-39.25;0.0
2026-09-12;-4.75;-38.75;0.0
2026-09-12;-4.75;-38.25;0.0
2026-09-12;-4.75;-37.75;0.0
2026-09-12;-4.75;-37.25;0.4047370553016663
2026-09-12;-4.25;-41.25;0.0
2026-09-12;-4.25;-40.75;0.0
2026-09-12;-4.25;-40.25;0.0
2026-09-12;-4.25;-39.75;0.0
2026-09-12;-4.25;-39.25;0.0
2026-09-12;-4.25;-38.75;0.0
2026-09-12;-4.25;-38.25;0.0
2026-09-12;-4.25;-37.75;0.0
2026-09-12;-4.25;-37.25;
2026-09-12;-3.75;-41.25;0.0
2026-09-12;-3.75;-40.75;0.0
2026-09-12;-3.75;-40.25;0.0
2026-09-12;-3.75;-39.75;0.0
2026-09-12;-3.75;-39.25;0.0
2026-09-12;-3.75;-38.75;0.0
2026-09-12;-3.75;-38.25;0.0
2026-09-12;-3.75;-37.75;
2026-09-12;-3.75;-37.25;
2026-09-12;-3.25;-41.25;0.0
2026-09-12;-3.25;-40.75;0.0
2026-09-12;-3.25;-40.25;0.0
2026-09-12;-3.25;-39.75;0.0
2026-09-12;-3.25;-39.25;0.0
2026-09-12;-3.25;-38.75;0.0
2026-09-12;-3.25;-38.25;
2026-09-12;-3.25;-37.75;
2026-09-12;-3.25;-37.25;
2026-09-12;-2.75;-41.25;0.0
2026-09-12;-2.75;-40.75;0.0
2026-09-12;-2.75;-40.25;0.0
2026-09-12;-2.75;-39.75;0.0
2026-09-12;-2.75;-39.25;
2026-09-12;-2.75;-38.75;
2026-09-12;-2.75;-38.25;
2026-09-12;-2.75;-37.75;
2026-09-12;-2.75;-37.25;
2026-09-13;-7.75;-41.25;0.0
2026-09-13;-7.75;-40.75;0.0
2026-09-13;-7.75;-40.25;0.0
2026-09-13;-7.75;-39.75;0.0
2026-09-13;-7.75;-39.25;0.0
2026-09-13;-7.75;-38.75;0.0
2026-09-13;-7.75;-38.25;0.0
2026-09-13;-7.75;-37.75;0.0
2026-09-13;-7.75;-37.25;0.0
2026-09-13;-7.25;-41.25;0.0
2026-09-13;-7.25;-40.75;0.0
2026-09-13;-7.25;-40.25;0.0
2026-09-13;-7.25;-39.75;0.0
2026-09-13;-7.25;-39.25;0.0
2026-09-13;-7.25;-38.75;0.0
2026-09-13;-7.25;-38.25;1.219995498657227
2026-09-13;-7.25;-37.75;1.615854501724243
2026-09-13;-7.25;-37.25;1.338512063026428
2026-09-13;-6.75;-41.25;0.0
2026-09-13;-6.75;-40.75;0.0
2026-09-13;-6.75;-40.25;0.0
2026-09-13;-6.75;-39.75;0.0
2026-09-13;-6.75;-39.25;0.0
2026-09-13;-6.75;-38.75;0.0
2026-09-13;-6.75;-38.25;0.6264732480049133
2026-09-13;-6.75;-37.75;2.614195108413696
2026-09-13;-6.75;-37.25;2.719247341156006
2026-09-13;-6.25;-41.25;0.0
2026-09-13;-6.25;-40.75;0.0
2026-09-13;-6.25;-40.25;0.0
2026-09-13;-6.25;-39.75;0.0
2026-09-13;-6.25;-39.25;0.0
2026-09-13;-6.25;-38.75;0.0
2026-09-13;-6.25;-38.25;0.0
2026-09-13;-6.25;-37.75;1.200170397758484
2026-09-13;-6.25;-37.25;2.570908308029175
2026-09-13;-5.75;-41.25;0.0
2026-09-13;-5.75;-40.75;0.0
2026-09-13;-5.75;-40.25;0.0
2026-09-13;-5.75;-39.75;0.0
2026-09-13;-5.75;-39.25;0.0
2026-09-13;-5.75;-38.75;0.0
2026-09-13;-5.75;-38.25;0.0
2026-09-13;-5.75;-37.75;0.0
2026-09-13;-5.75;-37.25;1.728811502456665
2026-09-13;-5.25;-41.25;0.0
2026-09-13;-5.25;-40.75;0.0
2026-09-13;-5.25;-40.25;0.0
2026-09-13;-5.25;-39.75;0.0
2026-09-13;-5.25;-39.25;0.0
2026-09-13;-5.25;-38.75;0.0
2026-09-13;-5.25;-38.25;0.0
2026-09-13;-5.25;-37.75;0.0
2026-09-13;-5.25;-37.25;0.4868342280387878
2026-09-13;-4.75;-41.25;0.0
2026-09-13;-4.75;-40.75;0.0
2026-09-13;-4.75;-40.25;0.0
2026-09-13;-4.75;-39.75;0.0
2026-09-13;-4.75;-39.25;0.0
2026-09-13;-4.75;-38.75;0.0
2026-09-13;-4.75;-38.25;0.0
2026-09-13;-4.75;-37.75;0.0
2026-09-13;-4.75;-37.25;0.0
2026-09-13;-4.25;-41.25;0.0
2026-09-13;-4.25;-40.75;0.0
2026-09-13;-4.25;-40.25;0.0
2026-09-13;-4.25;-39.75;0.0
2026-09-13;-4.25;-39.25;0.0
2026-09-13;-4.25;-38.75;0.0
2026-09-13;-4.25;-38.25;0.0
2026-09-13;-4.25;-37.75;0.0
2026-09-13;-4.25;-37.25;
2026-09-13;-3.75;-41.25;0.0
2026-09-13;-3.75;-40.75;0.0
2026-09-13;-3.75;-40.25;0.0
2026-09-13;-3.75;-39.75;0.0
2026-09-13;-3.75;-39.25;0.0
2026-09-13;-3.75;-38.75;0.0
2026-09-13;-3.75;-38.25;0.0
2026-09-13;-3.75;-37.75;
2026-09-13;-3.75;-37.25;
2026-09-13;-3.25;-41.25;0.0
2026-09-13;-3.25;-40.75;0.0
2026-09-13;-3.25;-40.25;0.0
2026-09-13;-3.25;-39.75;0.0
2026-09-13;-3.25;-39.25;0.0
2026-09-13;-3.25;-38.75;0.0
2026-09-13;-3.25;-38.25;
2026-09-13;-3.25;-37.75;
2026-09-13;-3.25;-37.25;
2026-09-13;-2.75;-41.25;0.0
2026-09-13;-2.75;-40.75;0.0
2026-09-13;-2.75;-40.25;0.0
2026-09-13;-2.75;-39.75;0.0
2026-09-13;-2.75;-39.25;
2026-09-13;-2.75;-38.75;
2026-09-13;-2.75;-38.25;
2026-09-13;-2.75;-37.75;
2026-09-13;-2.75;-37.25;
2026-09-14;-7.75;-41.25;0.0
2026-09-14;-7.75;-40.75;0.0
2026-09-14;-7.75;-40.25;0.0
2026-09-14;-7.75;-39.75;0.0
2026-09-14;-7.75;-39.25;0.0
2026-09-14;-7.75;-38.75;0.0
2026-09-14;-7.75;-38.25;0.27100670337677
2026-09-14;-7.75;-37.75;3.846426248550415
2026-09-14;-7.75;-37.25;2.57069730758667
2026-09-14;-7.25;-41.25;0.0
2026-09-14;-7.25;-40.75;0.0
2026-09-14;-7.25;-40.25;0.0
2026-09-14;-7.25;-39.75;0.0
2026-09-14;-7.25;-39.25;0.0
2026-09-14;-7.25;-38.75;0.0
2026-09-14;-7.25;-38.25;0.0
2026-09-14;-7.25;-37.75;0.2021526992321014
2026-09-14;-7.25;-37.25;0.0
2026-09-14;-6.75;-41.25;0.0
2026-09-14;-6.75;-40.75;0.0
2026-09-14;-6.75;-40.25;0.0
2026-09-14;-6.75;-39.75;0.0
2026-09-14;-6.75;-39.25;0.0
2026-09-14;-6.75;-38.75;0.0
2026-09-14;-6.75;-38.25;0.0
2026-09-14;-6.75;-37.75;0.0
2026-09-14;-6.75;-37.25;0.0
2026-09-14;-6.25;-41.25;0.0
2026-09-14;-6.25;-40.75;0.0
2026-09-14;-6.25;-40.25;0.0
2026-09-14;-6.25;-39.75;0.0
2026-09-14;-6.25;-39.25;0.0
2026-09-14;-6.25;-38.75;0.0
2026-09-14;-6.25;-38.25;0.0
2026-09-14;-6.25;-37.75;0.0
2026-09-14;-6.25;-37.25;0.0
2026-09-14;-5.75;-41.25;0.0
2026-09-14;-5.75;-40.75;0.0
2026-09-14;-5.75;-40.25;0.0
2026-09-14;-5.75;-39.75;0.0
2026-09-14;-5.75;-39.25;0.0
2026-09-14;-5.75;-38.75;0.0
2026-09-14;-5.75;-38.25;0.0
2026-09-14;-5.75;-37.75;0.0
2026-09-14;-5.75;-37.25;0.0
2026-09-14;-5.25;-41.25;0.0
2026-09-14;-5.25;-40.75;0.0
2026-09-14;-5.25;-40.25;0.0
2026-09-14;-5.25;-39.75;0.0
2026-09-14;-5.25;-39.25;0.0
2026-09-14;-5.25;-38.75;0.0
2026-09-14;-5.25;-38.25;0.0
2026-09-14;-5.25;-37.75;0.0
2026-09-14;-5.25;-37.25;0.0
2026-09-14;-4.75;-41.25;0.0
2026-09-14;-4.75;-40.75;0.0
2026-09-14;-4.75;-40.25;0.0
2026-09-14;-4.75;-39.75;0.0
2026-09-14;-4.75;-39.25;0.0
2026-09-14;-4.75;-38.75;0.0
2026-09-14;-4.75;-38.25;0.0
2026-09-14;-4.75;-37.75;0.0
2026-09-14;-4.75;-37.25;0.0
2026-09-14;-4.25;-41.25;0.0
2026-09-14;-4.25;-40.75;0.0
2026-09-14;-4.25;-40.25;0.0
2026-09-14;-4.25;-39.75;0.0
2026-09-14;-4.25;-39.25;0.0
2026-09-14;-4.25;-38.75;0.0
2026-09-14;-4.25;-38.25;0.0
2026-09-14;-4.25;-37.75;0.0
2026-09-14;-4.25;-37.25;
2026-09-14;-3.75;-41.25;0.0
2026-09-14;-3.75;-40.75;0.0
2026-09-14;-3.75;-40.25;0.0
2026-09-14;-3.75;-39.75;0.0
2026-09-14;-3.75;-39.25;0.0
2026-09-14;-3.75;-38.75;0.0
2026-09-14;-3.75;-38.25;0.0
2026-09-14;-3.75;-37.75;
2026-09-14;-3.75;-37.25;
2026-09-14;-3.25;-41.25;0.0
2026-09-14;-3.25;-40.75;0.0
2026-09-14;-3.25;-40.25;0.0
2026-09-14;-3.25;-39.75;0.0
2026-09-14;-3.25;-39.25;0.0
2026-09-14;-3.25;-38.75;0.0
2026-09-14;-3.25;-38.25;
2026-09-14;-3.25;-37.75;
2026-09-14;-3.25;-37.25;
2026-09-14;-2.75;-41.25;0.0
2026-09-14;-2.75;-40.75;0.0
2026-09-14;-2.75;-40.25;0.0
2026-09-14;-2.75;-39.75;0.0
2026-09-14;-2.75;-39.25;
2026-09-14;-2.75;-38.75;
2026-09-14;-2.75;-38.25;
2026-09-14;-2.75;-37.75;
2026-09-14;-2.75;-37.25;
2026-09-15;-7.75;-41.25;0.0
2026-09-15;-7.75;-40.75;0.0
2026-09-15;-7.75;-40.25;0.0
2026-09-15;-7.75;-39.75;0.0
2026-09-15;-7.75;-39.25;0.0
2026-09-15;-7.75;-38.75;0.0
2026-09-15;-7.75;-38.25;0.0
2026-09-15;-7.75;-37.75;0.0
2026-09-15;-7.75;-37.25;0.0
2026-09-15;-7.25;-41.25;0.0
2026-09-15;-7.25;-40.75;0.0
2026-09-15;-7.25;-40.25;0.0
2026-09-15;-7.25;-39.75;0.0
2026-09-15;-7.25;-39.25;0.0
2026-09-15;-7.25;-38.75;0.0
2026-09-15;-7.25;-38.25;0.0
2026-09-15;-7.25;-37.75;0.0
2026-09-15;-7.25;-37.25;0.0
2026-09-15;-6.75;-41.25;0.0
2026-09-15;-6.75;-40.75;0.0
2026-09-15;-6.75;-40.25;0.0
2026-09-15;-6.75;-39.75;0.0
2026-09-15;-6.75;-39.25;0.0
2026-09-15;-6.75;-38.75;0.0
2026-09-15;-6.75;-38.25;0.0
2026-09-15;-6.75;-37.75;0.0
2026-09-15;-6.75;-37.25;0.0
2026-09-15;-6.25;-41.25;0.0
2026-09-15;-6.25;-40.75;0.0
2026-09-15;-6.25;-40.25;0.0
2026-09-15;-6.25;-39.75;0.0
2026-09-15;-6.25;-39.25;0.0
2026-09-15;-6.25;-38.75;0.0
2026-09-15;-6.25;-38.25;0.0
2026-09-15;-6.25;-37.75;0.0
2026-09-15;-6.25;-37.25;0.0
2026-09-15;-5.75;-41.25;0.0
2026-09-15;-5.75;-40.75;0.0
2026-09-15;-5.75;-40.25;0.0
2026-09-15;-5.75;-39.75;0.0
2026-09-15;-5.75;-39.25;0.0
2026-09-15;-5.75;-38.75;0.0
2026-09-15;-5.75;-38.25;0.0
2026-09-15;-5.75;-37.75;0.0
2026-09-15;-5.75;-37.25;0.0
2026-09-15;-5.25;-41.25;0.0
2026-09-15;-5.25;-40.75;0.0
2026-09-15;-5.25;-40.25;0.0
2026-09-15;-5.25;-39.75;0.0
2026-09-15;-5.25;-39.25;0.0
2026-09-15;-5.25;-38.75;0.0
2026-09-15;-5.25;-38.25;0.0
2026-09-15;-5.25;-37.75;0.0
2026-09-15;-5.25;-37.25;0.0
2026-09-15;-4.75;-41.25;0.0
2026-09-15;-4.75;-40.75;0.0
2026-09-15;-4.75;-40.25;0.0
2026-09-15;-4.75;-39.75;0.0
2026-09-15;-4.75;-39.25;0.0
2026-09-15;-4.75;-38.75;0.0
2026-09-15;-4.75;-38.25;0.0
2026-09-15;-4.75;-37.75;0.0
2026-09-15;-4.75;-37.25;0.0
2026-09-15;-4.25;-41.25;0.0
2026-09-15;-4.25;-40.75;0.0
2026-09-15;-4.25;-40.25;0.0
2026-09-15;-4.25;-39.75;0.0
2026-09-15;-4.25;-39.25;0.0
2026-09-15;-4.25;-38.75;0.0
2026-09-15;-4.25;-38.25;0.0
2026-09-15;-4.25;-37.75;0.0
2026-09-15;-4.25;-37.25;
2026-09-15;-3.75;-41.25;0.0
2026-09-15;-3.75;-40.75;0.0
2026-09-15;-3.75;-40.25;0.0
2026-09-15;-3.75;-39.75;0.0
2026-09-15;-3.75;-39.25;0.0
2026-09-15;-3.75;-38.75;0.0
2026-09-15;-3.75;-38.25;0.0
2026-09-15;-3.75;-37.75;
2026-09-15;-3.75;-37.25;
2026-09-15;-3.25;-41.25;0.0
2026-09-15;-3.25;-40.75;0.0
2026-09-15;-3.25;-40.25;0.0
2026-09-15;-3.25;-39.75;0.0
2026-09-15;-3.25;-39.25;0.0
2026-09-15;-3.25;-38.75;0.0
2026-09-15;-3.25;-38.25;
2026-09-15;-3.25;-37.75;
2026-09-15;-3.25;-37.25;
2026-09-15;-2.75;-41.25;0.0
2026-09-15;-2.75;-40.75;0.0
2026-09-15;-2.75;-40.25;0.0
2026-09-15;-2.75;-39.75;0.0
2026-09-15;-2.75;-39.25;
2026-09-15;-2.75;-38.75;
2026-09-15;-2.75;-38.25;
2026-09-15;-2.75;-37.75;
2026-09-15;-2.75;-37.25;
2026-09-16;-7.75;-41.25;0.0
2026-09-16;-7.75;-40.75;0.0
2026-09-16;-7.75;-40.25;0.0
2026-09-16;-7.75;-39.75;0.5344266891479492
2026-09-16;-7.75;-39.25;0.0
2026-09-16;-7.75;-38.75;0.0
2026-09-16;-7.75;-38.25;0.0
2026-09-16;-7.75;-37.75;0.2597710490226746
2026-09-16;-7.75;-37.25;2.673485040664673
2026-09-16;-7.25;-41.25;0.0
2026-09-16;-7.25;-40.75;0.0
2026-09-16;-7.25;-40.25;0.0
2026-09-16;-7.25;-39.75;0.0
2026-09-16;-7.25;-39.25;0.0
2026-09-16;-7.25;-38.75;0.0
2026-09-16;-7.25;-38.25;0.0
2026-09-16;-7.25;-37.75;0.0
2026-09-16;-7.25;-37.25;1.635682582855225
2026-09-16;-6.75;-41.25;0.0
2026-09-16;-6.75;-40.75;0.0
2026-09-16;-6.75;-40.25;0.0
2026-09-16;-6.75;-39.75;0.0
2026-09-16;-6.75;-39.25;0.0
2026-09-16;-6.75;-38.75;0.0
2026-09-16;-6.75;-38.25;0.0
2026-09-16;-6.75;-37.75;0.0
2026-09-16;-6.75;-37.25;0.0
2026-09-16;-6.25;-41.25;0.0
2026-09-16;-6.25;-40.75;0.0
2026-09-16;-6.25;-40.25;0.0
2026-09-16;-6.25;-39.75;0.0
2026-09-16;-6.25;-39.25;0.0
2026-09-16;-6.25;-38.75;0.0
2026-09-16;-6.25;-38.25;0.0
2026-09-16;-6.25;-37.75;0.0
2026-09-16;-6.25;-37.25;0.0
2026-09-16;-5.75;-41.25;0.0
2026-09-16;-5.75;-40.75;0.0
2026-09-16;-5.75;-40.25;0.0
2026-09-16;-5.75;-39.75;0.0
2026-09-16;-5.75;-39.25;0.0
2026-09-16;-5.75;-38.75;0.0
2026-09-16;-5.75;-38.25;0.0
2026-09-16;-5.75;-37.75;0.0
2026-09-16;-5.75;-37.25;0.0
2026-09-16;-5.25;-41.25;0.0
2026-09-16;-5.25;-40.75;0.0
2026-09-16;-5.25;-40.25;0.0
2026-09-16;-5.25;-39.75;0.0
2026-09-16;-5.25;-39.25;0.0
2026-09-16;-5.25;-38.75;0.0
2026-09-16;-5.25;-38.25;0.0
2026-09-16;-5.25;-37.75;0.0
2026-09-16;-5.25;-37.25;0.0
2026-09-16;-4.75;-41.25;0.0
2026-09-16;-4.75;-40.75;0.0
2026-09-16;-4.75;-40.25;0.0
2026-09-16;-4.75;-39.75;0.0
2026-09-16;-4.75;-39.25;0.0
2026-09-16;-4.75;-38.75;0.0
2026-09-16;-4.75;-38.25;0.0
2026-09-16;-4.75;-37.75;0.0
2026-09-16;-4.75;-37.25;0.0
2026-09-16;-4.25;-41.25;0.0
2026-09-16;-4.25;-40.75;0.0
2026-09-16;-4.25;-40.25;0.0
2026-09-16;-4.25;-39.75;0.0
2026-09-16;-4.25;-39.25;0.0
2026-09-16;-4.25;-38.75;0.0
2026-09-16;-4.25;-38.25;0.0
2026-09-16;-4.25;-37.75;0.0
2026-09-16;-4.25;-37.25;
2026-09-16;-3.75;-41.25;0.0
2026-09-16;-3.75;-40.75;0.0
2026-09-16;-3.75;-40.25;0.0
2026-09-16;-3.75;-39.75;0.0
2026-09-16;-3.75;-39.25;0.0
2026-09-16;-3.75;-38.75;0.0
2026-09-16;-3.75;-38.25;0.0
2026-09-16;-3.75;-37.75;
2026-09-16;-3.75;-37.25;
2026-09-16;-3.25;-41.25;0.0
2026-09-16;-3.25;-40.75;0.0
2026-09-16;-3.25;-40.25;0.0
2026-09-16;-3.25;-39.75;0.0
2026-09-16;-3.25;-39.25;0.0
2026-09-16;-3.25;-38.75;0.0
2026-09-16;-3.25;-38.25;
2026-09-16;-3.25;-37.75;
2026-09-16;-3.25;-37.25;
2026-09-16;-2.75;-41.25;0.0
2026-09-16;-2.75;-40.75;0.0
2026-09-16;-2.75;-40.25;0.0
2026-09-16;-2.75;-39.75;0.0
2026-09-16;-2.75;-39.25;
2026-09-16;-2.75;-38.75;
2026-09-16;-2.75;-38.25;
2026-09-16;-2.75;-37.75;
2026-09-16;-2.75;-37.25;
2026-09-17;-7.75;-41.25;0.0
2026-09-17;-7.75;-40.75;0.0
2026-09-17;-7.75;-40.25;0.0
2026-09-17;-7.75;-39.75;0.0
2026-09-17;-7.75;-39.25;0.0
2026-09-17;-7.75;-38.75;0.0
2026-09-17;-7.75;-38.25;0.0
2026-09-17;-7.75;-37.75;0.0
2026-09-17;-7.75;-37.25;0.0
2026-09-17;-7.25;-41.25;0.0
2026-09-17;-7.25;-40.75;0.0
2026-09-17;-7.25;-40.25;0.0
2026-09-17;-7.25;-39.75;0.0
2026-09-17;-7.25;-39.25;0.0
2026-09-17;-7.25;-38.75;0.0
2026-09-17;-7.25;-38.25;0.0
2026-09-17;-7.25;-37.75;0.0
2026-09-17;-7.25;-37.25;0.0
2026-09-17;-6.75;-41.25;0.0
2026-09-17;-6.75;-40.75;0.0
2026-09-17;-6.75;-40.25;0.0
2026-09-17;-6.75;-39.75;0.0
2026-09-17;-6.75;-39.25;0.0
2026-09-17;-6.75;-38.75;0.0
2026-09-17;-6.75;-38.25;0.0
2026-09-17;-6.75;-37.75;0.0
2026-09-17;-6.75;-37.25;0.0
2026-09-17;-6.25;-41.25;0.0
2026-09-17;-6.25;-40.75;0.0
2026-09-17;-6.25;-40.25;0.0
2026-09-17;-6.25;-39.75;0.0
2026-09-17;-6.25;-39.25;0.0
2026-09-17;-6.25;-38.75;0.0
2026-09-17;-6.25;-38.25;0.0
2026-09-17;-6.25;-37.75;0.0
2026-09-17;-6.25;-37.25;0.0
2026-09-17;-5.75;-41.25;0.0
2026-09-17;-5.75;-40.75;0.0
2026-09-17;-5.75;-40.25;0.0
2026-09-17;-5.75;-39.75;0.0
2026-09-17;-5.75;-39.25;0.0
2026-09-17;-5.75;-38.75;0.0
2026-09-17;-5.75;-38.25;0.0
2026-09-17;-5.75;-37.75;0.0
2026-09-17;-5.75;-37.25;0.0
2026-09-17;-5.25;-41.25;0.0
2026-09-17;-5.25;-40.75;0.0
2026-09-17;-5.25;-40.25;0.0
2026-09-17;-5.25;-39.75;0.0
2026-09-17;-5.25;-39.25;0.0
2026-09-17;-5.25;-38.75;0.0
2026-09-17;-5.25;-38.25;0.0
2026-09-17;-5.25;-37.75;0.0
2026-09-17;-5.25;-37.25;0.0
2026-09-17;-4.75;-41.25;0.0
2026-09-17;-4.75;-40.75;0.0
2026-09-17;-4.75;-40.25;0.0
2026-09-17;-4.75;-39.75;0.0
2026-09-17;-4.75;-39.25;0.0
2026-09-17;-4.75;-38.75;0.0
2026-09-17;-4.75;-38.25;0.0
2026-09-17;-4.75;-37.75;0.0
2026-09-17;-4.75;-37.25;0.0
2026-09-17;-4.25;-41.25;0.0
2026-09-17;-4.25;-40.75;0.0
2026-09-17;-4.25;-40.25;0.0
2026-09-17;-4.25;-39.75;0.0
2026-09-17;-4.25;-39.25;0.0
2026-09-17;-4.25;-38.75;0.0
2026-09-17;-4.25;-38.25;0.0
2026-09-17;-4.25;-37.75;0.0
2026-09-17;-4.25;-37.25;
2026-09-17;-3.75;-41.25;0.0
2026-09-17;-3.75;-40.75;0.0
2026-09-17;-3.75;-40.25;0.0
2026-09-17;-3.75;-39.75;0.0
2026-09-17;-3.75;-39.25;0.0
2026-09-17;-3.75;-38.75;0.0
2026-09-17;-3.75;-38.25;0.0
2026-09-17;-3.75;-37.75;
2026-09-17;-3.75;-37.25;
2026-09-17;-3.25;-41.25;0.0
2026-09-17;-3.25;-40.75;0.0
2026-09-17;-3.25;-40.25;0.0
2026-09-17;-3.25;-39.75;0.0
2026-09-17;-3.25;-39.25;0.0
2026-09-17;-3.25;-38.75;0.0
2026-09-17;-3.25;-38.25;
2026-09-17;-3.25;-37.75;
2026-09-17;-3.25;-37.25;
2026-09-17;-2.75;-41.25;0.0
2026-09-17;-2.75;-40.75;0.0
2026-09-17;-2.75;-40.25;0.0
2026-09-17;-2.75;-39.75;0.0
2026-09-17;-2.75;-39.25;
2026-09-17;-2.75;-38.75;
2026-09-17;-2.75;-38.25;
2026-09-17;-2.75;-37.75;
2026-09-17;-2.75;-37.25;
2026-09-18;-7.75;-41.25;0.0
2026-09-18;-7.75;-40.75;0.0
2026-09-18;-7.75;-40.25;3.33984112739563
2026-09-18;-7.75;-39.75;8.833823204040527
2026-09-18;-7.75;-39.25;16.84908103942871
2026-09-18;-7.75;-38.75;48.64220809936523
2026-09-18;-7.75;-38.25;68.82136535644531
2026-09-18;-7.75;-37.75;74.0371322631836
2026-09-18;-7.75;-37.25;68.94159698486328
2026-09-18;-7.25;-41.25;0.0
2026-09-18;-7.25;-40.75;0.0
2026-09-18;-7.25;-40.25;0.232689306139946
2026-09-18;-7.25;-39.75;1.724820733070374
2026-09-18;-7.25;-39.25;2.558371782302856
2026-09-18;-7.25;-38.75;19.24252700805664
2026-09-18;-7.25;-38.25;41.17448425292969
2026-09-18;-7.25;-37.75;40.84858322143555
2026-09-18;-7.25;-37.25;36.35542678833008
2026-09-18;-6.75;-41.25;0.0
2026-09-18;-6.75;-40.75;0.0
2026-09-18;-6.75;-40.25;0.0
2026-09-18;-6.75;-39.75;0.0
2026-09-18;-6.75;-39.25;0.0
2026-09-18;-6.75;-38.75;1.381175756454468
2026-09-18;-6.75;-38.25;8.186657905578613
2026-09-18;-6.75;-37.75;17.79298210144043
2026-09-18;-6.75;-37.25;19.86905479431152
2026-09-18;-6.25;-41.25;0.0
2026-09-18;-6.25;-40.75;0.0
2026-09-18;-6.25;-40.25;0.0
2026-09-18;-6.25;-39.75;0.0
2026-09-18;-6.25;-39.25;0.3643576204776764
2026-09-18;-6.25;-38.75;1.229735851287842
2026-09-18;-6.25;-38.25;4.444875717163086
2026-09-18;-6.25;-37.75;11.05375003814697
2026-09-18;-6.25;-37.25;17.32931518554688
2026-09-18;-5.75;-41.25;0.0
2026-09-18;-5.75;-40.75;0.0
2026-09-18;-5.75;-40.25;0.0
2026-09-18;-5.75;-39.75;0.0
2026-09-18;-5.75;-39.25;0.3604491651058197
2026-09-18;-5.75;-38.75;0.8820225596427917
2026-09-18;-5.75;-38.25;3.05489444732666
2026-09-18;-5.75;-37.75;7.004984855651855
2026-09-18;-5.75;-37.25;12.59710693359375
2026-09-18;-5.25;-41.25;0.0
2026-09-18;-5.25;-40.75;0.0
2026-09-18;-5.25;-40.25;0.0
2026-09-18;-5.25;-39.75;0.0
2026-09-18;-5.25;-39.25;0.3013561964035034
2026-09-18;-5.25;-38.75;0.6548159718513489
2026-09-18;-5.25;-38.25;1.905009269714355
2026-09-18;-5.25;-37.75;4.875041007995605
2026-09-18;-5.25;-37.25;8.915167808532715
2026-09-18;-4.75;-41.25;0.0
2026-09-18;-4.75;-40.75;0.0
2026-09-18;-4.75;-40.25;0.0
2026-09-18;-4.75;-39.75;0.0
2026-09-18;-4.75;-39.25;0.0
2026-09-18;-4.75;-38.75;0.3785833716392517
2026-09-18;-4.75;-38.25;0.9609042406082153
2026-09-18;-4.75;-37.75;3.178467512130737
2026-09-18;-4.75;-37.25;6.45584774017334
2026-09-18;-4.25;-41.25;0.0
2026-09-18;-4.25;-40.75;0.0
2026-09-18;-4.25;-40.25;0.0
2026-09-18;-4.25;-39.75;0.0
2026-09-18;-4.25;-39.25;0.0
2026-09-18;-4.25;-38.75;0.0
2026-09-18;-4.25;-38.25;0.3434312045574188
2026-09-18;-4.25;-37.75;1.66839587688446
2026-09-18;-4.25;-37.25;
2026-09-18;-3.75;-41.25;0.0
2026-09-18;-3.75;-40.75;0.0
2026-09-18;-3.75;-40.25;0.0
2026-09-18;-3.75;-39.75;0.0
2026-09-18;-3.75;-39.25;0.0
2026-09-18;-3.75;-38.75;0.0
2026-09-18;-3.75;-38.25;0.0
2026-09-18;-3.75;-37.75;
2026-09-18;-3.75;-37.25;
2026-09-18;-3.25;-41.25;0.0
2026-09-18;-3.25;-40.75;0.0
2026-09-18;-3.25;-40.25;0.0
2026-09-18;-3.25;-39.75;0.0
2026-09-18;-3.25;-39.25;0.0
2026-09-18;-3.25;-38.75;0.0
2026-09-18;-3.25;-38.25;
2026-09-18;-3.25;-37.75;
2026-09-18;-3.25;-37.25;
2026-09-18;-2.75;-41.25;0.0
2026-09-18;-2.75;-40.75;0.0
2026-09-18;-2.75;-40.25;0.0
2026-09-18;-2.75;-39.75;0.0
2026-09-18;-2.75;-39.25;
2026-09-18;-2.75;-38.75;
2026-09-18;-2.75;-38.25;
2026-09-18;-2.75;-37.75;
2026-09-18;-2.75;-37.25;
2026-09-19;-7.75;-41.25;0.0
2026-09-19;-7.75;-40.75;0.0
2026-09-19;-7.75;-40.25;0.0
2026-09-19;-7.75;-39.75;0.0
2026-09-19;-7.75;-39.25;2.029271364212036
2026-09-19;-7.75;-38.75;12.08373832702637
2026-09-19;-7.75;-38.25;26.81568908691406
2026-09-19;-7.75;-37.75;25.34943580627441
2026-09-19;-7.75;-37.25;20.4348258972168
2026-09-19;-7.25;-41.25;0.0
2026-09-19;-7.25;-40.75;0.0
2026-09-19;-7.25;-40.25;0.0
2026-09-19;-7.25;-39.75;0.0
2026-09-19;-7.25;-39.25;0.2034656405448914
2026-09-19;-7.25;-38.75;7.178605079650879
2026-09-19;-7.25;-38.25;25.62400054931641
2026-09-19;-7.25;-37.75;25.11357879638672
2026-09-19;-7.25;-37.25;21.44963455200195
2026-09-19;-6.75;-41.25;0.0
2026-09-19;-6.75;-40.75;0.0
2026-09-19;-6.75;-40.25;0.0
2026-09-19;-6.75;-39.75;0.0
2026-09-19;-6.75;-39.25;0.2228366434574127
2026-09-19;-6.75;-38.75;2.056646585464478
2026-09-19;-6.75;-38.25;12.29339599609375
2026-09-19;-6.75;-37.75;26.37993812561035
2026-09-19;-6.75;-37.25;27.42026710510254
2026-09-19;-6.25;-41.25;0.0
2026-09-19;-6.25;-40.75;0.0
2026-09-19;-6.25;-40.25;0.0
2026-09-19;-6.25;-39.75;0.0
2026-09-19;-6.25;-39.25;0.5509392619132996
2026-09-19;-6.25;-38.75;1.854702830314636
2026-09-19;-6.25;-38.25;6.667070865631104
2026-09-19;-6.25;-37.75;16.49853897094727
2026-09-19;-6.25;-37.25;25.70174789428711
2026-09-19;-5.75;-41.25;0.0
2026-09-19;-5.75;-40.75;0.0
2026-09-19;-5.75;-40.25;0.0
2026-09-19;-5.75;-39.75;0.0
2026-09-19;-5.75;-39.25;0.5442741513252258
2026-09-19;-5.75;-38.75;1.328162670135498
2026-09-19;-5.75;-38.25;4.576449394226074
2026-09-19;-5.75;-37.75;10.45572471618652
2026-09-19;-5.75;-37.25;18.74152374267578
2026-09-19;-5.25;-41.25;0.0
2026-09-19;-5.25;-40.75;0.0
2026-09-19;-5.25;-40.25;0.0
2026-09-19;-5.25;-39.75;0.0
2026-09-19;-5.25;-39.25;0.4535805583000183
2026-09-19;-5.25;-38.75;0.9844669699668884
2026-09-19;-5.25;-38.25;2.856580257415771
2026-09-19;-5.25;-37.75;7.278036594390869
2026-09-19;-5.25;-37.25;13.28300285339355
2026-09-19;-4.75;-41.25;0.0
2026-09-19;-4.75;-40.75;0.0
2026-09-19;-4.75;-40.25;0.0
2026-09-19;-4.75;-39.75;0.0
2026-09-19;-4.75;-39.25;0.2485027462244034
2026-09-19;-4.75;-38.75;0.568780243396759
2026-09-19;-4.75;-38.25;1.442553877830505
2026-09-19;-4.75;-37.75;4.751006126403809
2026-09-19;-4.75;-37.25;9.624397277832031
2026-09-19;-4.25;-41.25;0.0
2026-09-19;-4.25;-40.75;0.0
2026-09-19;-4.25;-40.25;0.0
2026-09-19;-4.25;-39.75;0.0
2026-09-19;-4.25;-39.25;0.0
2026-09-19;-4.25;-38.75;0.0
2026-09-19;-4.25;-38.25;0.5156264305114746
2026-09-19;-4.25;-37.75;2.499934434890747
2026-09-19;-4.25;-37.25;
2026-09-19;-3.75;-41.25;0.0
2026-09-19;-3.75;-40.75;0.0
2026-09-19;-3.75;-40.25;0.0
2026-09-19;-3.75;-39.75;0.0
2026-09-19;-3.75;-39.25;0.0
2026-09-19;-3.75;-38.75;0.0
2026-09-19;-3.75;-38.25;0.0
2026-09-19;-3.75;-37.75;
2026-09-19;-3.75;-37.25;
2026-09-19;-3.25;-41.25;0.0
2026-09-19;-3.25;-40.75;0.0
2026-09-19;-3.25;-40.25;0.0
2026-09-19;-3.25;-39.75;0.0
2026-09-19;-3.25;-39.25;0.0
2026-09-19;-3.25;-38.75;0.0
2026-09-19;-3.25;-38.25;
2026-09-19;-3.25;-37.75;
2026-09-19;-3.25;-37.25;
2026-09-19;-2.75;-41.25;0.0
2026-09-19;-2.75;-40.75;0.0
2026-09-19;-2.75;-40.25;0.0
2026-09-19;-2.75;-39.75;0.0
2026-09-19;-2.75;-39.25;
2026-09-19;-2.75;-38.75;
2026-09-19;-2.75;-38.25;
2026-09-19;-2.75;-37.75;
2026-09-19;-2.75;-37.25;
2026-09-20;-7.75;-41.25;0.0
2026-09-20;-7.75;-40.75;0.0
2026-09-20;-7.75;-40.25;0.0
2026-09-20;-7.75;-39.75;0.0
2026-09-20;-7.75;-39.25;0.0
2026-09-20;-7.75;-38.75;0.0
2026-09-20;-7.75;-38.25;0.0
2026-09-20;-7.75;-37.75;0.0
2026-09-20;-7.75;-37.25;0.0
2026-09-20;-7.25;-41.25;0.0
2026-09-20;-7.25;-40.75;0.0
2026-09-20;-7.25;-40.25;0.0
2026-09-20;-7.25;-39.75;0.0
2026-09-20;-7.25;-39.25;0.0
2026-09-20;-7.25;-38.75;0.0
2026-09-20;-7.25;-38.25;0.0
2026-09-20;-7.25;-37.75;0.0
2026-09-20;-7.25;-37.25;0.0
2026-09-20;-6.75;-41.25;0.0
2026-09-20;-6.75;-40.75;0.0
2026-09-20;-6.75;-40.25;0.0
2026-09-20;-6.75;-39.75;0.0
2026-09-20;-6.75;-39.25;0.0
2026-09-20;-6.75;-38.75;0.0
2026-09-20;-6.75;-38.25;0.0
2026-09-20;-6.75;-37.75;0.0
2026-09-20;-6.75;-37.25;0.0
2026-09-20;-6.25;-41.25;0.0
2026-09-20;-6.25;-40.75;0.0
2026-09-20;-6.25;-40.25;0.0
2026-09-20;-6.25;-39.75;0.0
2026-09-20;-6.25;-39.25;0.0
2026-09-20;-6.25;-38.75;0.0
2026-09-20;-6.25;-38.25;0.0
2026-09-20;-6.25;-37.75;0.0
2026-09-20;-6.25;-37.25;0.0
2026-09-20;-5.75;-41.25;0.0
2026-09-20;-5.75;-40.75;0.0
2026-09-20;-5.75;-40.25;0.0
2026-09-20;-5.75;-39.75;0.0
2026-09-20;-5.75;-39.25;0.0
2026-09-20;-5.75;-38.75;0.0
2026-09-20;-5.75;-38.25;0.0
2026-09-20;-5.75;-37.75;0.0
2026-09-20;-5.75;-37.25;0.0
2026-09-20;-5.25;-41.25;0.0
2026-09-20;-5.25;-40.75;0.0
2026-09-20;-5.25;-40.25;0.0
2026-09-20;-5.25;-39.75;0.0
2026-09-20;-5.25;-39.25;0.0
2026-09-20;-5.25;-38.75;0.0
2026-09-20;-5.25;-38.25;0.0
2026-09-20;-5.25;-37.75;0.0
2026-09-20;-5.25;-37.25;0.0
2026-09-20;-4.75;-41.25;0.0
2026-09-20;-4.75;-40.75;0.0
2026-09-20;-4.75;-40.25;0.0
2026-09-20;-4.75;-39.75;0.0
2026-09-20;-4.75;-39.25;0.0
2026-09-20;-4.75;-38.75;0.0
2026-09-20;-4.75;-38.25;0.0
2026-09-20;-4.75;-37.75;0.0
2026-09-20;-4.75;-37.25;0.0
2026-09-20;-4.25;-41.25;0.0
2026-09-20;-4.25;-40.75;0.0
2026-09-20;-4.25;-40.25;0.0
2026-09-20;-4.25;-39.75;0.0
2026-09-20;-4.25;-39.25;0.0
2026-09-20;-4.25;-38.75;0.0
2026-09-20;-4.25;-38.25;0.0
2026-09-20;-4.25;-37.75;0.0
2026-09-20;-4.25;-37.25;
2026-09-20;-3.75;-41.25;0.0
2026-09-20;-3.75;-40.75;0.0
2026-09-20;-3.75;-40.25;0.0
2026-09-20;-3.75;-39.75;0.0
2026-09-20;-3.75;-39.25;0.0
2026-09-20;-3.75;-38.75;0.0
2026-09-20;-3.75;-38.25;0.0
2026-09-20;-3.75;-37.75;
2026-09-20;-3.75;-37.25;
2026-09-20;-3.25;-41.25;0.0
2026-09-20;-3.25;-40.75;0.0
2026-09-20;-3.25;-40.25;0.0
2026-09-20;-3.25;-39.75;0.0
2026-09-20;-3.25;-39.25;0.0
2026-09-20;-3.25;-38.75;0.0
2026-09-20;-3.25;-38.25;
2026-09-20;-3.25;-37.75;
2026-09-20;-3.25;-37.25;
2026-09-20;-2.75;-41.25;0.0
2026-09-20;-2.75;-40.75;0.0
2026-09-20;-2.75;-40.25;0.0
2026-09-20;-2.75;-39.75;0.0
2026-09-20;-2.75;-39.25;
2026-09-20;-2.75;-38.75;
2026-09-20;-2.75;-38.25;
2026-09-20;-2.75;-37.75;
2026-09-20;-2.75;-37.25;
2026-09-21;-7.75;-41.25;0.0
2026-09-21;-7.75;-40.75;0.0
2026-09-21;-7.75;-40.25;0.0
2026-09-21;-7.75;-39.75;0.0
2026-09-21;-7.75;-39.25;0.0
2026-09-21;-7.75;-38.75;0.0
2026-09-21;-7.75;-38.25;0.0
2026-09-21;-7.75;-37.75;0.0
2026-09-21;-7.75;-37.25;0.0
2026-09-21;-7.25;-41.25;0.0
2026-09-21;-7.25;-40.75;0.0
2026-09-21;-7.25;-40.25;0.0
2026-09-21;-7.25;-39.75;0.0
2026-09-21;-7.25;-39.25;0.0
2026-09-21;-7.25;-38.75;0.0
2026-09-21;-7.25;-38.25;0.0
2026-09-21;-7.25;-37.75;0.0
2026-09-21;-7.25;-37.25;0.0
2026-09-21;-6.75;-41.25;0.0
2026-09-21;-6.75;-40.75;0.0
2026-09-21;-6.75;-40.25;0.0
2026-09-21;-6.75;-39.75;0.0
2026-09-21;-6.75;-39.25;0.0
2026-09-21;-6.75;-38.75;0.0
2026-09-21;-6.75;-38.25;0.0
2026-09-21;-6.75;-37.75;0.0
2026-09-21;-6.75;-37.25;0.0
2026-09-21;-6.25;-41.25;0.0
2026-09-21;-6.25;-40.75;0.0
2026-09-21;-6.25;-40.25;0.0
2026-09-21;-6.25;-39.75;0.0
2026-09-21;-6.25;-39.25;0.0
2026-09-21;-6.25;-38.75;0.0
2026-09-21;-6.25;-38.25;0.0
2026-09-21;-6.25;-37.75;0.0
2026-09-21;-6.25;-37.25;0.0
2026-09-21;-5.75;-41.25;0.0
2026-09-21;-5.75;-40.75;0.0
2026-09-21;-5.75;-40.25;0.0
2026-09-21;-5.75;-39.75;0.0
2026-09-21;-5.75;-39.25;0.0
2026-09-21;-5.75;-38.75;0.0
2026-09-21;-5.75;-38.25;0.0
2026-09-21;-5.75;-37.75;0.0
2026-09-21;-5.75;-37.25;0.0
2026-09-21;-5.25;-41.25;0.0
2026-09-21;-5.25;-40.75;0.0
2026-09-21;-5.25;-40.25;0.0
2026-09-21;-5.25;-39.75;0.0
2026-09-21;-5.25;-39.25;0.0
2026-09-21;-5.25;-38.75;0.0
2026-09-21;-5.25;-38.25;0.0
2026-09-21;-5.25;-37.75;0.0
2026-09-21;-5.25;-37.25;0.0
2026-09-21;-4.75;-41.25;0.0
2026-09-21;-4.75;-40.75;0.0
2026-09-21;-4.75;-40.25;0.0
2026-09-21;-4.75;-39.75;0.0
2026-09-21;-4.75;-39.25;0.0
2026-09-21;-4.75;-38.75;0.0
2026-09-21;-4.75;-38.25;0.0
2026-09-21;-4.75;-37.75;0.0
2026-09-21;-4.75;-37.25;0.0
2026-09-21;-4.25;-41.25;0.0
2026-09-21;-4.25;-40.75;0.0
2026-09-21;-4.25;-40.25;0.0
2026-09-21;-4.25;-39.75;0.0
2026-09-21;-4.25;-39.25;0.0
2026-09-21;-4.25;-38.75;0.0
2026-09-21;-4.25;-38.25;0.0
2026-09-21;-4.25;-37.75;0.0
2026-09-21;-4.25;-37.25;
2026-09-21;-3.75;-41.25;0.0
2026-09-21;-3.75;-40.75;0.0
2026-09-21;-3.75;-40.25;0.0
2026-09-21;-3.75;-39.75;0.0
2026-09-21;-3.75;-39.25;0.0
2026-09-21;-3.75;-38.75;0.0
2026-09-21;-3.75;-38.25;0.0
2026-09-21;-3.75;-37.75;
2026-09-21;-3.75;-37.25;
2026-09-21;-3.25;-41.25;0.0
2026-09-21;-3.25;-40.75;0.0
2026-09-21;-3.25;-40.25;0.0
2026-09-21;-3.25;-39.75;0.0
2026-09-21;-3.25;-39.25;0.0
2026-09-21;-3.25;-38.75;0.0
2026-09-21;-3.25;-38.25;
2026-09-21;-3.25;-37.75;
2026-09-21;-3.25;-37.25;
2026-09-21;-2.75;-41.25;0.0
2026-09-21;-2.75;-40.75;0.0
2026-09-21;-2.75;-40.25;0.0
2026-09-21;-2.75;-39.75;0.0
2026-09-21;-2.75;-39.25;
2026-09-21;-2.75;-38.75;
2026-09-21;-2.75;-38.25;
2026-09-21;-2.75;-37.75;
2026-09-21;-2.75;-37.25;
2026-09-22;-7.75;-41.25;0.0
2026-09-22;-7.75;-40.75;0.0
2026-09-22;-7.75;-40.25;0.0
2026-09-22;-7.75;-39.75;0.0
2026-09-22;-7.75;-39.25;0.0
2026-09-22;-7.75;-38.75;0.0
2026-09-22;-7.75;-38.25;0.0
2026-09-22;-7.75;-37.75;0.0
2026-09-22;-7.75;-37.25;0.0
2026-09-22;-7.25;-41.25;0.0
2026-09-22;-7.25;-40.75;0.0
2026-09-22;-7.25;-40.25;0.0
2026-09-22;-7.25;-39.75;0.0
2026-09-22;-7.25;-39.25;0.0
2026-09-22;-7.25;-38.75;0.0
2026-09-22;-7.25;-38.25;0.209996685385704
2026-09-22;-7.25;-37.75;0.5636730194091797
2026-09-22;-7.25;-37.25;0.4468640685081482
2026-09-22;-6.75;-41.25;0.0
2026-09-22;-6.75;-40.75;0.0
2026-09-22;-6.75;-40.25;0.0
2026-09-22;-6.75;-39.75;0.0
2026-09-22;-6.75;-39.25;0.0
2026-09-22;-6.75;-38.75;0.0
2026-09-22;-6.75;-38.25;0.2066818326711655
2026-09-22;-6.75;-37.75;0.871398389339447
2026-09-22;-6.75;-37.25;0.9064157605171204
2026-09-22;-6.25;-41.25;0.0
2026-09-22;-6.25;-40.75;0.0
2026-09-22;-6.25;-40.25;0.0
2026-09-22;-6.25;-39.75;0.0
2026-09-22;-6.25;-39.25;0.0
2026-09-22;-6.25;-38.75;0.0
2026-09-22;-6.25;-38.25;0.0
2026-09-22;-6.25;-37.75;0.4000568091869354
2026-09-22;-6.25;-37.25;0.8569694757461548
2026-09-22;-5.75;-41.25;0.0
2026-09-22;-5.75;-40.75;0.0
2026-09-22;-5.75;-40.25;0.0
2026-09-22;-5.75;-39.75;0.0
2026-09-22;-5.75;-39.25;0.0
2026-09-22;-5.75;-38.75;0.0
2026-09-22;-5.75;-38.25;0.0
2026-09-22;-5.75;-37.75;0.0
2026-09-22;-5.75;-37.25;0.5762704610824585
2026-09-22;-5.25;-41.25;0.0
2026-09-22;-5.25;-40.75;0.0
2026-09-22;-5.25;-40.25;0.0
2026-09-22;-5.25;-39.75;0.0
2026-09-22;-5.25;-39.25;0.0
2026-09-22;-5.25;-38.75;0.0
2026-09-22;-5.25;-38.25;0.0
2026-09-22;-5.25;-37.75;0.0
2026-09-22;-5.25;-37.25;0.0
2026-09-22;-4.75;-41.25;0.0
2026-09-22;-4.75;-40.75;0.0
2026-09-22;-4.75;-40.25;0.0
2026-09-22;-4.75;-39.75;0.0
2026-09-22;-4.75;-39.25;0.0
2026-09-22;-4.75;-38.75;0.0
2026-09-22;-4.75;-38.25;0.0
2026-09-22;-4.75;-37.75;0.0
2026-09-22;-4.75;-37.25;0.0
2026-09-22;-4.25;-41.25;0.0
2026-09-22;-4.25;-40.75;0.0
2026-09-22;-4.25;-40.25;0.0
2026-09-22;-4.25;-39.75;0.0
2026-09-22;-4.25;-39.25;0.0
2026-09-22;-4.25;-38.75;0.0
2026-09-22;-4.25;-38.25;0.0
2026-09-22;-4.25;-37.75;0.0
2026-09-22;-4.25;-37.25;
2026-09-22;-3.75;-41.25;0.0
2026-09-22;-3.75;-40.75;0.0
2026-09-22;-3.75;-40.25;0.0
2026-09-22;-3.75;-39.75;0.0
2026-09-22;-3.75;-39.25;0.0
2026-09-22;-3.75;-38.75;0.0
2026-09-22;-3.75;-38.25;0.0
2026-09-22;-3.75;-37.75;
2026-09-22;-3.75;-37.25;
2026-09-22;-3.25;-41.25;0.0
2026-09-22;-3.25;-40.75;0.0
2026-09-22;-3.25;-40.25;0.0
2026-09-22;-3.25;-39.75;0.0
2026-09-22;-3.25;-39.25;0.0
2026-09-22;-3.25;-38.75;0.0
2026-09-22;-3.25;-38.25;
2026-09-22;-3.25;-37.75;
2026-09-22;-3.25;-37.25;
2026-09-22;-2.75;-41.25;0.0
2026-09-22;-2.75;-40.75;0.0
2026-09-22;-2.75;-40.25;0.0
2026-09-22;-2.75;-39.75;0.0
2026-09-22;-2.75;-39.25;
2026-09-22;-2.75;-38.75;
2026-09-22;-2.75;-38.25;
2026-09-22;-2.75;-37.75;
2026-09-22;-2.75;-37.25;
2026-09-23;-7.75;-41.25;0.0
2026-09-23;-7.75;-40.75;0.0
2026-09-23;-7.75;-40.25;0.0
2026-09-23;-7.75;-39.75;0.0
2026-09-23;-7.75;-39.25;0.0
2026-09-23;-7.75;-38.75;0.0
2026-09-23;-7.75;-38.25;0.0
2026-09-23;-7.75;-37.75;0.0
2026-09-23;-7.75;-37.25;0.0
2026-09-23;-7.25;-41.25;0.0
2026-09-23;-7.25;-40.75;0.0
2026-09-23;-7.25;-40.25;0.0
2026-09-23;-7.25;-39.75;0.0
2026-09-23;-7.25;-39.25;0.0
2026-09-23;-7.25;-38.75;0.0
2026-09-23;-7.25;-38.25;0.0
2026-09-23;-7.25;-37.75;0.0
2026-09-23;-7.25;-37.25;0.0
2026-09-23;-6.75;-41.25;0.0
2026-09-23;-6.75;-40.75;0.0
2026-09-23;-6.75;-40.25;0.0
2026-09-23;-6.75;-39.75;0.0
2026-09-23;-6.75;-39.25;0.0
2026-09-23;-6.75;-38.75;0.0
2026-09-23;-6.75;-38.25;0.0
2026-09-23;-6.75;-37.75;0.0
2026-09-23;-6.75;-37.25;0.0
2026-09-23;-6.25;-41.25;0.0
2026-09-23;-6.25;-40.75;0.0
2026-09-23;-6.25;-40.25;0.0
2026-09-23;-6.25;-39.75;0.0
2026-09-23;-6.25;-39.25;0.2114533334970474
2026-09-23;-6.25;-38.75;0.3536679148674011
2026-09-23;-6.25;-38.25;0.6120271682739258
2026-09-23;-6.25;-37.75;0.4393235146999359
2026-09-23;-6.25;-37.25;0.0
2026-09-23;-5.75;-41.25;0.0
2026-09-23;-5.75;-40.75;0.0
2026-09-23;-5.75;-40.25;0.0
2026-09-23;-5.75;-39.75;0.0
2026-09-23;-5.75;-39.25;0.258434534072876
2026-09-23;-5.75;-38.75;0.771498441696167
2026-09-23;-5.75;-38.25;1.422842741012573
2026-09-23;-5.75;-37.75;1.517861723899841
2026-09-23;-5.75;-37.25;0.9341276288032532
2026-09-23;-5.25;-41.25;0.0
2026-09-23;-5.25;-40.75;0.0
2026-09-23;-5.25;-40.25;0.2012541443109512
2026-09-23;-5.25;-39.75;0.2694734632968903
2026-09-23;-5.25;-39.25;0.0
2026-09-23;-5.25;-38.75;1.132985949516296
2026-09-23;-5.25;-38.25;2.301474571228027
2026-09-23;-5.25;-37.75;2.779369115829468
2026-09-23;-5.25;-37.25;2.435483455657959
2026-09-23;-4.75;-41.25;0.0
2026-09-23;-4.75;-40.75;0.2245424687862396
2026-09-23;-4.75;-40.25;0.9122059941291809
2026-09-23;-4.75;-39.75;1.184555053710938
2026-09-23;-4.75;-39.25;1.383353233337402
2026-09-23;-4.75;-38.75;2.642158031463623
2026-09-23;-4.75;-38.25;3.761220216751099
2026-09-23;-4.75;-37.75;4.025575160980225
2026-09-23;-4.75;-37.25;3.765807867050171
2026-09-23;-4.25;-41.25;0.0
2026-09-23;-4.25;-40.75;1.031129121780396
2026-09-23;-4.25;-40.25;2.175121068954468
2026-09-23;-4.25;-39.75;2.862805604934692
2026-09-23;-4.25;-39.25;3.771836280822754
2026-09-23;-4.25;-38.75;5.175446033477783
2026-09-23;-4.25;-38.25;5.693685054779053
2026-09-23;-4.25;-37.75;5.259979248046875
2026-09-23;-4.25;-37.25;
2026-09-23;-3.75;-41.25;0.387919008731842
2026-09-23;-3.75;-40.75;2.223876237869263
2026-09-23;-3.75;-40.25;3.421934604644775
2026-09-23;-3.75;-39.75;4.183508396148682
2026-09-23;-3.75;-39.25;5.322470188140869
2026-09-23;-3.75;-38.75;6.588142871856689
2026-09-23;-3.75;-38.25;6.701241970062256
2026-09-23;-3.75;-37.75;
2026-09-23;-3.75;-37.25;
2026-09-23;-3.25;-41.25;0.8333073854446411
2026-09-23;-3.25;-40.75;3.784460783004761
2026-09-23;-3.25;-40.25;4.57691764831543
2026-09-23;-3.25;-39.75;4.986978054046631
2026-09-23;-3.25;-39.25;5.718920230865479
2026-09-23;-3.25;-38.75;6.47388219833374
2026-09-23;-3.25;-38.25;
2026-09-23;-3.25;-37.75;
2026-09-23;-3.25;-37.25;
2026-09-23;-2.75;-41.25;2.280649900436401
2026-09-23;-2.75;-40.75;5.852605819702148
2026-09-23;-2.75;-40.25;5.654106616973877
2026-09-23;-2.75;-39.75;5.636062145233154
2026-09-23;-2.75;-39.25;
2026-09-23;-2.75;-38.75;
2026-09-23;-2.75;-38.25;
2026-09-23;-2.75;-37.75;
2026-09-23;-2.75;-37.25;
2026-09-24;-7.75;-41.25;0.0
2026-09-24;-7.75;-40.75;0.0
2026-09-24;-7.75;-40.25;0.0
2026-09-24;-7.75;-39.75;0.0
2026-09-24;-7.75;-39.25;0.0
2026-09-24;-7.75;-38.75;0.0
2026-09-24;-7.75;-38.25;0.0
2026-09-24;-7.75;-37.75;0.0
2026-09-24;-7.75;-37.25;0.0
2026-09-24;-7.25;-41.25;0.0
2026-09-24;-7.25;-40.75;0.0
2026-09-24;-7.25;-40.25;0.0
2026-09-24;-7.25;-39.75;0.0
2026-09-24;-7.25;-39.25;0.0
2026-09-24;-7.25;-38.75;0.0
2026-09-24;-7.25;-38.25;0.0
2026-09-24;-7.25;-37.75;0.0
2026-09-24;-7.25;-37.25;0.0
2026-09-24;-6.75;-41.25;0.0
2026-09-24;-6.75;-40.75;0.0
2026-09-24;-6.75;-40.25;0.0
2026-09-24;-6.75;-39.75;0.0
2026-09-24;-6.75;-39.25;0.0
2026-09-24;-6.75;-38.75;0.0
2026-09-24;-6.75;-38.25;0.0
2026-09-24;-6.75;-37.75;0.0
2026-09-24;-6.75;-37.25;0.0
2026-09-24;-6.25;-41.25;0.0
2026-09-24;-6.25;-40.75;0.0
2026-09-24;-6.25;-40.25;0.0
2026-09-24;-6.25;-39.75;0.0
2026-09-24;-6.25;-39.25;0.0
2026-09-24;-6.25;-38.75;0.0
2026-09-24;-6.25;-38.25;0.0
2026-09-24;-6.25;-37.75;0.0
2026-09-24;-6.25;-37.25;0.0
2026-09-24;-5.75;-41.25;0.0
2026-09-24;-5.75;-40.75;0.0
2026-09-24;-5.75;-40.25;0.0
2026-09-24;-5.75;-39.75;0.0
2026-09-24;-5.75;-39.25;0.0
2026-09-24;-5.75;-38.75;0.0
2026-09-24;-5.75;-38.25;0.0
2026-09-24;-5.75;-37.75;0.0
2026-09-24;-5.75;-37.25;0.0
2026-09-24;-5.25;-41.25;0.0
2026-09-24;-5.25;-40.75;0.0
2026-09-24;-5.25;-40.25;0.0
2026-09-24;-5.25;-39.75;0.0
2026-09-24;-5.25;-39.25;0.0
2026-09-24;-5.25;-38.75;0.0
2026-09-24;-5.25;-38.25;0.0
2026-09-24;-5.25;-37.75;0.0
2026-09-24;-5.25;-37.25;0.4259512722492218
2026-09-24;-4.75;-41.25;0.0
2026-09-24;-4.75;-40.75;0.0
2026-09-24;-4.75;-40.25;0.0
2026-09-24;-4.75;-39.75;0.0
2026-09-24;-4.75;-39.25;0.0
2026-09-24;-4.75;-38.75;0.2245097458362579
2026-09-24;-4.75;-38.25;0.8050585985183716
2026-09-24;-4.75;-37.75;1.13767683506012
2026-09-24;-4.75;-37.25;1.077515721321106
2026-09-24;-4.25;-41.25;0.0
2026-09-24;-4.25;-40.75;0.0
2026-09-24;-4.25;-40.25;0.0
2026-09-24;-4.25;-39.75;0.0
2026-09-24;-4.25;-39.25;0.7638909816741943
2026-09-24;-4.25;-38.75;1.466477036476135
2026-09-24;-4.25;-38.25;1.628194093704224
2026-09-24;-4.25;-37.75;1.504136681556702
2026-09-24;-4.25;-37.25;
2026-09-24;-3.75;-41.25;0.0
2026-09-24;-3.75;-40.75;0.0
2026-09-24;-3.75;-40.25;0.600555419921875
2026-09-24;-3.75;-39.75;1.152106165885925
2026-09-24;-3.75;-39.25;1.522330284118652
2026-09-24;-3.75;-38.75;1.883063554763794
2026-09-24;-3.75;-38.25;1.915084958076477
2026-09-24;-3.75;-37.75;
2026-09-24;-3.75;-37.25;
2026-09-24;-3.25;-41.25;0.0
2026-09-24;-3.25;-40.75;1.006483674049377
2026-09-24;-3.25;-40.25;1.309387445449829
2026-09-24;-3.25;-39.75;1.426372766494751
2026-09-24;-3.25;-39.25;1.635032296180725
2026-09-24;-3.25;-38.75;1.850166082382202
2026-09-24;-3.25;-38.25;
2026-09-24;-3.25;-37.75;
2026-09-24;-3.25;-37.25;
2026-09-24;-2.75;-41.25;0.5146703124046326
2026-09-24;-2.75;-40.75;1.673376321792603
2026-09-24;-2.75;-40.25;1.616716027259827
2026-09-24;-2.75;-39.75;1.611429810523987
2026-09-24;-2.75;-39.25;
2026-09-24;-2.75;-38.75;
2026-09-24;-2.75;-38.25;
2026-09-24;-2.75;-37.75;
2026-09-24;-2.75;-37.25;
2026-09-25;-7.75;-41.25;0.0
2026-09-25;-7.75;-40.75;0.0
2026-09-25;-7.75;-40.25;0.0
2026-09-25;-7.75;-39.75;0.0
2026-09-25;-7.75;-39.25;0.0
2026-09-25;-7.75;-38.75;0.0
2026-09-25;-7.75;-38.25;0.0
2026-09-25;-7.75;-37.75;4.112216949462891
2026-09-25;-7.75;-37.25;25.86385345458984
2026-09-25;-7.25;-41.25;0.0
2026-09-25;-7.25;-40.75;0.0
2026-09-25;-7.25;-40.25;0.0
2026-09-25;-7.25;-39.75;0.0
2026-09-25;-7.25;-39.25;0.0
2026-09-25;-7.25;-38.75;0.0
2026-09-25;-7.25;-38.25;0.0
2026-09-25;-7.25;-37.75;0.8875592947006226
2026-09-25;-7.25;-37.25;17.44631958007812
2026-09-25;-6.75;-41.25;0.0
2026-09-25;-6.75;-40.75;0.0
2026-09-25;-6.75;-40.25;0.0
2026-09-25;-6.75;-39.75;0.0
2026-09-25;-6.75;-39.25;0.0
2026-09-25;-6.75;-38.75;0.0
2026-09-25;-6.75;-38.25;0.0
2026-09-25;-6.75;-37.75;0.0
2026-09-25;-6.75;-37.25;2.44133996963501
2026-09-25;-6.25;-41.25;0.2170531749725342
2026-09-25;-6.25;-40.75;0.0
2026-09-25;-6.25;-40.25;0.0
2026-09-25;-6.25;-39.75;0.0
2026-09-25;-6.25;-39.25;0.0
2026-09-25;-6.25;-38.75;0.0
2026-09-25;-6.25;-38.25;0.0
2026-09-25;-6.25;-37.75;0.0
2026-09-25;-6.25;-37.25;0.0
2026-09-25;-5.75;-41.25;2.133291006088257
2026-09-25;-5.75;-40.75;0.0
2026-09-25;-5.75;-40.25;0.0
2026-09-25;-5.75;-39.75;0.0
2026-09-25;-5.75;-39.25;0.0
2026-09-25;-5.75;-38.75;0.0
2026-09-25;-5.75;-38.25;0.0
2026-09-25;-5.75;-37.75;0.0
2026-09-25;-5.75;-37.25;0.0
2026-09-25;-5.25;-41.25;2.873217582702637
2026-09-25;-5.25;-40.75;0.0
2026-09-25;-5.25;-40.25;0.0
2026-09-25;-5.25;-39.75;0.0
2026-09-25;-5.25;-39.25;0.0
2026-09-25;-5.25;-38.75;0.0
2026-09-25;-5.25;-38.25;0.0
2026-09-25;-5.25;-37.75;0.0
2026-09-25;-5.25;-37.25;0.0
2026-09-25;-4.75;-41.25;3.312998056411743
2026-09-25;-4.75;-40.75;0.0
2026-09-25;-4.75;-40.25;0.0
2026-09-25;-4.75;-39.75;0.0
2026-09-25;-4.75;-39.25;0.0
2026-09-25;-4.75;-38.75;0.0
2026-09-25;-4.75;-38.25;0.0
2026-09-25;-4.75;-37.75;0.0
2026-09-25;-4.75;-37.25;0.0
2026-09-25;-4.25;-41.25;3.426375150680542
2026-09-25;-4.25;-40.75;0.0
2026-09-25;-4.25;-40.25;0.0
2026-09-25;-4.25;-39.75;0.0
2026-09-25;-4.25;-39.25;0.0
2026-09-25;-4.25;-38.75;0.0
2026-09-25;-4.25;-38.25;0.0
2026-09-25;-4.25;-37.75;0.0
2026-09-25;-4.25;-37.25;
2026-09-25;-3.75;-41.25;3.634676694869995
2026-09-25;-3.75;-40.75;0.0
2026-09-25;-3.75;-40.25;0.0
2026-09-25;-3.75;-39.75;0.0
2026-09-25;-3.75;-39.25;0.0
2026-09-25;-3.75;-38.75;0.0
2026-09-25;-3.75;-38.25;0.0
2026-09-25;-3.75;-37.75;
2026-09-25;-3.75;-37.25;
2026-09-25;-3.25;-41.25;3.857386112213135
2026-09-25;-3.25;-40.75;0.0
2026-09-25;-3.25;-40.25;0.0
2026-09-25;-3.25;-39.75;0.0
2026-09-25;-3.25;-39.25;0.0
2026-09-25;-3.25;-38.75;0.0
2026-09-25;-3.25;-38.25;
2026-09-25;-3.25;-37.75;
2026-09-25;-3.25;-37.25;
2026-09-25;-2.75;-41.25;2.051632165908813
2026-09-25;-2.75;-40.75;0.0
2026-09-25;-2.75;-40.25;0.0
2026-09-25;-2.75;-39.75;0.0
2026-09-25;-2.75;-39.25;
2026-09-25;-2.75;-38.75;
2026-09-25;-2.75;-38.25;
2026-09-25;-2.75;-37.75;
2026-09-25;-2.75;-37.25;
2026-09-26;-7.75;-41.25;3.945538520812988
2026-09-26;-7.75;-40.75;1.982550621032715
2026-09-26;-7.75;-40.25;0.5927361249923706
2026-09-26;-7.75;-39.75;0.0
2026-09-26;-7.75;-39.25;0.0
2026-09-26;-7.75;-38.75;0.0
2026-09-26;-7.75;-38.25;0.6901039481163025
2026-09-26;-7.75;-37.75;5.611984252929688
2026-09-26;-7.75;-37.25;7.757776737213135
2026-09-26;-7.25;-41.25;5.515036582946777
2026-09-26;-7.25;-40.75;3.743564367294312
2026-09-26;-7.25;-40.25;1.640856385231018
2026-09-26;-7.25;-39.75;0.2154136747121811
2026-09-26;-7.25;-39.25;0.0
2026-09-26;-7.25;-38.75;0.0
2026-09-26;-7.25;-38.25;5.504311561584473
2026-09-26;-7.25;-37.75;14.58925914764404
2026-09-26;-7.25;-37.25;13.41631984710693
2026-09-26;-6.75;-41.25;6.346949577331543
2026-09-26;-6.75;-40.75;5.679961204528809
2026-09-26;-6.75;-40.25;3.435714960098267
2026-09-26;-6.75;-39.75;0.2258187383413315
2026-09-26;-6.75;-39.25;0.0
2026-09-26;-6.75;-38.75;0.6067193150520325
2026-09-26;-6.75;-38.25;7.542895793914795
2026-09-26;-6.75;-37.75;17.67830085754395
2026-09-26;-6.75;-37.25;18.74214363098145
2026-09-26;-6.25;-41.25;5.549129486083984
2026-09-26;-6.25;-40.75;5.466371059417725
2026-09-26;-6.25;-40.25;4.598070621490479
2026-09-26;-6.25;-39.75;0.0
2026-09-26;-6.25;-39.25;0.0
2026-09-26;-6.25;-38.75;0.7498911619186401
2026-09-26;-6.25;-38.25;3.903060913085938
2026-09-26;-6.25;-37.75;11.0498104095459
2026-09-26;-6.25;-37.25;17.28851699829102
2026-09-26;-5.75;-41.25;3.486155271530151
2026-09-26;-5.75;-40.75;2.845201969146729
2026-09-26;-5.75;-40.25;1.221632957458496
2026-09-26;-5.75;-39.75;0.0
2026-09-26;-5.75;-39.25;0.0
2026-09-26;-5.75;-38.75;0.4352781772613525
2026-09-26;-5.75;-38.25;2.689278125762939
2026-09-26;-5.75;-37.75;7.000640392303467
2026-09-26;-5.75;-37.25;12.57524681091309
2026-09-26;-5.25;-41.25;1.877518653869629
2026-09-26;-5.25;-40.75;1.430461049079895
2026-09-26;-5.25;-40.25;0.5740519762039185
2026-09-26;-5.25;-39.75;0.0
2026-09-26;-5.25;-39.25;0.0
2026-09-26;-5.25;-38.75;0.3600947260856628
2026-09-26;-5.25;-38.25;1.878426671028137
2026-09-26;-5.25;-37.75;4.871116638183594
2026-09-26;-5.25;-37.25;8.90145206451416
2026-09-26;-4.75;-41.25;0.5341858267784119
2026-09-26;-4.75;-40.75;0.4873168468475342
2026-09-26;-4.75;-40.25;0.2793399095535278
2026-09-26;-4.75;-39.75;0.0
2026-09-26;-4.75;-39.25;0.0
2026-09-26;-4.75;-38.75;0.2150623202323914
2026-09-26;-4.75;-38.25;0.9611910581588745
2026-09-26;-4.75;-37.75;3.176475048065186
2026-09-26;-4.75;-37.25;6.446005344390869
2026-09-26;-4.25;-41.25;0.0
2026-09-26;-4.25;-40.75;0.0
2026-09-26;-4.25;-40.25;0.0
2026-09-26;-4.25;-39.75;0.0
2026-09-26;-4.25;-39.25;0.0
2026-09-26;-4.25;-38.75;0.0
2026-09-26;-4.25;-38.25;0.3415810465812683
2026-09-26;-4.25;-37.75;1.668432116508484
2026-09-26;-4.25;-37.25;
2026-09-26;-3.75;-41.25;0.0
2026-09-26;-3.75;-40.75;0.0
2026-09-26;-3.75;-40.25;0.0
2026-09-26;-3.75;-39.75;0.0
2026-09-26;-3.75;-39.25;0.0
2026-09-26;-3.75;-38.75;0.0
2026-09-26;-3.75;-38.25;0.0
2026-09-26;-3.75;-37.75;
2026-09-26;-3.75;-37.25;
2026-09-26;-3.25;-41.25;0.0
2026-09-26;-3.25;-40.75;0.0
2026-09-26;-3.25;-40.25;0.0
2026-09-26;-3.25;-39.75;0.0
2026-09-26;-3.25;-39.25;0.0
2026-09-26;-3.25;-38.75;0.0
2026-09-26;-3.25;-38.25;
2026-09-26;-3.25;-37.75;
2026-09-26;-3.25;-37.25;
2026-09-26;-2.75;-41.25;0.0
2026-09-26;-2.75;-40.75;0.0
2026-09-26;-2.75;-40.25;0.0
2026-09-26;-2.75;-39.75;0.0
2026-09-26;-2.75;-39.25;
2026-09-26;-2.75;-38.75;
2026-09-26;-2.75;-38.25;
2026-09-26;-2.75;-37.75;
2026-09-26;-2.75;-37.25;
2026-09-27;-7.75;-41.25;0.0
2026-09-27;-7.75;-40.75;0.0
2026-09-27;-7.75;-40.25;0.0
2026-09-27;-7.75;-39.75;0.2173688113689423
2026-09-27;-7.75;-39.25;5.82967472076416
2026-09-27;-7.75;-38.75;9.900087356567383
2026-09-27;-7.75;-38.25;8.828656196594238
2026-09-27;-7.75;-37.75;7.476993560791016
2026-09-27;-7.75;-37.25;6.679171085357666
2026-09-27;-7.25;-41.25;0.0
2026-09-27;-7.25;-40.75;0.3871073126792908
2026-09-27;-7.25;-40.25;0.8093932867050171
2026-09-27;-7.25;-39.75;2.260345697402954
2026-09-27;-7.25;-39.25;7.572332382202148
2026-09-27;-7.25;-38.75;9.69106388092041
2026-09-27;-7.25;-38.25;7.18223762512207
2026-09-27;-7.25;-37.75;5.794132232666016
2026-09-27;-7.25;-37.25;5.390709400177002
2026-09-27;-6.75;-41.25;0.0
2026-09-27;-6.75;-40.75;0.8316503763198853
2026-09-27;-6.75;-40.25;1.979977607727051
2026-09-27;-6.75;-39.75;4.881085395812988
2026-09-27;-6.75;-39.25;9.309671401977539
2026-09-27;-6.75;-38.75;9.671645164489746
2026-09-27;-6.75;-38.25;7.945860385894775
2026-09-27;-6.75;-37.75;5.505267143249512
2026-09-27;-6.75;-37.25;4.891379356384277
2026-09-27;-6.25;-41.25;0.219737783074379
2026-09-27;-6.25;-40.75;1.277412176132202
2026-09-27;-6.25;-40.25;3.27364182472229
2026-09-27;-6.25;-39.75;6.760331153869629
2026-09-27;-6.25;-39.25;9.772974967956543
2026-09-27;-6.25;-38.75;9.736559867858887
2026-09-27;-6.25;-38.25;8.88076400756836
2026-09-27;-6.25;-37.75;7.200832843780518
2026-09-27;-6.25;-37.25;5.564351081848145
2026-09-27;-5.75;-41.25;0.3095054030418396
2026-09-27;-5.75;-40.75;1.897475123405457
2026-09-27;-5.75;-40.25;4.578572273254395
2026-09-27;-5.75;-39.75;7.888201713562012
2026-09-27;-5.75;-39.25;9.870537757873535
2026-09-27;-5.75;-38.75;9.834074974060059
2026-09-27;-5.75;-38.25;9.230527877807617
2026-09-27;-5.75;-37.75;8.22789192199707
2026-09-27;-5.75;-37.25;6.796490669250488
2026-09-27;-5.25;-41.25;0.4398982226848602
2026-09-27;-5.25;-40.75;2.734317064285278
2026-09-27;-5.25;-40.25;5.792956352233887
2026-09-27;-5.25;-39.75;8.514573097229004
2026-09-27;-5.25;-39.25;9.8914155960083
2026-09-27;-5.25;-38.75;9.884387016296387
2026-09-27;-5.25;-38.25;9.521394729614258
2026-09-27;-5.25;-37.75;8.768213272094727
2026-09-27;-5.25;-37.25;7.740498542785645
2026-09-27;-4.75;-41.25;0.5977499485015869
2026-09-27;-4.75;-40.75;3.700525045394897
2026-09-27;-4.75;-40.25;6.925338268280029
2026-09-27;-4.75;-39.75;8.902287483215332
2026-09-27;-4.75;-39.25;9.898330688476562
2026-09-27;-4.75;-38.75;9.931113243103027
2026-09-27;-4.75;-38.25;9.758390426635742
2026-09-27;-4.75;-37.75;9.199115753173828
2026-09-27;-4.75;-37.25;8.366410255432129
2026-09-27;-4.25;-41.25;0.7702161073684692
2026-09-27;-4.25;-40.75;4.738731384277344
2026-09-27;-4.25;-40.25;7.900877952575684
2026-09-27;-4.25;-39.75;9.255707740783691
2026-09-27;-4.25;-39.25;9.918309211730957
2026-09-27;-4.25;-38.75;9.975424766540527
2026-09-27;-4.25;-38.25;9.913456916809082
2026-09-27;-4.25;-37.75;9.581550598144531
2026-09-27;-4.25;-37.25;
2026-09-27;-3.75;-41.25;1.509513854980469
2026-09-27;-3.75;-40.75;5.986023902893066
2026-09-27;-3.75;-40.25;8.697949409484863
2026-09-27;-3.75;-39.75;9.573116302490234
2026-09-27;-3.75;-39.25;9.930130958557129
2026-09-27;-3.75;-38.75;9.992902755737305
2026-09-27;-3.75;-38.25;9.971508979797363
2026-09-27;-3.75;-37.75;
2026-09-27;-3.75;-37.25;
2026-09-27;-3.25;-41.25;2.886235952377319
2026-09-27;-3.25;-40.75;6.951869964599609
2026-09-27;-3.25;-40.25;8.973198890686035
2026-09-27;-3.25;-39.75;9.670065879821777
2026-09-27;-3.25;-39.25;9.93136215209961
2026-09-27;-3.25;-38.75;9.98141098022461
2026-09-27;-3.25;-38.25;
2026-09-27;-3.25;-37.75;
2026-09-27;-3.25;-37.25;
2026-09-27;-2.75;-41.25;3.61532187461853
2026-09-27;-2.75;-40.75;7.218766212463379
2026-09-27;-2.75;-40.25;8.982917785644531
2026-09-27;-2.75;-39.75;9.630746841430664
2026-09-27;-2.75;-39.25;
2026-09-27;-2.75;-38.75;
2026-09-27;-2.75;-38.25;
2026-09-27;-2.75;-37.75;
2026-09-27;-2.75;-37.25;
2026-09-28;-7.75;-41.25;0.0
2026-09-28;-7.75;-40.75;0.0
2026-09-28;-7.75;-40.25;0.0
2026-09-28;-7.75;-39.75;0.0
2026-09-28;-7.75;-39.25;0.0
2026-09-28;-7.75;-38.75;0.0
2026-09-28;-7.75;-38.25;8.520462989807129
2026-09-28;-7.75;-37.75;56.16682052612305
2026-09-28;-7.75;-37.25;46.85215377807617
2026-09-28;-7.25;-41.25;0.0
2026-09-28;-7.25;-40.75;0.0
2026-09-28;-7.25;-40.25;0.0
2026-09-28;-7.25;-39.75;0.0
2026-09-28;-7.25;-39.25;0.0
2026-09-28;-7.25;-38.75;0.0
2026-09-28;-7.25;-38.25;0.0
2026-09-28;-7.25;-37.75;4.14657735824585
2026-09-28;-7.25;-37.25;10.79003715515137
2026-09-28;-6.75;-41.25;0.0
2026-09-28;-6.75;-40.75;0.0
2026-09-28;-6.75;-40.25;0.0
2026-09-28;-6.75;-39.75;0.0
2026-09-28;-6.75;-39.25;0.0
2026-09-28;-6.75;-38.75;0.0
2026-09-28;-6.75;-38.25;0.0
2026-09-28;-6.75;-37.75;0.0
2026-09-28;-6.75;-37.25;0.5913602113723755
2026-09-28;-6.25;-41.25;0.0
2026-09-28;-6.25;-40.75;0.0
2026-09-28;-6.25;-40.25;0.0
2026-09-28;-6.25;-39.75;0.0
2026-09-28;-6.25;-39.25;0.0
2026-09-28;-6.25;-38.75;0.0
2026-09-28;-6.25;-38.25;0.0
2026-09-28;-6.25;-37.75;0.0
2026-09-28;-6.25;-37.25;0.0
2026-09-28;-5.75;-41.25;0.0
2026-09-28;-5.75;-40.75;0.0
2026-09-28;-5.75;-40.25;0.0
2026-09-28;-5.75;-39.75;0.0
2026-09-28;-5.75;-39.25;0.0
2026-09-28;-5.75;-38.75;0.0
2026-09-28;-5.75;-38.25;0.0
2026-09-28;-5.75;-37.75;0.0
2026-09-28;-5.75;-37.25;0.0
2026-09-28;-5.25;-41.25;0.0
2026-09-28;-5.25;-40.75;0.0
2026-09-28;-5.25;-40.25;0.0
2026-09-28;-5.25;-39.75;0.0
2026-09-28;-5.25;-39.25;0.0
2026-09-28;-5.25;-38.75;0.0
2026-09-28;-5.25;-38.25;0.0
2026-09-28;-5.25;-37.75;0.0
2026-09-28;-5.25;-37.25;0.0
2026-09-28;-4.75;-41.25;0.0
2026-09-28;-4.75;-40.75;0.0
2026-09-28;-4.75;-40.25;0.0
2026-09-28;-4.75;-39.75;0.0
2026-09-28;-4.75;-39.25;0.0
2026-09-28;-4.75;-38.75;0.0
2026-09-28;-4.75;-38.25;0.0
2026-09-28;-4.75;-37.75;0.0
2026-09-28;-4.75;-37.25;0.0
2026-09-28;-4.25;-41.25;0.0
2026-09-28;-4.25;-40.75;0.0
2026-09-28;-4.25;-40.25;0.0
2026-09-28;-4.25;-39.75;0.0
2026-09-28;-4.25;-39.25;0.0
2026-09-28;-4.25;-38.75;0.0
2026-09-28;-4.25;-38.25;0.0
2026-09-28;-4.25;-37.75;0.0
2026-09-28;-4.25;-37.25;
2026-09-28;-3.75;-41.25;0.0
2026-09-28;-3.75;-40.75;0.0
2026-09-28;-3.75;-40.25;0.0
2026-09-28;-3.75;-39.75;0.0
2026-09-28;-3.75;-39.25;0.0
2026-09-28;-3.75;-38.75;0.0
2026-09-28;-3.75;-38.25;0.0
2026-09-28;-3.75;-37.75;
2026-09-28;-3.75;-37.25;
2026-09-28;-3.25;-41.25;0.0
2026-09-28;-3.25;-40.75;0.0
2026-09-28;-3.25;-40.25;0.0
2026-09-28;-3.25;-39.75;0.0
2026-09-28;-3.25;-39.25;0.0
2026-09-28;-3.25;-38.75;0.0
2026-09-28;-3.25;-38.25;
2026-09-28;-3.25;-37.75;
2026-09-28;-3.25;-37.25;
2026-09-28;-2.75;-41.25;0.0
2026-09-28;-2.75;-40.75;0.0
2026-09-28;-2.75;-40.25;0.0
2026-09-28;-2.75;-39.75;0.0
2026-09-28;-2.75;-39.25;
2026-09-28;-2.75;-38.75;
2026-09-28;-2.75;-38.25;
2026-09-28;-2.75;-37.75;
2026-09-28;-2.75;-37.25;
2026-09-29;-7.75;-41.25;0.0
2026-09-29;-7.75;-40.75;0.0
2026-09-29;-7.75;-40.25;0.0
2026-09-29;-7.75;-39.75;0.2928658127784729
2026-09-29;-7.75;-39.25;0.0
2026-09-29;-7.75;-38.75;0.0
2026-09-29;-7.75;-38.25;0.0
2026-09-29;-7.75;-37.75;0.0
2026-09-29;-7.75;-37.25;0.0
2026-09-29;-7.25;-41.25;0.0
2026-09-29;-7.25;-40.75;0.0
2026-09-29;-7.25;-40.25;0.0
2026-09-29;-7.25;-39.75;0.0
2026-09-29;-7.25;-39.25;0.0
2026-09-29;-7.25;-38.75;0.0
2026-09-29;-7.25;-38.25;0.0
2026-09-29;-7.25;-37.75;0.0
2026-09-29;-7.25;-37.25;0.0
2026-09-29;-6.75;-41.25;0.0
2026-09-29;-6.75;-40.75;0.0
2026-09-29;-6.75;-40.25;0.0
2026-09-29;-6.75;-39.75;0.0
2026-09-29;-6.75;-39.25;0.0
2026-09-29;-6.75;-38.75;0.0
2026-09-29;-6.75;-38.25;0.0
2026-09-29;-6.75;-37.75;0.0
2026-09-29;-6.75;-37.25;0.0
2026-09-29;-6.25;-41.25;0.0
2026-09-29;-6.25;-40.75;0.0
2026-09-29;-6.25;-40.25;0.0
2026-09-29;-6.25;-39.75;0.0
2026-09-29;-6.25;-39.25;0.0
2026-09-29;-6.25;-38.75;0.0
2026-09-29;-6.25;-38.25;0.0
2026-09-29;-6.25;-37.75;0.0
2026-09-29;-6.25;-37.25;0.0
2026-09-29;-5.75;-41.25;0.0
2026-09-29;-5.75;-40.75;0.0
2026-09-29;-5.75;-40.25;0.0
2026-09-29;-5.75;-39.75;0.0
2026-09-29;-5.75;-39.25;0.0
2026-09-29;-5.75;-38.75;0.0
2026-09-29;-5.75;-38.25;0.0
2026-09-29;-5.75;-37.75;0.0
2026-09-29;-5.75;-37.25;0.0
2026-09-29;-5.25;-41.25;0.0
2026-09-29;-5.25;-40.75;0.0
2026-09-29;-5.25;-40.25;0.0
2026-09-29;-5.25;-39.75;0.0
2026-09-29;-5.25;-39.25;0.0
2026-09-29;-5.25;-38.75;0.0
2026-09-29;-5.25;-38.25;0.0
2026-09-29;-5.25;-37.75;0.0
2026-09-29;-5.25;-37.25;0.0
2026-09-29;-4.75;-41.25;0.0
2026-09-29;-4.75;-40.75;0.0
2026-09-29;-4.75;-40.25;0.0
2026-09-29;-4.75;-39.75;0.0
2026-09-29;-4.75;-39.25;0.0
2026-09-29;-4.75;-38.75;0.0
2026-09-29;-4.75;-38.25;0.0
2026-09-29;-4.75;-37.75;0.0
2026-09-29;-4.75;-37.25;0.0
2026-09-29;-4.25;-41.25;0.0
2026-09-29;-4.25;-40.75;0.0
2026-09-29;-4.25;-40.25;0.0
2026-09-29;-4.25;-39.75;0.0
2026-09-29;-4.25;-39.25;0.0
2026-09-29;-4.25;-38.75;0.0
2026-09-29;-4.25;-38.25;0.0
2026-09-29;-4.25;-37.75;0.0
2026-09-29;-4.25;-37.25;
2026-09-29;-3.75;-41.25;0.0
2026-09-29;-3.75;-40.75;0.0
2026-09-29;-3.75;-40.25;0.0
2026-09-29;-3.75;-39.75;0.0
2026-09-29;-3.75;-39.25;0.0
2026-09-29;-3.75;-38.75;0.0
2026-09-29;-3.75;-38.25;0.0
2026-09-29;-3.75;-37.75;
2026-09-29;-3.75;-37.25;
2026-09-29;-3.25;-41.25;0.0
2026-09-29;-3.25;-40.75;0.0
2026-09-29;-3.25;-40.25;0.0
2026-09-29;-3.25;-39.75;0.0
2026-09-29;-3.25;-39.25;0.0
2026-09-29;-3.25;-38.75;0.0
2026-09-29;-3.25;-38.25;
2026-09-29;-3.25;-37.75;
2026-09-29;-3.25;-37.25;
2026-09-29;-2.75;-41.25;0.0
2026-09-29;-2.75;-40.75;0.0
2026-09-29;-2.75;-40.25;0.0
2026-09-29;-2.75;-39.75;0.0
2026-09-29;-2.75;-39.25;
2026-09-29;-2.75;-38.75;
2026-09-29;-2.75;-38.25;
2026-09-29;-2.75;-37.75;
2026-09-29;-2.75;-37.25;
